,name,year,selling_price,km_driven,owner,fuel_CNG,fuel_Diesel,fuel_Electric,fuel_LPG,fuel_Petrol,seller_type_Dealer,seller_type_Individual,seller_type_Trustmark Dealer,transmission_Automatic,transmission_Manual
0,Maruti 800 AC,2007.0,60000,70000.0,1,0,0,0,0,1,0,1,0,0,1
1,Maruti Wagon R LXI Minor,2007.0,135000,50000.0,1,0,0,0,0,1,0,1,0,0,1
2,Hyundai Verna 1.6 SX,2012.0,600000,100000.0,1,0,1,0,0,0,0,1,0,0,1
3,Datsun RediGO T Option,2017.0,250000,46000.0,1,0,0,0,0,1,0,1,0,0,1
4,Honda Amaze VX i-DTEC,2014.0,450000,141000.0,2,0,1,0,0,0,0,1,0,0,1
5,Maruti Alto LX BSIII,2007.0,140000,125000.0,1,0,0,0,0,1,0,1,0,0,1
6,Hyundai Xcent 1.2 Kappa S,2016.0,550000,25000.0,1,0,0,0,0,1,0,1,0,0,1
7,Tata Indigo Grand Petrol,2014.0,240000,60000.0,2,0,0,0,0,1,0,1,0,0,1
8,Hyundai Creta 1.6 VTVT S,2015.0,850000,25000.0,1,0,0,0,0,1,0,1,0,0,1
9,Maruti Celerio Green VXI,2017.0,365000,78000.0,1,1,0,0,0,0,0,1,0,0,1
10,Chevrolet Sail 1.2 Base,2015.0,260000,35000.0,1,0,0,0,0,1,0,1,0,0,1
11,Tata Indigo Grand Petrol,2014.0,250000,100000.0,1,0,0,0,0,1,0,1,0,0,1
12,Toyota Corolla Altis 1.8 VL CVT,2018.0,1650000,25000.0,1,0,0,0,0,1,1,0,0,1,0
14,Maruti Wagon R LXI Minor,2007.0,135000,50000.0,1,0,1,0,0,0,0,1,0,0,1
17,Honda Amaze VX i-DTEC,2014.0,450000,60000.0,2,0,1,0,0,0,0,1,0,0,1
22,Maruti Celerio Green VXI,2017.0,365000,78000.0,1,0,1,0,0,0,0,1,0,0,1
26,Maruti Ciaz VXi Plus,2015.0,585000,24000.0,1,0,0,0,0,1,1,0,0,0,1
27,Hyundai Venue SX Opt Diesel,2019.0,1195000,5000.0,1,0,1,0,0,0,1,0,0,0,1
28,Chevrolet Enjoy TCDi LTZ 7 Seater,2013.0,390000,33000.0,2,0,1,0,0,0,0,1,0,0,1
29,Jaguar XF 2.2 Litre Luxury,2014.0,1964999,28000.0,1,0,1,0,0,0,1,0,0,1,0
30,Mercedes-Benz New C-Class 220 CDI AT,2013.0,1425000,59000.0,1,0,1,0,0,0,1,0,0,1,0
31,Maruti Vitara Brezza ZDi Plus AMT,2018.0,975000,4500.0,1,0,1,0,0,0,1,0,0,1,0
32,Audi Q5 2.0 TDI,2011.0,1190000,175900.0,1,0,1,0,0,0,1,0,0,1,0
33,Honda City V MT,2018.0,930000,14500.0,1,0,0,0,0,1,1,0,0,0,1
34,Tata Tigor 1.2 Revotron XT,2018.0,525000,15000.0,1,0,0,0,0,1,0,1,0,0,1
35,Audi A6 2.0 TDI  Design Edition,2013.0,1735000,50000.0,1,0,1,0,0,0,1,0,0,1,0
36,Mercedes-Benz New C-Class C 220 CDI Avantgarde,2012.0,1375000,33800.0,2,0,1,0,0,0,1,0,0,1,0
37,Skoda Superb Ambition 2.0 TDI CR AT,2011.0,450000,130400.0,2,0,1,0,0,0,1,0,0,1,0
38,Toyota Corolla Altis G AT,2016.0,900000,50000.0,1,0,0,0,0,1,0,1,0,1,0
39,Toyota Innova 2.5 G (Diesel) 7 Seater,2015.0,1300000,80000.0,1,0,1,0,0,0,0,1,0,0,1
40,Jeep Compass 1.4 Sport Plus BSIV,2019.0,1400000,10000.0,1,0,0,0,0,1,0,1,0,0,1
41,Mercedes-Benz E-Class E 200 CGI Elegance,2010.0,850000,119000.0,1,0,0,0,0,1,1,0,0,1,0
42,Hyundai i10 Magna 1.1L,2014.0,229999,60000.0,4,0,0,0,0,1,0,1,0,0,1
43,BMW 3 Series 320d Sport Line,2013.0,1550000,75800.0,2,0,1,0,0,0,1,0,0,1,0
44,Audi Q7 35 TDI Quattro Premium,2009.0,1250000,78000.0,3,0,1,0,0,0,1,0,0,1,0
45,Hyundai Elantra CRDi S,2012.0,625000,40000.0,1,0,1,0,0,0,0,1,0,0,1
46,Mahindra Scorpio 1.99 S10,2014.0,1050000,50000.0,1,0,1,0,0,0,0,1,0,0,1
47,Honda City i DTEC V,2014.0,560000,74000.0,2,0,1,0,0,0,0,1,0,0,1
48,Maruti Wagon R VXI BS IV with ABS,2014.0,290000,64000.0,2,0,0,0,0,1,0,1,0,0,1
49,Maruti Wagon R VXI BS IV,2012.0,275000,60000.0,2,0,0,0,0,1,0,1,0,0,1
50,Mahindra Scorpio LX,2009.0,411000,120000.0,2,0,1,0,0,0,0,1,0,0,1
51,Hyundai Santro Xing GLS,2009.0,150000,79000.0,3,0,0,0,0,1,0,1,0,0,1
52,Hyundai Grand i10 1.2 Kappa Asta,2019.0,500000,15000.0,1,0,0,0,0,1,0,1,0,0,1
53,Maruti Alto LXi,2006.0,100000,80000.0,1,0,0,0,0,1,0,1,0,0,1
54,Maruti Swift Dzire VDI Optional,2017.0,725000,18500.0,1,0,1,0,0,0,1,0,0,0,1
55,Maruti Eeco 5 Seater AC BSIV,2018.0,401000,10200.0,1,0,0,0,0,1,1,0,0,0,1
56,Hyundai i20 Sportz 1.4 CRDi,2018.0,750000,29000.0,1,0,1,0,0,0,1,0,0,0,1
57,Maruti Omni Maruti Omni MPI STD BSIII 5-STR W/ IMMOBILISER,2018.0,310000,28000.0,1,0,0,0,0,1,1,0,0,0,1
58,Maruti Swift ZDi BSIV,2016.0,665000,46000.0,1,0,1,0,0,0,1,0,0,0,1
59,Hyundai i20 2015-2017 Sportz Option 1.4 CRDi,2014.0,465000,70000.0,1,0,1,0,0,0,0,1,0,0,1
60,Maruti Alto LXi,2012.0,160000,60000.0,2,0,0,0,0,1,0,1,0,0,1
61,Mahindra Jeep CL 500 MDI,1996.0,250000,35000.0,2,0,1,0,0,0,0,1,0,0,1
62,Honda City i DTEC VX,2014.0,675000,90000.0,1,0,1,0,0,0,1,0,0,0,1
63,Maruti Wagon R VXI BS IV,2013.0,300000,80000.0,1,0,0,0,0,1,1,0,0,0,1
64,Tata Indica DLS,2005.0,70000,80000.0,1,0,1,0,0,0,0,1,0,0,1
65,Hyundai EON Magna Plus,2014.0,240000,73300.0,2,0,0,0,0,1,1,0,0,0,1
66,Toyota Etios GD,2014.0,525000,92000.0,1,0,1,0,0,0,1,0,0,0,1
67,Maruti Alto LXi,2009.0,151000,66764.0,2,0,0,0,0,1,1,0,0,0,1
68,Maruti Alto LXi,2009.0,140000,100000.0,1,0,0,0,0,1,0,1,0,0,1
69,Chevrolet Tavera Neo LS B3 - 7(C) seats BSIII,2010.0,280000,350000.0,2,0,1,0,0,0,0,1,0,0,1
70,Toyota Corolla Altis Diesel D4DG,2011.0,350000,60000.0,1,0,1,0,0,0,0,1,0,0,1
71,Mahindra Scorpio 1.99 S6 Plus,2017.0,570000,60000.0,1,0,1,0,0,0,0,1,0,0,1
72,Hyundai EON Magna Plus,2018.0,300000,31000.0,1,0,0,0,0,1,0,1,0,0,1
73,Tata Indigo Classic Dicor,2007.0,100000,39000.0,1,0,1,0,0,0,0,1,0,0,1
74,Toyota Innova 2.5 V Diesel 8-seater,2009.0,500000,120000.0,3,0,1,0,0,0,0,1,0,0,1
75,Tata Indica Vista Quadrajet LS,2014.0,125000,166000.0,4,0,1,0,0,0,0,1,0,0,1
76,Maruti Swift 1.3 VXi,2006.0,130000,110000.0,3,0,0,0,0,1,0,1,0,0,1
77,Ford EcoSport 1.5 Diesel Titanium BSIV,2017.0,925000,35000.0,1,0,1,0,0,0,0,1,0,0,1
78,Maruti Ciaz 1.3 Delta,2018.0,750000,60000.0,1,0,1,0,0,0,0,1,0,0,1
79,Honda Civic 1.8 V AT,2007.0,200000,54000.0,2,0,0,0,0,1,0,1,0,1,0
80,Hyundai i10 Sportz 1.2,2010.0,248000,63000.0,2,0,1,0,0,0,0,1,0,0,1
81,Skoda Rapid 1.5 TDI Elegance,2014.0,450000,120000.0,2,0,1,0,0,0,0,1,0,0,1
82,Hyundai Getz GLS,2005.0,80000,120000.0,3,0,0,0,0,1,0,1,0,0,1
83,Nissan Terrano XL,2014.0,650000,76000.0,2,0,0,0,0,1,0,1,0,0,1
84,Hyundai Grand i10 CRDi Sportz,2015.0,450000,80000.0,1,0,1,0,0,0,0,1,0,0,1
85,Hyundai Elite i20 Diesel Era,2019.0,650000,25000.0,1,0,1,0,0,0,0,1,0,0,1
86,Honda Amaze S i-VTEC,2016.0,495000,11958.0,1,0,0,0,0,1,1,0,0,0,1
87,Honda Brio S MT,2015.0,371000,20000.0,1,0,0,0,0,1,1,0,0,0,1
88,Hyundai Creta 1.6 SX Option,2017.0,1025000,9000.0,1,0,0,0,0,1,1,0,0,0,1
89,Mercedes-Benz S-Class S 350d Connoisseurs Edition,2017.0,8150000,6500.0,1,0,1,0,0,0,1,0,0,1,0
90,Mahindra XUV500 W8 2WD,2015.0,750000,70000.0,1,0,1,0,0,0,0,1,0,0,1
91,Renault Duster 85PS Diesel RxL Optional,2013.0,600000,120000.0,1,0,1,0,0,0,0,1,0,0,1
92,Hyundai Santro Xing XO,2007.0,80000,58000.0,2,0,0,0,0,1,1,0,0,0,1
93,Mahindra Bolero 2011-2019 SLE,2013.0,325000,62200.0,1,0,1,0,0,0,0,1,0,0,1
94,Audi A6 2.0 TDI Premium Plus,2014.0,1470000,34000.0,2,0,1,0,0,0,1,0,0,1,0
95,Fiat Avventura MULTIJET Emotion,2015.0,350000,53000.0,2,0,1,0,0,0,0,1,0,0,1
96,Audi A8 4.2 TDI,2013.0,2800000,60000.0,1,0,1,0,0,0,1,0,0,1,0
97,Datsun RediGO 1.0 S,2017.0,210000,15000.0,2,0,0,0,0,1,1,0,0,0,1
98,Volkswagen Jetta 1.4 TSI Comfortline,2013.0,450000,50000.0,1,0,0,0,0,1,0,1,0,0,1
99,Audi A4 2.0 TDI 177 Bhp Premium Plus,2013.0,1150000,53000.0,1,0,1,0,0,0,1,0,0,1,0
100,Honda Civic 1.8 V AT,2009.0,210000,63500.0,1,0,0,0,0,1,1,0,0,1,0
101,Mercedes-Benz E-Class Exclusive E 200 BSIV,2018.0,4500000,9800.0,1,0,0,0,0,1,1,0,0,1,0
102,BMW X1 sDrive 20d xLine,2017.0,2750000,13000.0,1,0,1,0,0,0,0,1,0,1,0
103,Volvo V40 D3 R Design,2018.0,1975000,21000.0,1,0,1,0,0,0,1,0,0,1,0
104,Maruti SX4 Zxi BSIII,2008.0,175000,29173.0,1,0,0,0,0,1,1,0,0,0,1
105,BMW 7 Series 730Ld,2012.0,2500000,48000.0,1,0,1,0,0,0,1,0,0,1,0
106,Mahindra Bolero Power Plus SLX,2017.0,628000,120000.0,1,0,1,0,0,0,0,1,0,0,1
107,Hyundai Sonata CRDi M/T,2010.0,600000,100000.0,1,0,1,0,0,0,0,1,0,0,1
108,Nissan Micra Active XV Petrol,2017.0,399000,30000.0,1,0,0,0,0,1,0,1,0,0,1
109,Mahindra Xylo D4,2018.0,750000,60000.0,1,0,1,0,0,0,0,1,0,0,1
110,Hyundai Elite i20 Sportz Plus Dual Tone BSIV,2019.0,750000,15000.0,1,0,0,0,0,1,0,1,0,0,1
111,Renault KWID RXT,2017.0,315000,16000.0,1,0,0,0,0,1,0,1,0,0,1
112,Mahindra Xylo E4 BS III,2012.0,600000,60000.0,1,0,1,0,0,0,0,1,0,0,1
113,Maruti Wagon R LXI Minor,2010.0,100000,60000.0,4,0,0,0,0,1,0,1,0,0,1
114,Maruti SX4 ZXI MT BSIV,2011.0,250000,110000.0,3,0,0,0,0,1,0,1,0,0,1
115,Renault KWID RXT,2017.0,350000,25000.0,1,0,0,0,0,1,0,1,0,0,1
116,Hyundai Creta 1.4 CRDi S,2016.0,780000,60000.0,1,0,1,0,0,0,0,1,0,0,1
117,Maruti Swift Dzire VDI,2014.0,434000,79350.0,2,0,1,0,0,0,0,1,0,0,1
118,Hyundai Verna 1.6 VTVT AT S Option,2016.0,690000,80000.0,1,0,0,0,0,1,0,1,0,1,0
119,Mahindra Scorpio LX BSIV,2014.0,555000,90000.0,2,0,1,0,0,0,0,1,0,0,1
120,Maruti SX4 Vxi BSIII,2007.0,120000,60000.0,2,0,0,0,0,1,0,1,0,0,1
121,Maruti Ertiga VDI,2014.0,500000,120000.0,2,0,1,0,0,0,0,1,0,0,1
122,Chevrolet Beat Diesel,2013.0,165000,60000.0,2,0,1,0,0,0,0,1,0,0,1
123,Maruti Zen LX,2004.0,95000,50000.0,1,0,1,0,0,0,0,1,0,0,1
124,Maruti Baleno Delta 1.2,2018.0,550000,20000.0,1,0,0,0,0,1,0,1,0,0,1
125,Maruti Swift Vdi BSIII,2007.0,100000,110000.0,4,0,1,0,0,0,0,1,0,0,1
126,Tata Nano Lx BSIV,2012.0,100000,50000.0,2,0,0,0,0,1,0,1,0,0,1
127,Toyota Innova 2.5 GX (Diesel) 8 Seater,2012.0,500000,100000.0,1,0,1,0,0,0,0,1,0,0,1
128,Maruti Ertiga SHVS VDI,2016.0,800000,70000.0,2,0,1,0,0,0,0,1,0,0,1
129,Hyundai Creta 1.6 CRDi SX,2016.0,840000,70000.0,2,0,1,0,0,0,0,1,0,0,1
130,Honda Amaze S i-Vtech,2016.0,490000,50000.0,1,0,0,0,0,1,0,1,0,0,1
131,Tata Indica Vista Aqua 1.4 TDI,2010.0,125000,81000.0,2,0,1,0,0,0,0,1,0,0,1
132,Chevrolet Tavera Neo 2 LS B4 7 Str BSIII,2012.0,400000,120000.0,3,0,1,0,0,0,0,1,0,0,1
133,Chevrolet Cruze LTZ,2014.0,1000000,3600.0,1,0,1,0,0,0,1,0,0,0,1
134,Ford Figo Aspire 1.2 Ti-VCT Titanium Plus,2015.0,530000,60000.0,1,0,0,0,0,1,1,0,0,0,1
135,Ford EcoSport 1.5 Diesel Titanium Plus BSIV,2017.0,840000,49213.0,1,0,1,0,0,0,1,0,0,0,1
136,Hyundai i10 Sportz 1.1L,2015.0,229999,40000.0,1,0,0,0,0,1,0,1,0,0,1
137,Maruti 800 Std,1998.0,40000,40000.0,4,0,0,0,0,1,0,1,0,0,1
138,Chevrolet Spark 1.0 LS,2012.0,130000,80000.0,1,0,0,0,0,1,0,1,0,0,1
139,Hyundai EON Era Plus,2015.0,200000,70000.0,1,0,0,0,0,1,0,1,0,0,1
140,Tata Indica Vista Aqua TDI BSIII,2011.0,120000,70000.0,1,0,1,0,0,0,0,1,0,0,1
141,Hyundai Santro LP zipPlus,2003.0,75000,57000.0,1,0,1,0,0,0,0,1,0,0,1
142,Tata Bolt Quadrajet XE,2016.0,250000,120000.0,1,0,1,0,0,0,0,1,0,0,1
143,Maruti 800 AC BSIII,2005.0,100000,30000.0,1,0,0,0,0,1,0,1,0,0,1
144,Hyundai EON Era Plus,2013.0,280000,60000.0,2,0,0,0,0,1,0,1,0,0,1
145,Hyundai i20 Magna 1.2,2015.0,540000,5000.0,1,0,0,0,0,1,0,1,0,0,1
146,Hyundai i20 1.2 Asta,2018.0,700000,10000.0,1,0,0,0,0,1,0,1,0,0,1
147,Maruti Ciaz VDi Plus,2015.0,525000,100000.0,1,0,1,0,0,0,0,1,0,0,1
148,Hyundai i20 Asta 1.4 CRDi,2016.0,430000,80000.0,1,0,1,0,0,0,0,1,0,0,1
149,Hyundai Santro LE,2002.0,65000,60000.0,1,0,0,0,0,1,0,1,0,0,1
150,Maruti Vitara Brezza VDi,2018.0,800000,35000.0,1,0,1,0,0,0,0,1,0,0,1
151,Hyundai Santro Xing XL eRLX Euro III,2007.0,75000,60000.0,2,0,0,0,0,1,0,1,0,0,1
152,Hyundai Getz 1.3 GLS,2008.0,210000,53772.0,1,0,0,0,0,1,0,1,0,0,1
153,Mahindra Quanto C8,2012.0,195000,140000.0,2,0,1,0,0,0,0,1,0,0,1
154,Chevrolet Tavera Neo 3 LS 7 C BSIII,2015.0,400000,120000.0,1,0,1,0,0,0,0,1,0,0,1
155,Hyundai EON Magna Plus,2012.0,170000,60000.0,1,0,0,0,0,1,0,1,0,0,1
156,Renault KWID RXT,2016.0,225000,25000.0,1,0,0,0,0,1,0,1,0,0,1
157,Maruti Wagon R DUO LPG,2014.0,210000,60000.0,1,0,0,0,1,0,0,1,0,0,1
158,Maruti Wagon R LXI,2020.0,240000,120000.0,1,0,0,0,0,1,0,1,0,0,1
159,Chevrolet Enjoy 1.3 TCDi LS 8,2015.0,300000,175000.0,1,0,1,0,0,0,0,1,0,0,1
160,Chevrolet Spark 1.0 LS,2011.0,99000,100000.0,3,0,0,0,0,1,0,1,0,0,1
161,Honda City i VTEC SV,2014.0,620000,36000.0,1,0,0,0,0,1,0,1,0,0,1
162,Honda Amaze VX i-DTEC,2013.0,500000,30000.0,1,0,1,0,0,0,0,1,0,0,1
163,Jaguar XJ 5.0 L V8 Supercharged,2010.0,2550000,40000.0,2,0,0,0,0,1,0,1,0,1,0
164,Honda Brio E MT,2013.0,260000,70000.0,2,0,0,0,0,1,0,1,0,0,1
165,Maruti Swift VVT ZXI,2017.0,550000,60000.0,1,0,0,0,0,1,0,1,0,0,1
166,Tata Indigo CR4,2011.0,150000,155500.0,1,0,1,0,0,0,0,1,0,0,1
167,Hyundai i10 Asta AT,2011.0,350000,50000.0,2,0,0,0,0,1,0,1,0,1,0
168,Chevrolet Beat LT,2016.0,320000,40000.0,1,0,0,0,0,1,0,1,0,0,1
169,Maruti Swift VDI BSIV,2015.0,400000,100000.0,3,0,1,0,0,0,0,1,0,0,1
170,Maruti Alto LXi,2012.0,175000,80000.0,3,0,0,0,0,1,0,1,0,0,1
171,Chevrolet Beat LT,2011.0,120000,90000.0,2,0,0,0,0,1,0,1,0,0,1
172,Renault Duster 110PS Diesel RxZ,2013.0,320000,90000.0,2,0,1,0,0,0,0,1,0,0,1
173,Hyundai Santro Xing XG,2006.0,70000,110000.0,3,0,0,0,0,1,0,1,0,0,1
174,Maruti Swift Dzire ZXI Plus,2019.0,810000,15000.0,1,0,0,0,0,1,0,1,0,0,1
175,Maruti 800 AC,2007.0,95000,60000.0,2,0,0,0,0,1,0,1,0,0,1
176,Maruti Alto K10 LXI CNG,2020.0,282000,40000.0,1,1,0,0,0,0,0,1,0,0,1
177,Maruti 800 Std BSII,2004.0,80000,60000.0,2,0,0,0,0,1,0,1,0,0,1
178,Tata Nano LX SE,2013.0,72000,25000.0,1,0,0,0,0,1,0,1,0,0,1
179,Hyundai i20 Magna 1.2,2016.0,600000,25000.0,1,0,0,0,0,1,0,1,0,0,1
180,Skoda Rapid 1.6 MPI Ambition With Alloy Wheel,2015.0,640000,23000.0,1,0,0,0,0,1,0,1,0,0,1
181,Maruti Alto K10 VXI,2018.0,380000,22155.0,1,0,0,0,0,1,0,1,0,0,1
182,Maruti Ciaz 1.4 Delta,2018.0,650000,70000.0,1,0,0,0,0,1,0,1,0,0,1
183,Maruti Alto LX,2009.0,150000,60000.0,2,0,0,0,0,1,0,1,0,0,1
184,Hyundai i20 Asta,2009.0,280000,110000.0,2,0,0,0,0,1,0,1,0,0,1
185,Tata Nexon 1.2 Revotron XM,2018.0,430000,30000.0,1,0,0,0,0,1,0,1,0,0,1
186,Mahindra Bolero Power Plus SLX,2019.0,800000,15000.0,1,0,1,0,0,0,0,1,0,0,1
187,Maruti Zen D,2003.0,75000,100000.0,2,0,1,0,0,0,0,1,0,0,1
188,Volkswagen Vento Celeste 1.5 TDI Highline AT,2016.0,650000,70000.0,1,0,1,0,0,0,0,1,0,1,0
189,Maruti Eeco 7 Seater Standard BSIV,2017.0,390000,24000.0,1,0,0,0,0,1,0,1,0,0,1
190,Honda City 1.5 EXI,2005.0,100000,120000.0,2,0,0,0,0,1,0,1,0,0,1
191,Mercedes-Benz New C-Class 220 CDI AT,2013.0,1500000,35000.0,1,0,1,0,0,0,0,1,0,1,0
192,Maruti SX4 Zxi with Leather BSIII,2007.0,175000,78380.0,1,0,0,0,0,1,0,1,0,0,1
193,Renault Duster 110PS Diesel RxZ,2012.0,434999,110000.0,2,0,1,0,0,0,0,1,0,0,1
194,Ford Figo Diesel Titanium,2010.0,170000,90000.0,3,0,1,0,0,0,0,1,0,0,1
195,Ford Figo Diesel Titanium,2011.0,190000,90000.0,3,0,1,0,0,0,0,1,0,0,1
196,Maruti Swift Dzire VDi,2009.0,250000,150000.0,3,0,1,0,0,0,0,1,0,0,1
197,Mahindra Xylo E4,2009.0,229999,230000.0,3,0,1,0,0,0,0,1,0,0,1
198,Maruti Esteem Vxi - BSIII,2006.0,140000,70000.0,3,0,0,0,0,1,0,1,0,0,1
199,Maruti Swift VDI BSIV,2017.0,600000,80362.0,1,0,1,0,0,0,0,1,0,0,1
200,Hyundai i20 1.2 Sportz,2012.0,280000,110000.0,3,0,0,0,0,1,0,1,0,0,1
201,Chevrolet Beat Diesel LT,2012.0,150000,60000.0,1,0,1,0,0,0,0,1,0,0,1
202,Chevrolet Cruze LTZ AT,2015.0,650000,50000.0,1,0,1,0,0,0,0,1,0,1,0
203,Nissan Micra XL,2014.0,210000,40000.0,2,0,0,0,0,1,0,1,0,0,1
204,BMW 5 Series 520d Luxury Line,2017.0,2900000,40000.0,1,0,1,0,0,0,0,1,0,1,0
205,Chevrolet Enjoy 1.3 TCDi LS 8,2013.0,425000,20000.0,1,0,1,0,0,0,1,0,0,0,1
206,Hyundai EON Era Plus Option,2014.0,265000,55000.0,1,0,0,0,0,1,1,0,0,0,1
207,Fiat Linea T Jet Emotion,2018.0,890000,1136.0,1,0,0,0,0,1,1,0,0,0,1
208,Renault Scala RxL,2013.0,365000,55000.0,1,0,0,0,0,1,1,0,0,0,1
209,Ford Figo Petrol Titanium,2014.0,350000,43000.0,1,0,0,0,0,1,1,0,0,0,1
210,Maruti Ciaz ZDi SHVS,2016.0,685000,60000.0,1,0,1,0,0,0,0,1,0,0,1
211,Skoda Rapid 1.5 TDI Ambition BSIV,2018.0,940000,2650.0,1,0,1,0,0,0,1,0,0,0,1
212,Mahindra XUV500 W6 2WD,2017.0,1000000,40000.0,1,0,1,0,0,0,0,1,0,0,1
213,Mahindra XUV300 W8 Option,2019.0,1150000,15000.0,1,0,0,0,0,1,1,0,0,0,1
214,Maruti Ertiga SHVS ZDI,2016.0,450000,115962.0,2,0,1,0,0,0,0,1,0,0,1
215,Nissan Terrano XE D,2015.0,590000,65000.0,1,0,1,0,0,0,1,0,0,0,1
216,Maruti S-Cross Facelift,2017.0,800000,40000.0,1,0,1,0,0,0,0,1,0,0,1
217,Hyundai i20 Magna 1.4 CRDi (Diesel),2012.0,385000,58000.0,1,0,1,0,0,0,1,0,0,0,1
218,Mercedes-Benz New C-Class C 220 CDI BE Avantgare,2013.0,2000000,15000.0,1,0,1,0,0,0,0,1,0,1,0
219,Hyundai EON Era Plus,2012.0,235000,54000.0,1,0,0,0,0,1,1,0,0,0,1
220,Volkswagen Ameo 1.5 TDI Highline,2017.0,640000,56000.0,1,0,1,0,0,0,1,0,0,0,1
221,Maruti Alto LX,2006.0,52000,120000.0,3,0,1,0,0,0,0,1,0,0,1
222,Maruti Omni LPG CARGO BSIII W IMMOBILISER,2009.0,80000,90000.0,2,0,1,0,0,0,0,1,0,0,1
223,Maruti Alto LX,2012.0,140000,70000.0,2,0,0,0,0,1,0,1,0,0,1
224,Hyundai Verna i (Petrol),2008.0,120000,90000.0,2,0,0,0,0,1,0,1,0,0,1
225,Mahindra Renault Logan 1.5 DLS,2008.0,89999,213000.0,1,0,1,0,0,0,0,1,0,0,1
226,Chevrolet Optra Magnum 2.0 LS BSIII,2012.0,180000,120000.0,1,0,1,0,0,0,0,1,0,0,1
227,Mahindra Scorpio S11 BSIV,2017.0,1500000,20000.0,1,0,1,0,0,0,0,1,0,0,1
228,Hyundai i20 Active 1.2 SX,2017.0,700000,10000.0,1,0,0,0,0,1,0,1,0,0,1
229,Maruti SX4 Celebration Diesel,2012.0,285000,80000.0,2,0,1,0,0,0,0,1,0,0,1
230,Hyundai Grand i10 Magna,2015.0,390000,90000.0,1,0,0,0,0,1,0,1,0,0,1
231,Maruti Alto LXi BSIII,2008.0,125000,80000.0,1,0,0,0,0,1,0,1,0,0,1
232,Maruti SX4 Zxi with Leather BSIII,2008.0,225000,60000.0,2,0,0,0,0,1,0,1,0,0,1
233,Hyundai i10 Era,2011.0,175000,139000.0,2,0,0,0,0,1,0,1,0,0,1
234,Toyota Innova 2.5 V Diesel 7-seater,2011.0,1075000,160000.0,2,0,1,0,0,0,0,1,0,0,1
235,Honda Mobilio V i DTEC,2014.0,300000,150000.0,1,0,1,0,0,0,0,1,0,0,1
236,Toyota Innova 2.5 G (Diesel) 7 Seater BS IV,2010.0,700000,163000.0,4,0,1,0,0,0,0,1,0,0,1
237,Tata Indica V2 2001-2011 DLS BSIII,2009.0,90000,120000.0,1,0,1,0,0,0,1,0,0,0,1
238,Tata Indica Vista TDI LS,2011.0,120000,120000.0,2,0,1,0,0,0,0,1,0,0,1
239,Chevrolet Beat Diesel LS,2012.0,220000,100000.0,2,0,1,0,0,0,0,1,0,0,1
240,Tata Zest Quadrajet 1.3 75PS XE,2015.0,300000,140000.0,1,0,1,0,0,0,1,0,0,0,1
241,Skoda Fabia 1.2L Diesel Ambiente,2010.0,180000,87000.0,2,0,1,0,0,0,1,0,0,0,1
242,Maruti 800 Std,2013.0,170000,70000.0,1,0,0,0,0,1,0,1,0,0,1
243,Ford Figo Petrol Titanium,2015.0,300000,50000.0,2,0,0,0,0,1,0,1,0,0,1
244,Toyota Innova 2.5 VX (Diesel) 8 Seater,2014.0,1050000,70000.0,1,0,1,0,0,0,0,1,0,0,1
246,Hyundai Grand i10 1.2 CRDi Asta,2018.0,465000,25000.0,1,0,1,0,0,0,0,1,0,0,1
247,Chevrolet Beat Diesel LT,2011.0,130000,80000.0,2,0,1,0,0,0,0,1,0,0,1
248,Datsun GO Plus T Option Petrol,2018.0,434999,10000.0,1,0,0,0,0,1,0,1,0,0,1
249,Hyundai Grand i10 1.2 Kappa Asta,2018.0,500000,32000.0,1,0,0,0,0,1,0,1,0,0,1
250,Maruti Omni MPI STD BSIV,2018.0,200000,10000.0,1,0,0,0,0,1,0,1,0,0,1
251,Maruti Baleno Alpha 1.2,2017.0,625000,52000.0,1,0,0,0,0,1,1,0,0,0,1
252,Ford Fiesta Classic 1.4 SXI Duratorq,2006.0,110000,120000.0,3,0,1,0,0,0,0,1,0,0,1
253,Hyundai Elite i20 Asta Option BSIV,2019.0,800000,11240.0,1,0,0,0,0,1,0,1,0,0,1
254,Hyundai Grand i10 CRDi Magna,2017.0,490000,66000.0,1,0,1,0,0,0,1,0,0,0,1
255,Maruti Ertiga SHVS ZDI,2017.0,880000,64000.0,1,0,1,0,0,0,1,0,0,0,1
256,Hyundai Santro Xing GL Plus,2013.0,290000,49000.0,1,0,0,0,0,1,0,1,0,0,1
257,Tata Sumo GX TC 7 Str BSIII,2006.0,115999,100000.0,2,0,1,0,0,0,0,1,0,0,1
258,Renault KWID RXT,2018.0,360000,26500.0,1,0,0,0,0,1,0,1,0,0,1
259,Maruti 800 AC,2002.0,65000,100000.0,2,0,0,0,0,1,0,1,0,0,1
260,Maruti Vitara Brezza LDi Option,2017.0,685000,72000.0,1,0,1,0,0,0,1,0,0,0,1
261,Honda Jazz S,2009.0,300000,50000.0,1,0,0,0,0,1,0,1,0,0,1
262,Hyundai i20 1.4 Sportz,2017.0,680000,44000.0,1,0,1,0,0,0,1,0,0,0,1
263,Maruti Ertiga SHVS ZDI Plus,2017.0,1000000,60000.0,2,0,1,0,0,0,0,1,0,0,1
264,Tata Sumo SE Plus BSIII,2002.0,100000,120000.0,1,0,1,0,0,0,0,1,0,0,1
265,Mahindra Xylo E4,2010.0,160000,130000.0,1,0,1,0,0,0,0,1,0,0,1
266,Maruti Swift ZDi BSIV,2017.0,450000,70000.0,1,0,1,0,0,0,0,1,0,0,1
267,Maruti Ertiga VXI,2014.0,600000,20000.0,1,0,0,0,0,1,0,1,0,0,1
268,Hyundai i20 1.4 Magna ABS,2009.0,180000,60000.0,2,0,1,0,0,0,0,1,0,0,1
269,Maruti Alto LXi,2007.0,100000,195000.0,1,0,0,0,0,1,0,1,0,0,1
270,Maruti Alto LXi,2010.0,120000,90000.0,2,0,0,0,0,1,0,1,0,0,1
271,Hyundai Getz GL,2006.0,130000,80000.0,3,0,0,0,0,1,0,1,0,0,1
272,Maruti Wagon R LX BS IV,2011.0,160000,155000.0,1,0,0,0,0,1,0,1,0,0,1
273,Mahindra Bolero Power Plus SLX,2019.0,860000,35000.0,1,0,1,0,0,0,0,1,0,0,1
274,Hyundai i20 1.2 Spotz,2018.0,650000,60000.0,2,0,0,0,0,1,0,1,0,0,1
275,Maruti Wagon R LXI Minor,2010.0,100000,80000.0,2,0,0,0,0,1,0,1,0,0,1
276,Maruti Alto 800 VXI,2017.0,282000,20000.0,1,0,0,0,0,1,0,1,0,0,1
277,Hyundai i20 Asta (o),2009.0,300000,50000.0,1,0,0,0,0,1,0,1,0,0,1
278,Hyundai i20 Asta,2010.0,270000,110000.0,2,0,0,0,0,1,0,1,0,0,1
279,Hyundai Verna 1.6 SX CRDi (O),2013.0,550000,29000.0,1,0,1,0,0,0,0,1,0,0,1
280,Mahindra Xylo D2 BSIV,2013.0,450000,120000.0,1,0,1,0,0,0,0,1,0,0,1
281,Mahindra Bolero SLX 2WD BSIII,2011.0,430000,70000.0,2,0,1,0,0,0,0,1,0,0,1
282,Maruti Ertiga VXI ABS,2013.0,350000,40000.0,1,0,0,0,0,1,0,1,0,0,1
283,Honda Brio 1.2 E MT,2017.0,350000,20000.0,1,0,0,0,0,1,0,1,0,0,1
284,Toyota Etios Liva G,2013.0,229999,50000.0,2,0,0,0,0,1,0,1,0,0,1
285,Maruti Alto 800 LXI,2013.0,110000,50000.0,1,0,0,0,0,1,0,1,0,0,1
286,Maruti Swift Dzire 1.2 Vxi BSIV,2012.0,395000,49000.0,2,0,0,0,0,1,0,1,0,0,1
287,Mahindra Scorpio VLS AT 2.2 mHAWK,2011.0,650000,60000.0,2,0,1,0,0,0,0,1,0,1,0
288,Mahindra Bolero SLX,2011.0,350000,90000.0,2,0,1,0,0,0,0,1,0,0,1
289,Mahindra XUV500 W11 Option AWD,2020.0,1400000,25000.0,1,0,1,0,0,0,1,0,0,0,1
290,Tata Tiago 1.2 Revotron XZ,2018.0,360000,60000.0,1,0,0,0,0,1,0,1,0,0,1
291,Mahindra Marazzo M8 8Str,2018.0,1300000,10000.0,1,0,1,0,0,0,0,1,0,0,1
292,Renault Duster 110PS Diesel RxL,2015.0,800000,15000.0,1,0,1,0,0,0,0,1,0,0,1
293,Hyundai EON Magna Plus,2018.0,229999,30000.0,1,0,0,0,0,1,0,1,0,0,1
294,Maruti Wagon R VXI,2014.0,315000,41000.0,1,0,0,0,0,1,1,0,0,0,1
295,Chevrolet Spark 1.0 LT,2012.0,125000,28000.0,1,0,0,0,0,1,0,1,0,0,1
296,Maruti Baleno Alpha,2019.0,700000,60000.0,1,0,0,0,0,1,0,1,0,0,1
297,Hyundai EON 1.0 Kappa Magna Plus,2015.0,160000,70000.0,1,0,0,0,0,1,0,1,0,0,1
298,Ford Figo Aspire 1.2 Ti-VCT Trend,2017.0,530000,10832.0,1,0,0,0,0,1,1,0,0,0,1
299,Ford Figo Aspire Facelift,2018.0,624000,14681.0,1,0,1,0,0,0,1,0,0,0,1
300,Hyundai i10 Era,2009.0,250000,50000.0,1,0,0,0,0,1,0,1,0,0,1
301,Mahindra Bolero SLX,2016.0,585000,51000.0,1,0,1,0,0,0,1,0,0,0,1
302,Hyundai Verna 1.4 VTVT,2015.0,500000,25000.0,1,0,0,0,0,1,0,1,0,0,1
303,Chevrolet Sail 1.2 LT ABS,2014.0,350000,30000.0,1,0,0,0,0,1,0,1,0,0,1
304,Honda City i-DTEC SV,2014.0,495000,80000.0,1,0,1,0,0,0,1,0,0,0,1
305,Hyundai Grand i10 1.2 Kappa Asta,2017.0,500000,60000.0,1,0,0,0,0,1,0,1,0,0,1
306,Mahindra Bolero Power Plus Plus AC BSIV PS,2015.0,430000,200000.0,1,0,1,0,0,0,0,1,0,0,1
307,Hyundai Grand i10 1.2 Kappa Sportz Option,2013.0,345000,44000.0,1,0,0,0,0,1,1,0,0,0,1
308,Maruti Baleno Sigma 1.2,2015.0,500000,60000.0,1,0,0,0,0,1,0,1,0,0,1
309,Tata Tiago 1.2 Revotron XZ,2019.0,425000,60000.0,1,0,0,0,0,1,0,1,0,0,1
310,Maruti Wagon R LXI,2005.0,80000,40000.0,2,0,0,0,0,1,0,1,0,0,1
311,Chevrolet Beat Diesel LS,2011.0,106000,50000.0,1,0,1,0,0,0,0,1,0,0,1
312,Maruti A-Star Vxi,2009.0,180000,46730.0,1,0,0,0,0,1,0,1,0,0,1
313,Datsun GO A,2015.0,250000,40000.0,2,0,0,0,0,1,0,1,0,0,1
314,Skoda Yeti Ambition 4WD,2011.0,350000,80000.0,1,0,1,0,0,0,0,1,0,0,1
315,Maruti Zen LXi BSII,2002.0,60000,80000.0,2,0,0,0,0,1,0,1,0,0,1
316,Hyundai Verna CRDi 1.6 EX,2018.0,900000,24000.0,1,0,1,0,0,0,0,1,0,0,1
317,Ford Aspire Titanium Diesel BSIV,2017.0,700000,21170.0,1,0,1,0,0,0,1,0,0,0,1
318,BMW 3 Series 320d Sport,2013.0,2000000,167223.0,1,0,1,0,0,0,1,0,0,1,0
319,Maruti Ertiga SHVS ZDI Plus,2017.0,1000000,40000.0,1,0,1,0,0,0,0,1,0,0,1
320,BMW X1 sDrive 20d Exclusive,2011.0,1375000,60000.0,1,0,1,0,0,0,0,1,0,1,0
321,Toyota Innova Crysta 2.4 VX MT,2016.0,1800000,141440.0,1,0,1,0,0,0,1,0,0,0,1
322,Chevrolet Tavera Neo 3 10 Seats BSIV,2007.0,160000,120000.0,3,0,1,0,0,0,0,1,0,0,1
323,Mitsubishi Outlander 2.4,2012.0,525000,140000.0,1,0,0,0,0,1,0,1,0,1,0
324,Mahindra XUV500 W8 2WD,2012.0,850000,212814.0,1,0,1,0,0,0,1,0,0,0,1
325,Maruti Baleno Alpha 1.3,2019.0,800000,30000.0,1,0,1,0,0,0,0,1,0,0,1
326,Ford Figo Aspire 1.5 TDCi Titanium,2017.0,700000,88635.0,1,0,1,0,0,0,1,0,0,0,1
327,Maruti Swift Dzire VDI,2018.0,800000,25000.0,1,0,1,0,0,0,0,1,0,0,1
328,Hyundai i20 1.2 Spotz,2017.0,575000,20000.0,2,0,0,0,0,1,0,1,0,0,1
329,Renault Duster 110PS Diesel RxZ,2012.0,350000,110000.0,2,0,1,0,0,0,0,1,0,0,1
330,Maruti Swift Vdi BSIII,2008.0,250000,120000.0,3,0,1,0,0,0,0,1,0,0,1
331,Ford Endeavour Titanium 4X2,2011.0,600000,149674.0,2,0,1,0,0,0,1,0,0,0,1
332,Mahindra Scorpio 2.6 Turbo 9 Str,2007.0,370000,100000.0,3,0,1,0,0,0,0,1,0,0,1
333,Maruti Baleno Vxi,2006.0,80000,120000.0,3,0,0,0,0,1,0,1,0,0,1
334,Tata Indica DLX,2003.0,50000,120000.0,2,0,1,0,0,0,0,1,0,0,1
335,Hyundai Verna CRDi 1.6 EX,2018.0,900000,25000.0,1,0,1,0,0,0,0,1,0,0,1
336,Maruti Wagon R VXI BS IV,2014.0,300000,35000.0,2,0,0,0,0,1,0,1,0,0,1
337,Tata Indica LSI,2002.0,125000,40000.0,1,0,0,0,0,1,0,1,0,0,1
338,Maruti Swift Dzire VDI,2015.0,490000,60000.0,2,0,1,0,0,0,0,1,0,0,1
339,Toyota Etios Liva GD,2012.0,300000,50000.0,2,0,1,0,0,0,0,1,0,0,1
340,Tata Nano STD,2013.0,55000,25000.0,4,0,0,0,0,1,0,1,0,0,1
341,Hyundai Grand i10 Sportz,2016.0,350000,25000.0,1,0,0,0,0,1,0,1,0,0,1
342,Hyundai Grand i10 1.2 CRDi Asta,2019.0,755000,8000.0,1,0,1,0,0,0,0,1,0,0,1
343,Maruti Ertiga SHVS VDI,2017.0,720000,60000.0,1,0,1,0,0,0,0,1,0,0,1
344,Mahindra Bolero SLX,2006.0,229999,200000.0,3,0,1,0,0,0,0,1,0,0,1
345,Mahindra Scorpio S7 140 BSIV,2018.0,1100000,20000.0,1,0,1,0,0,0,0,1,0,0,1
346,Volkswagen Polo Petrol Comfortline 1.2L,2013.0,400000,100000.0,1,0,0,0,0,1,0,1,0,0,1
347,Hyundai Xcent 1.1 CRDi Base,2015.0,350000,70000.0,2,0,1,0,0,0,0,1,0,0,1
348,Chevrolet Beat Diesel PS,2012.0,159000,68000.0,1,0,1,0,0,0,1,0,0,0,1
349,Maruti Swift ZXi BSIV,2017.0,550000,38000.0,1,0,0,0,0,1,1,0,0,0,1
350,Maruti Ritz VDi,2013.0,335000,80000.0,1,0,1,0,0,0,1,0,0,0,1
351,Tata Indigo CS Emax CNG GLX,2014.0,185000,72000.0,1,1,0,0,0,0,1,0,0,0,1
352,Maruti Eeco 5 STR With AC Plus HTR CNG,2012.0,229999,75000.0,1,1,0,0,0,0,1,0,0,0,1
353,Maruti Estilo LXI,2014.0,225000,43000.0,1,0,0,0,0,1,1,0,0,0,1
354,Maruti Swift VXI with ABS,2007.0,250000,120000.0,2,0,0,0,0,1,0,1,0,0,1
355,Tata Zest Quadrajet 1.3 XM,2015.0,400000,100000.0,1,0,1,0,0,0,0,1,0,0,1
356,Maruti Swift VDI BSIV,2014.0,470000,163000.0,1,0,1,0,0,0,0,1,0,0,1
357,Maruti Alto K10 VXI AGS Optional,2018.0,300000,25000.0,1,0,0,0,0,1,0,1,0,1,0
358,Maruti Alto LX,2011.0,145000,25000.0,1,0,0,0,0,1,0,1,0,0,1
359,Maruti SX4 Vxi BSIII,2007.0,100000,90000.0,2,0,0,0,0,1,0,1,0,0,1
360,Mahindra Scorpio SLE BSIV,2014.0,500000,70000.0,2,0,1,0,0,0,0,1,0,0,1
361,Hyundai Santro Xing GLS CNG,2010.0,130000,98000.0,2,1,0,0,0,0,0,1,0,0,1
362,Chevrolet Cruze LTZ,2010.0,240000,81925.0,1,0,1,0,0,0,0,1,0,0,1
363,Ford Figo Diesel Celebration Edition,2013.0,150000,80000.0,2,0,1,0,0,0,0,1,0,0,1
364,Renault KWID RXT Optional,2017.0,270000,40000.0,1,0,0,0,0,1,0,1,0,0,1
365,Maruti Swift Dzire VDI,2014.0,400000,90000.0,1,0,1,0,0,0,0,1,0,0,1
366,Hyundai EON Era Plus,2012.0,200000,46000.0,1,0,0,0,0,1,0,1,0,0,1
367,Mahindra XUV500 W6 2WD,2012.0,550000,80000.0,1,0,1,0,0,0,0,1,0,0,1
368,Renault KWID 1.0 RXT Optional,2018.0,325000,35000.0,1,0,0,0,0,1,0,1,0,0,1
369,Skoda Rapid 1.5 TDI AT Style BSIV,2017.0,860000,82080.0,1,0,1,0,0,0,0,1,0,1,0
370,Mahindra XUV500 W8 2WD,2012.0,600000,200000.0,1,0,1,0,0,0,0,1,0,0,1
371,Chevrolet Spark 1.0,2009.0,125000,60000.0,1,0,0,0,0,1,0,1,0,0,1
372,Maruti 800 AC,2000.0,60000,40000.0,3,0,0,0,0,1,0,1,0,0,1
373,Chevrolet Tavera Neo 3 10 Seats BSIV,2010.0,300000,120000.0,3,0,1,0,0,0,0,1,0,0,1
374,Ford Fiesta 1.6 ZXi Duratec,2007.0,190000,60000.0,3,0,0,0,0,1,0,1,0,0,1
375,Maruti Ertiga VDI,2013.0,400000,110000.0,1,0,1,0,0,0,0,1,0,0,1
376,Tata Manza Aura Quadrajet BS IV,2011.0,260000,97000.0,2,0,1,0,0,0,0,1,0,0,1
377,Maruti Swift VVT VXI,2017.0,400000,30000.0,1,0,0,0,0,1,0,1,0,0,1
378,Hyundai i20 Sportz Petrol,2010.0,250000,40000.0,1,0,0,0,0,1,0,1,0,0,1
379,Hyundai Grand i10 1.2 Kappa Asta,2019.0,600000,10000.0,1,0,0,0,0,1,0,1,0,0,1
380,Maruti Zen Estilo VXI BSIV,2010.0,175000,52047.0,1,0,0,0,0,1,0,1,0,0,1
381,Toyota Innova 2.5 G (Diesel) 8 Seater BS IV,2011.0,450000,200000.0,3,0,1,0,0,0,0,1,0,0,1
382,Tata Tiago 1.2 Revotron XZA,2019.0,350000,15000.0,2,0,0,0,0,1,0,1,0,1,0
383,Maruti Vitara Brezza ZDi,2018.0,800000,50000.0,1,0,1,0,0,0,0,1,0,0,1
384,Maruti Swift VXI BSIII,2011.0,250000,70000.0,2,0,0,0,0,1,0,1,0,0,1
385,Maruti Swift VXI BSIV,2019.0,600000,10000.0,1,0,0,0,0,1,0,1,0,0,1
386,Maruti Swift VDI BSIV,2017.0,600000,90000.0,1,0,1,0,0,0,0,1,0,0,1
387,Maruti Alto 800 LXI,2016.0,130000,40000.0,1,0,0,0,0,1,0,1,0,0,1
388,Maruti Wagon R LXI,2006.0,90000,62009.0,2,0,0,0,0,1,0,1,0,0,1
389,Hyundai i20 Active 1.2 S,2017.0,595000,33100.0,2,0,0,0,0,1,0,1,0,0,1
390,Hyundai EON Era Plus,2014.0,190000,40000.0,2,0,0,0,0,1,0,1,0,0,1
391,Hyundai Santro GLS I - Euro I,1999.0,50000,120000.0,2,0,0,0,0,1,0,1,0,0,1
392,Maruti Wagon R LXI Minor,2007.0,95000,80000.0,1,0,0,0,0,1,0,1,0,0,1
393,Tata Safari Storme VX,2016.0,1000000,70000.0,1,0,1,0,0,0,0,1,0,0,1
394,Mahindra Scorpio REV 116,2006.0,220000,220000.0,2,0,0,0,0,1,0,1,0,0,1
395,Mahindra Bolero SLX,2010.0,400000,50000.0,1,0,1,0,0,0,0,1,0,0,1
396,Datsun GO Plus A,2015.0,315000,45000.0,2,0,0,0,0,1,0,1,0,0,1
397,Toyota Fortuner 4x4 MT,2014.0,1000000,110000.0,1,0,1,0,0,0,0,1,0,0,1
398,Ford Ecosport 1.5 DV5 MT Titanium,2014.0,500000,49000.0,1,0,1,0,0,0,0,1,0,0,1
399,Mahindra XUV500 W11 AT BSIV,2018.0,1600000,35000.0,1,0,1,0,0,0,0,1,0,1,0
400,Mahindra Supro VX 8 Str,2017.0,500000,160000.0,1,0,1,0,0,0,0,1,0,0,1
401,Maruti Alto LX,2007.0,70000,180000.0,3,0,0,0,0,1,0,1,0,0,1
402,Maruti 800 AC,2007.0,105000,60000.0,2,0,0,0,0,1,0,1,0,0,1
403,Ford Endeavour 2.5L 4X2 MT,2008.0,400000,110000.0,3,0,1,0,0,0,0,1,0,0,1
404,Maruti Wagon R LXI,2004.0,80000,60000.0,3,0,0,0,0,1,0,1,0,0,1
405,Maruti Alto 800 VXI,2016.0,300000,30000.0,1,0,0,0,0,1,0,1,0,0,1
406,Mahindra KUV 100 D75 K2,2017.0,409999,40000.0,1,0,1,0,0,0,0,1,0,0,1
407,Maruti Swift Glam,2009.0,250000,70000.0,1,0,0,0,0,1,0,1,0,0,1
408,Tata New Safari DICOR 2.2 EX 4x2,2010.0,250000,120000.0,2,0,1,0,0,0,0,1,0,0,1
409,Maruti Swift Dzire VDI,2012.0,215000,80000.0,3,0,1,0,0,0,0,1,0,0,1
410,Toyota Fortuner 4x4 MT,2015.0,1400000,120000.0,1,0,1,0,0,0,0,1,0,0,1
411,Honda Brio 1.2 VX MT,2018.0,475000,20000.0,1,0,0,0,0,1,0,1,0,0,1
412,Honda Brio 1.2 VX MT,2018.0,475000,22000.0,1,0,0,0,0,1,0,1,0,0,1
413,Chevrolet Spark 1.0 LS,2008.0,75000,35000.0,2,0,0,0,0,1,0,1,0,0,1
414,Chevrolet Sail Hatchback LS ABS,2013.0,200000,60000.0,2,0,1,0,0,0,0,1,0,0,1
415,Tata Tiago NRG Petrol,2019.0,575000,8000.0,1,0,0,0,0,1,0,1,0,0,1
416,Maruti Ritz VDi,2011.0,150000,40000.0,2,0,1,0,0,0,0,1,0,0,1
417,Maruti Vitara Brezza ZDi Plus,2018.0,850000,10000.0,1,0,1,0,0,0,0,1,0,0,1
418,Hyundai Santro Era,2019.0,350000,30000.0,1,0,0,0,0,1,0,1,0,0,1
419,Ford Endeavour 2.5L 4X2 MT,2011.0,550000,54000.0,2,0,1,0,0,0,0,1,0,0,1
420,Hyundai Verna 1.4 VTVT,2017.0,330000,80577.0,1,0,0,0,0,1,0,1,0,0,1
421,Honda City i-DTEC V,2017.0,1044999,25000.0,1,0,1,0,0,0,0,1,0,0,1
422,Hyundai Verna 1.6 CRDI,2011.0,300000,127500.0,2,0,1,0,0,0,0,1,0,0,1
423,Hyundai EON D Lite Plus,2015.0,235000,40903.0,1,0,0,0,0,1,1,0,0,0,1
424,Ford Figo Petrol Titanium,2011.0,120000,60000.0,3,0,0,0,0,1,0,1,0,0,1
425,Maruti Wagon R VXI,2004.0,130000,46000.0,1,0,0,0,0,1,0,1,0,0,1
426,Ford Endeavour 4x4 XLT,2004.0,275000,60000.0,2,0,1,0,0,0,1,0,0,0,1
427,Volkswagen Jetta 2.0 TDI Trendline,2011.0,270000,180000.0,2,0,1,0,0,0,0,1,0,0,1
428,Volkswagen Polo 1.5 TDI Highline,2015.0,500000,30000.0,2,0,1,0,0,0,0,1,0,0,1
429,Hyundai Grand i10 Sportz,2015.0,400000,61690.0,1,0,1,0,0,0,1,0,0,0,1
430,Hyundai i20 Asta 1.2,2015.0,600000,64484.0,1,0,0,0,0,1,1,0,0,0,1
431,Audi Q5 2.0 TDI,2012.0,1350000,90000.0,2,0,1,0,0,0,0,1,0,1,0
432,Renault Duster 85PS Diesel RxE,2013.0,400000,60000.0,2,0,1,0,0,0,1,0,0,0,1
433,Ford Figo Diesel Titanium,2011.0,220000,70000.0,2,0,1,0,0,0,0,1,0,0,1
434,Honda Brio E MT,2012.0,300000,85962.0,2,0,0,0,0,1,1,0,0,0,1
435,Maruti Omni E MPI STD BS IV,2018.0,250000,120000.0,1,0,0,0,0,1,0,1,0,0,1
436,Honda Mobilio V i DTEC,2015.0,600000,120000.0,1,0,1,0,0,0,0,1,0,0,1
437,Honda Brio S Option AT,2012.0,285000,75000.0,2,0,0,0,0,1,0,1,0,1,0
438,Honda Accord 2.4 MT,2009.0,350000,57035.0,1,0,0,0,0,1,1,0,0,0,1
439,Mahindra Bolero SLX,2011.0,170000,70000.0,3,0,1,0,0,0,0,1,0,0,1
440,Ford Figo 1.2P Ambiente MT,2015.0,229999,45000.0,1,0,0,0,0,1,0,1,0,0,1
441,Mahindra XUV500 W6 2WD,2013.0,500000,72104.0,2,0,1,0,0,0,1,0,0,0,1
442,Tata Nano Lx,2011.0,75000,15000.0,1,0,0,0,0,1,0,1,0,0,1
443,Hyundai i20 Active 1.2 SX,2016.0,600000,60000.0,1,0,0,0,0,1,0,1,0,0,1
444,Tata Indigo LS Dicor,2011.0,220000,80000.0,1,0,1,0,0,0,0,1,0,0,1
445,Tata Indica Vista Terra 1.4 TDI,2009.0,150000,164000.0,2,0,1,0,0,0,0,1,0,0,1
446,Maruti Alto LX,2006.0,65000,124439.0,2,0,0,0,0,1,0,1,0,0,1
447,Maruti Zen VXI,2006.0,120000,77000.0,2,0,0,0,0,1,0,1,0,0,1
448,Maruti Swift Dzire VDI,2014.0,240000,90000.0,1,0,1,0,0,0,0,1,0,0,1
449,Renault KWID 1.0 RXT Optional,2017.0,390000,30000.0,1,0,0,0,0,1,0,1,0,0,1
450,Chevrolet Beat LS,2012.0,180000,50000.0,1,0,0,0,0,1,0,1,0,0,1
451,Maruti Swift VDI,2012.0,320000,80000.0,2,0,1,0,0,0,0,1,0,0,1
452,Maruti Alto 800 LXI,2018.0,310000,5000.0,1,0,0,0,0,1,0,1,0,0,1
453,Maruti Wagon R AMT VXI,2018.0,420000,24000.0,1,0,1,0,0,0,0,1,0,1,0
454,Tata Tiago NRG Petrol,2019.0,550000,10000.0,1,0,0,0,0,1,0,1,0,0,1
455,Maruti Ertiga SHVS VDI,2016.0,550000,78000.0,3,0,1,0,0,0,0,1,0,0,1
456,Mahindra TUV 300 T4 Plus,2018.0,760000,50000.0,1,0,1,0,0,0,0,1,0,0,1
457,Maruti 800 AC BSII,2001.0,43000,60000.0,2,0,0,0,0,1,0,1,0,0,1
458,Maruti Omni MPI STD BSIV,2018.0,250000,20000.0,1,0,0,0,0,1,0,1,0,0,1
459,Hyundai Santro Magna BSIV,2019.0,500000,1250.0,1,0,0,0,0,1,0,1,0,0,1
460,Tata Zest Revotron 1.2 XT,2015.0,380000,17152.0,1,0,0,0,0,1,0,1,0,0,1
461,Mahindra XUV500 W11 Option AT AWD,2019.0,1850000,5000.0,1,0,1,0,0,0,0,1,0,1,0
462,Volkswagen Polo Diesel Trendline 1.2L,2012.0,350000,77000.0,1,0,1,0,0,0,0,1,0,0,1
463,Hyundai Verna CRDi,2008.0,195000,90000.0,2,0,1,0,0,0,0,1,0,0,1
464,Chevrolet Beat LS,2011.0,225000,80000.0,2,0,0,0,0,1,0,1,0,0,1
465,Toyota Innova 2.5 G (Diesel) 7 Seater,2015.0,1125000,65000.0,1,0,1,0,0,0,0,1,0,0,1
466,Tata Indica Vista Quadrajet LX,2011.0,133000,80000.0,1,0,1,0,0,0,0,1,0,0,1
467,Hyundai EON Era Plus,2013.0,200000,24005.0,1,0,0,0,0,1,0,1,0,0,1
468,Maruti Vitara Brezza ZDi Plus,2018.0,940000,20000.0,1,0,1,0,0,0,0,1,0,0,1
469,Renault Duster 85PS Diesel RxL,2014.0,400000,120000.0,1,0,1,0,0,0,0,1,0,0,1
470,Hyundai i10 Era 1.1,2009.0,120000,120000.0,2,0,0,0,0,1,0,1,0,0,1
471,Maruti Swift Dzire ZDI,2015.0,625000,60000.0,1,0,1,0,0,0,0,1,0,0,1
472,Maruti Swift 1.3 VXi,2005.0,110000,80000.0,1,0,0,0,0,1,0,1,0,0,1
473,Renault Duster 110PS Diesel RxZ,2012.0,490000,100000.0,1,0,1,0,0,0,0,1,0,0,1
474,Maruti Alto LX,2009.0,140000,120000.0,2,0,0,0,0,1,0,1,0,0,1
475,Ford Figo Diesel ZXI,2011.0,175000,149000.0,2,0,1,0,0,0,0,1,0,0,1
476,Maruti Wagon R LXI BSIII,2005.0,90000,65000.0,2,0,0,0,0,1,0,1,0,0,1
477,Maruti Swift Ldi BSIV,2009.0,275000,100000.0,2,0,1,0,0,0,0,1,0,0,1
478,Volkswagen Vento Diesel Highline,2011.0,300000,65000.0,2,0,1,0,0,0,0,1,0,0,1
479,Datsun GO Plus T Option BSIV,2018.0,270000,19000.0,2,0,0,0,0,1,0,1,0,0,1
480,Chevrolet Beat LT,2010.0,130000,80000.0,2,0,0,0,0,1,0,1,0,0,1
481,Maruti Alto K10 VXI Airbag,2015.0,275000,30000.0,1,0,0,0,0,1,0,1,0,0,1
482,Maruti Swift VDI,2012.0,352000,109000.0,1,0,1,0,0,0,0,1,0,0,1
483,Hyundai EON LPG Magna Plus,2012.0,180000,90000.0,1,0,0,0,1,0,0,1,0,0,1
484,Maruti Alto LX,2012.0,150000,90000.0,1,0,0,0,0,1,0,1,0,0,1
486,Maruti Swift Vdi BSIII,2010.0,300000,110000.0,2,0,1,0,0,0,0,1,0,0,1
487,Mahindra Bolero DI DX 7 Seater,2007.0,225000,120000.0,1,0,1,0,0,0,0,1,0,0,1
488,Honda Mobilio V i DTEC,2014.0,600000,44000.0,1,0,1,0,0,0,0,1,0,0,1
489,Maruti Ertiga BSIV ZXI,2015.0,500000,80000.0,1,0,0,0,0,1,0,1,0,0,1
490,Honda BR-V i-VTEC S MT,2018.0,900000,5000.0,1,0,0,0,0,1,0,1,0,0,1
491,Hyundai i20 Magna 1.2,2016.0,600000,61000.0,1,0,0,0,0,1,0,1,0,0,1
492,Toyota Etios VD,2011.0,450000,100000.0,2,0,1,0,0,0,0,1,0,0,1
493,Hyundai i10 Era 1.1,2009.0,270000,27633.0,1,0,0,0,0,1,0,1,0,0,1
494,Maruti Swift Vdi BSIII,2010.0,310000,100000.0,3,0,1,0,0,0,0,1,0,0,1
495,Hyundai Santro Xing GLS Audio LPG,2012.0,250000,100000.0,1,0,0,0,1,0,0,1,0,0,1
496,Ford Figo 1.2P Titanium MT,2019.0,700000,12586.0,1,0,0,0,0,1,1,0,0,0,1
497,Fiat Avventura Urban Cross 1.3 Multijet Emotion,2018.0,650000,38083.0,1,0,1,0,0,0,1,0,0,0,1
498,Ford Figo Diesel ZXI,2012.0,400000,55328.0,1,0,1,0,0,0,1,0,0,0,1
499,Ford Figo Diesel Titanium,2012.0,425000,81632.0,1,0,1,0,0,0,1,0,0,0,1
500,Ford Aspire Titanium Diesel BSIV,2016.0,600000,155201.0,1,0,1,0,0,0,1,0,0,0,1
501,Ford EcoSport 1.5 TDCi Titanium BSIV,2013.0,600000,93283.0,1,0,1,0,0,0,1,0,0,0,1
502,Maruti Swift Ldi BSIII,2009.0,300000,217871.0,1,0,1,0,0,0,1,0,0,0,1
503,Ford Fiesta Classic 1.4 Duratorq CLXI,2012.0,450000,90165.0,1,0,1,0,0,0,1,0,0,0,1
504,Ford Ecosport 1.5 DV5 MT Titanium,2014.0,750000,101504.0,1,0,1,0,0,0,1,0,0,0,1
505,Ford Figo Titanium Diesel BSIV,2010.0,325000,60000.0,2,0,1,0,0,0,1,0,0,0,1
506,Mahindra XUV500 W8 2WD,2013.0,900000,85036.0,2,0,1,0,0,0,1,0,0,0,1
507,Ford Ikon 1.3L Rocam Flair,2006.0,180000,91086.0,2,0,0,0,0,1,1,0,0,0,1
508,Fiat Punto 1.3 Emotion,2013.0,350000,160254.0,2,0,1,0,0,0,1,0,0,0,1
509,Ford EcoSport 1.5 TDCi Titanium BSIV,2013.0,600000,125531.0,2,0,1,0,0,0,1,0,0,0,1
510,Honda WR-V i-DTEC V,2019.0,900000,60000.0,1,0,1,0,0,0,0,1,0,0,1
511,Skoda Laura L n K 1.9 PD,2006.0,350000,60000.0,1,0,1,0,0,0,0,1,0,0,1
512,Maruti Ritz LDi,2013.0,280000,90000.0,3,0,1,0,0,0,0,1,0,0,1
513,Mahindra Xylo D2,2009.0,225000,120000.0,2,0,1,0,0,0,0,1,0,0,1
514,Honda City i DTEC S,2014.0,520000,82000.0,1,0,1,0,0,0,0,1,0,0,1
515,Mahindra Scorpio 1.99 S4,2016.0,509999,60000.0,1,0,1,0,0,0,0,1,0,0,1
516,Maruti Baleno Alpha 1.2,2019.0,556000,24000.0,1,0,0,0,0,1,0,1,0,0,1
517,Tata Indigo Grand Dicor,2014.0,225000,120000.0,1,0,1,0,0,0,0,1,0,0,1
518,Honda Amaze EX i-Dtech,2013.0,325000,65000.0,1,0,1,0,0,0,1,0,0,0,1
519,Maruti Swift VDI,2013.0,365000,65000.0,1,0,1,0,0,0,1,0,0,0,1
520,Hyundai Creta 1.6 CRDi SX Plus,2015.0,850000,84000.0,1,0,1,0,0,0,1,0,0,0,1
521,Toyota Etios GD SP,2013.0,350000,75000.0,1,0,1,0,0,0,1,0,0,0,1
522,Maruti Swift VDI,2007.0,225000,50000.0,1,0,1,0,0,0,1,0,0,0,1
523,Maruti Alto LX,2011.0,135000,50000.0,1,0,0,0,0,1,0,1,0,0,1
524,Maruti Wagon R LXI Minor,2007.0,140000,49000.0,1,0,0,0,0,1,1,0,0,0,1
525,Maruti SX4 S Cross DDiS 320 Delta,2016.0,665000,560000.0,1,0,1,0,0,0,1,0,0,0,1
526,Renault KWID RXT,2015.0,275000,14365.0,1,0,0,0,0,1,1,0,0,0,1
527,Toyota Fortuner 2.8 4WD AT BSIV,2017.0,2750000,41000.0,1,0,1,0,0,0,0,1,0,1,0
528,Hyundai Verna 1.6 SX,2013.0,484999,65000.0,1,0,1,0,0,0,1,0,0,0,1
529,Maruti Ciaz VDi Option SHVS,2015.0,565000,65000.0,1,0,1,0,0,0,1,0,0,0,1
530,Maruti Swift Dzire VDI,2013.0,425000,61083.0,1,0,1,0,0,0,1,0,0,0,1
531,Toyota Innova 2.5 VX (Diesel) 8 Seater,2013.0,925000,75000.0,1,0,1,0,0,0,0,1,0,0,1
532,Mahindra Scorpio VLX 2WD AIRBAG SE BSIV,2012.0,565000,72000.0,1,0,1,0,0,0,1,0,0,0,1
533,Renault Duster 110PS Diesel RxL,2014.0,525000,65000.0,1,0,1,0,0,0,1,0,0,0,1
534,Hyundai Tucson 2.0 e-VGT 2WD MT,2017.0,1650000,55000.0,1,0,1,0,0,0,1,0,0,0,1
535,Hyundai EON Era Plus,2015.0,295000,21000.0,2,0,0,0,0,1,1,0,0,0,1
536,Jaguar XF 5.0 Litre V8 Petrol,2012.0,2050000,66363.0,2,0,0,0,0,1,1,0,0,1,0
537,Hyundai Creta 1.6 VTVT AT SX Plus,2018.0,1475000,11700.0,1,0,0,0,0,1,1,0,0,1,0
538,Hyundai Verna VTVT 1.6 AT SX Option,2017.0,1100000,10000.0,1,0,0,0,0,1,0,1,0,1,0
539,Mercedes-Benz GL-Class 350 CDI Blue Efficiency,2014.0,4400000,100000.0,2,0,1,0,0,0,0,1,0,1,0
540,Maruti Swift ZXI BSIV,2016.0,670000,7104.0,1,0,0,0,0,1,0,0,1,0,1
541,Maruti S-Cross Zeta DDiS 200 SH,2015.0,750000,45974.0,1,0,1,0,0,0,0,0,1,0,1
542,Hyundai Verna 1.6 VTVT SX,2015.0,760000,55340.0,1,0,0,0,0,1,0,0,1,0,1
543,Volkswagen Polo GTI,2017.0,850000,20000.0,2,0,0,0,0,1,1,0,0,1,0
544,Renault Pulse RxL,2015.0,390000,60000.0,1,0,1,0,0,0,0,0,1,0,1
545,Maruti Celerio VXI AMT BSIV,2016.0,450000,39415.0,2,0,0,0,0,1,0,0,1,1,0
546,Honda Brio V MT,2014.0,425000,29654.0,1,0,0,0,0,1,0,0,1,0,1
547,Maruti Baleno Alpha 1.3,2016.0,770000,64672.0,1,0,1,0,0,0,0,0,1,0,1
548,Hyundai Creta 1.6 SX Automatic Diesel,2015.0,1150000,54634.0,2,0,1,0,0,0,0,0,1,1,0
549,Honda City i VTEC V,2015.0,775000,66521.0,1,0,0,0,0,1,0,0,1,0,1
550,Toyota Innova Crysta 2.4 GX AT,2018.0,1725000,23974.0,2,0,1,0,0,0,1,0,0,1,0
551,BMW 3 Series 320d Luxury Line,2016.0,2150000,43000.0,1,0,1,0,0,0,1,0,0,1,0
552,Renault Duster 85PS Diesel RxL,2013.0,450000,1000.0,2,0,1,0,0,0,1,0,0,0,1
553,Mercedes-Benz C-Class Progressive C 220d,2018.0,3800000,10000.0,1,0,1,0,0,0,1,0,0,1,0
554,Audi A4 3.0 TDI Quattro,2013.0,1580000,86000.0,1,0,1,0,0,0,1,0,0,1,0
555,BMW X5 xDrive 30d xLine,2019.0,4950000,30000.0,1,0,1,0,0,0,1,0,0,1,0
556,Hyundai Creta 1.6 CRDi SX,2016.0,535000,52600.0,1,0,1,0,0,0,0,1,0,0,1
557,Maruti SX4 Vxi BSIV,2012.0,225000,110000.0,2,0,0,0,0,1,0,1,0,0,1
558,Hyundai Grand i10 1.2 Kappa Magna AT,2017.0,550000,19890.0,1,0,0,0,0,1,1,0,0,1,0
560,Maruti Ertiga VXI,2015.0,625000,11918.0,1,0,0,0,0,1,0,0,1,0,1
561,Hyundai Grand i10 Magna AT,2017.0,520000,10510.0,1,0,0,0,0,1,1,0,0,1,0
562,Chevrolet Beat LT Option,2016.0,239000,41000.0,1,0,0,0,0,1,1,0,0,0,1
563,Toyota Fortuner 4x2 AT,2017.0,2600000,47162.0,1,0,1,0,0,0,0,0,1,1,0
565,Hyundai i10 Magna,2012.0,229999,49824.0,1,0,0,0,0,1,1,0,0,0,1
566,Audi A6 2.0 TDI Premium Plus,2013.0,1300000,58500.0,1,0,1,0,0,0,1,0,0,1,0
567,Hyundai Santro GS,2005.0,80000,56580.0,1,0,0,0,0,1,1,0,0,0,1
568,Skoda Laura Ambiente 2.0 TDI CR MT,2012.0,385000,52000.0,1,0,1,0,0,0,1,0,0,0,1
570,Maruti Swift Dzire VDI,2017.0,600000,46507.0,1,0,1,0,0,0,0,0,1,0,1
588,Hyundai Verna 1.6 VTVT SX,2015.0,760000,55340.0,1,0,0,0,0,1,0,1,0,0,1
598,Maruti Ertiga VXI,2015.0,625000,60000.0,1,0,0,0,0,1,0,0,1,0,1
602,Maruti S-Cross Zeta DDiS 200 SH,2015.0,750000,60000.0,1,0,1,0,0,0,0,0,1,0,1
619,Chevrolet Beat LT Option,2014.0,239000,41000.0,1,0,0,0,0,1,1,0,0,0,1
626,Hyundai Verna 1.6 VTVT SX,2015.0,760000,60000.0,1,0,0,0,0,1,0,0,1,0,1
628,Hyundai i20 Sportz 1.2,2014.0,350000,50000.0,2,0,0,0,0,1,0,1,0,0,1
629,Maruti Alto 800 LXI,2014.0,114999,30000.0,1,0,0,0,0,1,0,1,0,0,1
630,Hyundai i20 Sportz 1.2,2013.0,380000,50000.0,2,0,0,0,0,1,0,1,0,0,1
631,Maruti Gypsy E MG410W ST,1995.0,95000,100000.0,2,0,0,0,0,1,0,1,0,0,1
632,Mahindra Scorpio 1.99 S6 Plus,2016.0,900000,35000.0,1,0,1,0,0,0,0,1,0,0,1
633,Chevrolet Beat LT,2012.0,200999,90000.0,2,0,0,0,0,1,0,1,0,0,1
634,Maruti Omni E MPI STD BS IV,2014.0,229999,11451.0,1,0,0,0,0,1,0,1,0,0,1
635,Tata Nexon 1.5 Revotorq XZ,2019.0,800000,60000.0,1,0,1,0,0,0,0,1,0,0,1
636,Mahindra Verito 1.5 D4 BSIV,2012.0,150000,172000.0,2,0,1,0,0,0,0,1,0,0,1
637,Maruti Swift VDI,2018.0,600000,60000.0,1,0,1,0,0,0,0,1,0,0,1
638,Chevrolet Tavera LS B3 7 Seats BSII,2005.0,150000,150000.0,1,0,1,0,0,0,0,1,0,0,1
639,Chevrolet Optra Magnum 2.0 LS,2009.0,150000,66000.0,1,0,1,0,0,0,0,1,0,0,1
640,Maruti Eeco 5 Seater Standard BSIV,2014.0,380000,5000.0,1,0,0,0,0,1,0,1,0,0,1
641,Maruti Swift 1.3 VXi,2006.0,80000,66508.0,2,0,0,0,0,1,0,1,0,0,1
642,Honda Civic 1.8 MT Sport,2007.0,225000,55000.0,2,0,0,0,0,1,0,1,0,0,1
643,Tata Nano Lx BSIV,2012.0,75000,29900.0,1,0,0,0,0,1,0,1,0,0,1
644,Tata Hexa XT 4X4,2017.0,1600000,3000.0,1,0,1,0,0,0,0,1,0,0,1
645,Tata Indica Vista Quadrajet VX,2012.0,185000,85000.0,1,0,1,0,0,0,0,1,0,0,1
646,Mahindra Scorpio 2.6 CRDe SLE,2011.0,425000,50000.0,1,0,1,0,0,0,0,1,0,0,1
647,Tata Indica Vista Aqua 1.4 TDI,2010.0,100000,120000.0,2,0,1,0,0,0,0,1,0,0,1
648,Maruti Zen Estilo LXI BSIII,2008.0,140000,90000.0,3,0,0,0,0,1,0,1,0,0,1
649,Maruti Swift Dzire AMT ZXI Plus BS IV,2017.0,710000,8000.0,1,0,0,0,0,1,0,1,0,1,0
650,Honda Amaze S AT i-Vtech,2015.0,450000,7900.0,1,0,0,0,0,1,0,1,0,1,0
651,Datsun RediGO T Option,2017.0,210000,50000.0,1,0,0,0,0,1,0,1,0,0,1
652,Maruti Alto K10 VXI,2016.0,270000,25000.0,1,0,0,0,0,1,0,1,0,0,1
653,Maruti Alto LXi,2009.0,110000,20000.0,1,0,0,0,0,1,0,1,0,0,1
654,Maruti Swift VXI,2018.0,540000,17500.0,1,0,0,0,0,1,0,1,0,0,1
655,Mahindra Renault Logan 1.4 GLX Petrol,2008.0,145000,25000.0,1,0,0,0,0,1,0,1,0,0,1
656,Tata Safari Storme VX,2013.0,360000,206500.0,1,0,1,0,0,0,0,1,0,0,1
657,Hyundai i10 Magna LPG,2013.0,250000,88600.0,1,0,0,0,1,0,0,1,0,0,1
658,Tata Venture EX,2012.0,110000,80000.0,1,0,1,0,0,0,0,1,0,0,1
659,Chevrolet Captiva LT,2008.0,250000,100000.0,4,0,1,0,0,0,0,1,0,0,1
660,Ford Fiesta Classic 1.4 Duratorq CLXI,2011.0,150000,186000.0,2,0,1,0,0,0,0,1,0,0,1
661,Chevrolet Aveo U-VA 1.2 LS,2010.0,140000,60000.0,1,0,0,0,0,1,0,1,0,0,1
662,Maruti Ciaz Zeta BSIV,2019.0,925000,11000.0,1,0,0,0,0,1,0,1,0,0,1
663,Tata Hexa XM,2017.0,969999,30000.0,1,0,1,0,0,0,0,1,0,0,1
664,Hyundai Santro Xing GL PLUS CNG,2007.0,90000,80000.0,3,1,0,0,0,0,0,1,0,0,1
665,Hyundai Santro GLS I - Euro I,2001.0,55000,60000.0,3,0,0,0,0,1,0,1,0,0,1
666,Hyundai Verna CRDi,2007.0,155000,100000.0,4,0,1,0,0,0,0,1,0,0,1
667,Mahindra Thar CRDe ABS,2019.0,900000,15000.0,1,0,1,0,0,0,0,1,0,0,1
668,Maruti Alto K10 2010-2014 VXI,2011.0,135000,90000.0,1,0,0,0,0,1,0,1,0,0,1
669,Maruti 800 AC,2012.0,180000,120000.0,1,0,0,0,0,1,0,1,0,0,1
670,Hyundai Verna 1.6 SX,2013.0,495000,100000.0,2,0,1,0,0,0,0,1,0,0,1
671,Toyota Innova 2.5 V Diesel 8-seater,2009.0,400000,138000.0,3,0,1,0,0,0,0,1,0,0,1
672,Hyundai Verna CRDi,2008.0,250000,110000.0,2,0,1,0,0,0,0,1,0,0,1
673,Maruti Alto K10 LXI,2015.0,138000,120000.0,4,0,0,0,0,1,0,1,0,0,1
674,Honda City 1.5 V AT,2011.0,311000,70000.0,2,0,0,0,0,1,0,1,0,1,0
675,Maruti Alto 800 VXI,2015.0,190000,70000.0,1,0,0,0,0,1,0,1,0,0,1
676,Mahindra Bolero SLX,2011.0,311000,140000.0,1,0,1,0,0,0,0,1,0,0,1
677,Maruti Ritz LXI,2009.0,300000,15000.0,1,0,0,0,0,1,0,1,0,0,1
678,Honda Jazz VX,2014.0,600000,20000.0,1,0,0,0,0,1,0,1,0,0,1
679,Mahindra Scorpio SLE BSIII,2009.0,550000,100000.0,1,0,1,0,0,0,0,1,0,0,1
680,Skoda Rapid 1.6 MPI AT Elegance Plus,2015.0,600000,70000.0,1,0,0,0,0,1,0,1,0,1,0
681,Maruti Alto 800 VXI,2018.0,195000,5000.0,1,0,0,0,0,1,0,1,0,0,1
682,Tata Nano LX,2013.0,58000,27974.0,1,0,0,0,0,1,0,1,0,0,1
683,Maruti Alto 800 VXI,2018.0,183000,40000.0,1,0,0,0,0,1,0,1,0,0,1
684,Maruti Zen Estilo 1.1 VXI BSIII,2007.0,95000,80000.0,1,0,0,0,0,1,0,1,0,0,1
685,Maruti Wagon R LX Minor,2013.0,250000,38000.0,1,0,0,0,0,1,0,1,0,0,1
687,Tata Zest Revotron 1.2 XT,2014.0,400000,35000.0,1,0,0,0,0,1,0,1,0,0,1
688,Hyundai Verna 1.6 SX CRDi (O),2012.0,409999,60000.0,2,0,1,0,0,0,0,1,0,0,1
689,Skoda Octavia Classic 1.9 TDI MT,2004.0,120000,120000.0,2,0,1,0,0,0,0,1,0,0,1
690,Maruti Swift AMT VXI,2018.0,600000,18000.0,1,0,0,0,0,1,0,1,0,1,0
691,Honda Amaze SX i-VTEC,2016.0,600000,60000.0,1,0,0,0,0,1,0,1,0,0,1
692,Mahindra XUV500 W6 2WD,2015.0,825000,90000.0,3,0,1,0,0,0,0,1,0,0,1
693,Toyota Etios GD,2016.0,625000,80000.0,2,0,1,0,0,0,0,1,0,0,1
694,Hyundai Grand i10 Nios Magna CRDi,2020.0,700000,1400.0,1,0,1,0,0,0,0,1,0,0,1
695,Chevrolet Beat LS,2011.0,160000,60000.0,1,0,0,0,0,1,0,1,0,0,1
696,Maruti Alto LX,2011.0,114999,60000.0,3,0,0,0,0,1,0,1,0,0,1
697,Maruti Wagon R LXI Minor,2009.0,150000,53000.0,1,0,0,0,0,1,0,1,0,0,1
698,Volkswagen Jetta 1.9 L TDI,2010.0,250000,100000.0,1,0,1,0,0,0,1,0,0,0,1
699,Hyundai Verna 1.6 SX,2012.0,390000,86000.0,2,0,1,0,0,0,0,1,0,0,1
700,Renault Duster 85PS Diesel RxL,2015.0,650000,100000.0,1,0,1,0,0,0,0,1,0,0,1
701,Hyundai Xcent 1.1 CRDi SX Option,2016.0,600000,30000.0,1,0,1,0,0,0,0,1,0,0,1
702,Hyundai i20 1.2 Sportz,2011.0,250000,120000.0,1,0,0,0,0,1,0,1,0,0,1
703,Hyundai Santro Xing GL Plus LPG,2011.0,229999,60000.0,2,0,0,0,1,0,0,1,0,0,1
704,Maruti Ritz LDi,2016.0,299000,50000.0,2,0,1,0,0,0,0,1,0,0,1
705,Chevrolet Cruze LTZ,2010.0,330000,124000.0,2,0,1,0,0,0,0,1,0,0,1
706,Hyundai Accent Executive,2012.0,180000,100000.0,3,0,0,0,0,1,0,1,0,0,1
707,Hyundai Grand i10 1.2 Kappa Asta,2017.0,475000,42000.0,1,0,0,0,0,1,0,1,0,0,1
708,Hyundai Grand i10 CRDi Sportz,2015.0,325000,100000.0,1,0,1,0,0,0,0,1,0,0,1
709,Honda City i VTEC V,2016.0,639000,28205.0,1,0,0,0,0,1,1,0,0,0,1
710,Maruti Celerio VXI AT,2017.0,415000,32670.0,1,0,0,0,0,1,1,0,0,1,0
711,Hyundai Creta 1.6 CRDi AT SX Plus,2016.0,1199000,30093.0,1,0,1,0,0,0,1,0,0,1,0
712,Maruti Ertiga VXI CNG,2013.0,525000,56228.0,1,1,0,0,0,0,1,0,0,0,1
713,Hyundai Verna 1.6 SX VTVT,2013.0,425000,59319.0,1,0,0,0,0,1,1,0,0,0,1
714,Maruti Vitara Brezza VDi,2016.0,699000,39503.0,1,0,1,0,0,0,1,0,0,0,1
715,Hyundai Grand i10 1.2 Kappa Sportz Dual Tone,2013.0,325000,35299.0,1,0,0,0,0,1,1,0,0,0,1
716,Toyota Etios V,2011.0,275000,51687.0,1,0,0,0,0,1,1,0,0,0,1
717,Volkswagen Vento Petrol Highline AT,2011.0,269000,76259.0,1,0,0,0,0,1,1,0,0,1,0
718,Volkswagen Polo Diesel Highline 1.2L,2013.0,399000,44049.0,1,0,1,0,0,0,1,0,0,0,1
719,Mahindra KUV 100 mFALCON D75 K8,2017.0,475000,45087.0,1,0,1,0,0,0,1,0,0,0,1
720,Toyota Etios V,2011.0,249000,41125.0,1,0,0,0,0,1,1,0,0,0,1
721,Audi A4 New  2.0 TDI Multitronic,2014.0,1549000,42215.0,1,0,1,0,0,0,1,0,0,1,0
722,Volkswagen Polo Petrol Highline 1.2L,2011.0,254999,54206.0,1,0,0,0,0,1,1,0,0,0,1
723,Skoda Rapid 1.6 MPI Active,2012.0,269000,52547.0,1,0,0,0,0,1,1,0,0,0,1
724,Maruti Ertiga ZDI,2014.0,665000,59110.0,1,0,1,0,0,0,1,0,0,0,1
725,Maruti Wagon R Stingray LXI,2014.0,299000,54565.0,1,0,0,0,0,1,1,0,0,0,1
726,Hyundai i20 Asta,2010.0,265000,47564.0,2,0,0,0,0,1,1,0,0,0,1
727,Volkswagen Polo Petrol Highline 1.2L,2010.0,211000,45143.0,2,0,0,0,0,1,1,0,0,0,1
728,Skoda Superb 1.8 TSI,2013.0,599000,61624.0,2,0,0,0,0,1,1,0,0,1,0
729,Tata Indigo LS,2007.0,55000,195000.0,3,0,1,0,0,0,0,1,0,0,1
730,Hyundai Verna 1.6 SX CRDi (O),2014.0,550000,50000.0,1,0,1,0,0,0,0,1,0,0,1
731,Land Rover Discovery Sport TD4 HSE 7S,2018.0,4000000,68000.0,1,0,1,0,0,0,0,1,0,1,0
732,Tata Sumo GX TC 8 Str,2010.0,220000,120000.0,2,0,1,0,0,0,0,1,0,0,1
733,Maruti Swift VXI,2019.0,500000,20000.0,1,0,0,0,0,1,0,1,0,0,1
734,Maruti Alto LXi,2010.0,140000,60000.0,1,0,0,0,0,1,0,1,0,0,1
735,Maruti Swift VDI,2013.0,325000,60000.0,1,0,1,0,0,0,0,1,0,0,1
736,Hyundai i20 Magna,2010.0,210000,90000.0,3,0,0,0,0,1,0,1,0,0,1
737,Maruti Alto LXi,2008.0,110000,90000.0,2,0,0,0,0,1,0,1,0,0,1
738,Hyundai Verna CRDi 1.6 SX Option,2019.0,1200000,25000.0,1,0,1,0,0,0,0,1,0,0,1
739,Maruti Alto 800 VXI,2017.0,229999,40000.0,1,0,0,0,0,1,0,1,0,0,1
741,Maruti Alto 800 LXI,2006.0,165000,132000.0,1,0,0,0,0,1,0,1,0,0,1
742,Tata Tiago XZA AMT,2018.0,525000,10980.0,1,0,0,0,0,1,1,0,0,1,0
743,Hyundai EON Era Plus,2018.0,325000,20629.0,1,0,0,0,0,1,1,0,0,0,1
744,Toyota Innova Crysta 2.4 VX MT BSIV,2018.0,1500000,60000.0,1,0,1,0,0,0,0,1,0,0,1
745,Hyundai Grand i10 AT Asta,2015.0,400000,30000.0,1,0,0,0,0,1,0,1,0,1,0
746,Maruti Ciaz VXi,2015.0,550000,69782.0,1,0,0,0,0,1,1,0,0,0,1
747,Maruti 800 Std,2003.0,98000,54000.0,1,0,0,0,0,1,0,1,0,0,1
748,Mahindra XUV500 W8 4WD,2013.0,900000,63654.0,1,0,1,0,0,0,1,0,0,0,1
749,Renault Lodgy 85PS RxL,2017.0,700000,60000.0,1,0,1,0,0,0,0,1,0,0,1
750,Mahindra Scorpio S6 Plus 7 Seater,2015.0,890000,52000.0,1,0,1,0,0,0,1,0,0,0,1
751,Maruti Swift LDI BSIV,2015.0,490000,59385.0,1,0,1,0,0,0,1,0,0,0,1
752,Hyundai i20 2015-2017 Magna 1.2,2015.0,525000,70378.0,1,0,0,0,0,1,1,0,0,0,1
753,Maruti Wagon R LXI BS IV,2013.0,330000,55425.0,1,0,0,0,0,1,1,0,0,0,1
754,Mahindra Bolero 2011-2019 SLX 2WD BSIII,2013.0,550000,78413.0,2,0,1,0,0,0,1,0,0,0,1
755,Mahindra Bolero Power Plus SLX,2018.0,790000,40890.0,1,0,1,0,0,0,1,0,0,0,1
756,Honda Brio S MT,2015.0,350000,34823.0,2,0,0,0,0,1,1,0,0,0,1
757,Toyota Innova Crysta 2.8 ZX AT BSIV,2017.0,1700000,75000.0,1,0,1,0,0,0,0,1,0,1,0
758,Maruti Ciaz VDI SHVS,2017.0,750000,55545.0,1,0,1,0,0,0,1,0,0,0,1
759,Honda Amaze EX i-Dtech,2014.0,409999,60000.0,1,0,1,0,0,0,1,0,0,0,1
760,Hyundai EON Magna Plus,2016.0,220000,43700.0,1,0,0,0,0,1,0,1,0,0,1
761,Tata Indica GLS BS IV,2009.0,68000,120000.0,2,0,0,0,0,1,0,1,0,0,1
762,Hyundai EON Era Plus,2017.0,290000,20000.0,1,0,0,0,0,1,0,1,0,0,1
763,Honda City i DTec SV,2014.0,600000,27483.0,1,0,1,0,0,0,1,0,0,0,1
764,Maruti Swift LXI,2019.0,470000,8000.0,1,0,0,0,0,1,0,1,0,0,1
765,Hyundai i10 Sportz 1.2,2008.0,150000,30000.0,1,0,0,0,0,1,0,1,0,0,1
766,Maruti Alto 800 LXI,2014.0,180000,56207.0,2,0,1,0,0,0,1,0,0,0,1
767,Maruti Zen LXI,2006.0,80000,70000.0,1,0,0,0,0,1,0,1,0,0,1
768,Honda WR-V i-VTEC VX,2018.0,875000,1440.0,1,0,0,0,0,1,0,1,0,0,1
769,Maruti Alto 800 LXI,2019.0,300000,50000.0,1,0,0,0,0,1,0,1,0,0,1
770,Toyota Fortuner 2.8 2WD AT BSIV,2017.0,2800000,20000.0,1,0,1,0,0,0,0,1,0,1,0
771,Toyota Innova Crysta 2.4 ZX MT,2017.0,1330000,91195.0,1,0,1,0,0,0,1,0,0,0,1
772,Volkswagen Polo 1.5 TDI Trendline,2011.0,220000,63657.0,1,0,1,0,0,0,1,0,0,0,1
773,Mahindra Verito Vibe 1.5 dCi D4,2013.0,250000,60000.0,1,0,1,0,0,0,0,1,0,0,1
774,Toyota Innova 2.5 G (Diesel) 7 Seater,2016.0,919999,75000.0,1,0,1,0,0,0,1,0,0,0,1
775,Volkswagen Vento Magnific 1.6 Highline,2013.0,380000,97248.0,1,0,0,0,0,1,1,0,0,0,1
776,Maruti Swift VDI,2012.0,450000,46000.0,1,0,1,0,0,0,0,1,0,0,1
777,Hyundai Verna 1.6 VTVT AT S Option,2016.0,770000,10000.0,1,0,0,0,0,1,0,1,0,1,0
778,Maruti Swift Dzire LDI,2018.0,550000,80000.0,1,0,1,0,0,0,0,1,0,0,1
779,Tata New Safari DICOR 2.2 GX 4x2,2011.0,320000,100000.0,2,0,1,0,0,0,0,1,0,0,1
780,Maruti SX4 Vxi BSIV,2013.0,400000,35000.0,1,0,0,0,0,1,0,1,0,0,1
781,Maruti Celerio VXI AT,2017.0,450000,50000.0,1,0,1,0,0,0,0,1,0,1,0
782,Maruti SX4 ZDI,2011.0,220000,90000.0,3,0,1,0,0,0,0,1,0,0,1
783,Mahindra XUV500 W8 2WD,2012.0,400000,150000.0,2,0,1,0,0,0,0,1,0,0,1
784,Hyundai Verna 1.6 SX VTVT (O),2013.0,530000,89000.0,2,0,0,0,0,1,0,1,0,0,1
785,Maruti Swift Dzire VDI,2014.0,390000,60000.0,2,0,1,0,0,0,0,1,0,0,1
786,Fiat Grande Punto 1.3 Dynamic (Diesel),2012.0,185000,100000.0,2,0,1,0,0,0,0,1,0,0,1
787,Maruti SX4 Vxi BSIV,2012.0,300000,100000.0,2,0,0,0,0,1,0,1,0,0,1
788,Maruti Swift VDI BSIV,2014.0,575000,90000.0,2,0,1,0,0,0,0,1,0,0,1
789,Maruti Wagon R Stingray VXI,2014.0,300000,75000.0,1,0,0,0,0,1,0,1,0,0,1
790,Toyota Etios Liva 1.4 VD,2017.0,425000,36000.0,1,0,1,0,0,0,1,0,0,0,1
791,Hyundai Xcent 1.2 Kappa SX,2016.0,350000,12000.0,1,0,0,0,0,1,0,1,0,0,1
792,Honda Amaze VX O iDTEC,2017.0,550000,12997.0,1,0,1,0,0,0,1,0,0,0,1
793,Maruti Ciaz 1.4 AT Zeta,2017.0,500000,40000.0,1,0,0,0,0,1,0,1,0,1,0
794,Mahindra Scorpio S4 4WD,2015.0,600000,60000.0,1,0,1,0,0,0,0,1,0,0,1
795,Mahindra Quanto C8,2013.0,300000,25000.0,2,0,1,0,0,0,0,1,0,0,1
796,Hyundai Verna CRDi 1.6 SX Option,2018.0,1150000,26430.0,1,0,1,0,0,0,1,0,0,0,1
797,Maruti Swift 1.3 VXI ABS,2015.0,475000,24600.0,1,0,0,0,0,1,1,0,0,0,1
798,Maruti Wagon R LXI,2011.0,260000,28481.0,1,0,0,0,0,1,1,0,0,0,1
799,Ford Ecosport 1.0 Ecoboost Titanium Optional,2013.0,350000,100000.0,1,0,0,0,0,1,0,1,0,0,1
800,Mahindra XUV500 W8 2WD,2013.0,750000,41988.0,1,0,1,0,0,0,1,0,0,0,1
801,Maruti Wagon R LXI,2009.0,180000,30375.0,1,0,0,0,0,1,1,0,0,0,1
802,Renault KWID Climber 1.0 AMT BSIV,2017.0,350000,7658.0,1,0,0,0,0,1,1,0,0,1,0
803,Maruti Swift Dzire VDI,2017.0,611000,34400.0,1,0,1,0,0,0,1,0,0,0,1
804,Renault KWID RXL BSIV,2017.0,325000,18500.0,1,0,0,0,0,1,1,0,0,0,1
805,Hyundai EON 1.0 Era Plus,2012.0,225000,48000.0,1,0,0,0,0,1,1,0,0,0,1
806,Maruti Wagon R AMT VXI,2014.0,300000,28942.0,1,0,0,0,0,1,1,0,0,1,0
807,Mahindra Bolero Power Plus SLX,2017.0,400000,50000.0,2,0,1,0,0,0,0,1,0,0,1
808,Mahindra XUV500 W8 2WD,2012.0,711000,53600.0,1,0,1,0,0,0,1,0,0,0,1
809,Toyota Innova 2.5 G (Diesel) 8 Seater,2015.0,851000,53652.0,1,0,1,0,0,0,1,0,0,0,1
810,Maruti Ertiga VXI,2014.0,500000,25000.0,1,0,0,0,0,1,0,1,0,0,1
811,Toyota Innova 2.5 G4 Diesel 8-seater,2007.0,250000,60000.0,1,0,1,0,0,0,0,1,0,0,1
812,Maruti Alto 800 VXI,2017.0,150000,50000.0,1,0,0,0,0,1,0,1,0,0,1
813,Mahindra Scorpio 1.99 S10,2016.0,610000,15000.0,2,0,1,0,0,0,0,1,0,0,1
814,Mahindra KUV 100 G80 K2,2018.0,450000,5000.0,1,0,1,0,0,0,0,1,0,0,1
815,Hyundai i20 1.4 Asta Option,2017.0,744000,106000.0,1,0,1,0,0,0,0,1,0,0,1
816,Chevrolet Spark 1.0,2008.0,120000,100000.0,1,0,0,0,0,1,0,1,0,0,1
817,Renault KWID RXL,2016.0,220000,60000.0,3,0,0,0,0,1,0,1,0,0,1
818,Maruti Ertiga ZDI,2012.0,480000,120000.0,4,0,1,0,0,0,0,1,0,0,1
819,Maruti Celerio ZXI Optional AMT BSIV,2017.0,370000,82000.0,1,0,0,0,0,1,0,1,0,1,0
820,Fiat Palio D 1.9 EL PS,2003.0,55000,35000.0,2,0,1,0,0,0,0,1,0,0,1
821,Hyundai EON Magna Plus,2013.0,125000,205000.0,1,0,0,0,0,1,0,1,0,0,1
822,Hyundai Verna 1.6 CRDI,2011.0,260000,125000.0,3,0,1,0,0,0,0,1,0,0,1
823,Fiat Linea Classic 1.3 Multijet,2015.0,350000,130000.0,1,0,1,0,0,0,0,1,0,0,1
824,Maruti Alto 800 CNG LXI,2012.0,170000,97000.0,2,1,0,0,0,0,0,1,0,0,1
825,Hyundai Grand i10 Sportz,2015.0,350000,90000.0,2,0,0,0,0,1,0,1,0,0,1
826,Maruti Swift Dzire VXi,2009.0,250000,60000.0,3,0,0,0,0,1,0,1,0,0,1
827,Tata Indigo CR4,2013.0,170000,60000.0,1,0,1,0,0,0,0,1,0,0,1
828,Mahindra Scorpio S11 BSIV,2014.0,1300000,35000.0,1,0,1,0,0,0,0,1,0,0,1
829,Hyundai Grand i10 1.2 Kappa Sportz BSIV,2019.0,550000,60000.0,1,0,0,0,0,1,0,1,0,0,1
830,Honda Brio 1.2 S MT,2017.0,400000,15000.0,1,0,0,0,0,1,0,1,0,0,1
831,Tata Nano Lx,2011.0,120000,20000.0,1,0,0,0,0,1,0,1,0,0,1
833,Ford Figo Petrol Titanium,2010.0,275000,70000.0,1,0,0,0,0,1,0,1,0,0,1
834,Tata Zest Revotron 1.2T XE,2016.0,285000,90000.0,1,0,0,0,0,1,0,1,0,0,1
835,Hyundai Creta 1.4 CRDi Base,2016.0,900000,80000.0,1,0,1,0,0,0,0,1,0,0,1
836,Mercedes-Benz M-Class ML 350 CDI,2014.0,2500000,79500.0,2,0,1,0,0,0,0,1,0,1,0
837,Hyundai Verna 1.6 SX CRDi (O),2013.0,620000,70000.0,2,0,1,0,0,0,0,1,0,0,1
838,Toyota Innova Crysta 2.4 GX MT 8S BSIV,2018.0,1700000,5000.0,1,0,1,0,0,0,0,1,0,0,1
839,Ford Figo Aspire 1.2 Ti-VCT Titanium Plus,2018.0,650000,15000.0,1,0,0,0,0,1,0,1,0,0,1
840,Maruti Ertiga VXI,2014.0,500000,35000.0,1,0,0,0,0,1,0,1,0,0,1
841,Tata New Safari DICOR 2.2 EX 4x4,2009.0,250000,120000.0,2,0,1,0,0,0,0,1,0,0,1
842,Mahindra Marazzo M4,2018.0,950000,15000.0,2,0,1,0,0,0,0,1,0,0,1
843,Toyota Etios Cross 1.2L G,2015.0,320000,60000.0,1,0,0,0,0,1,0,1,0,0,1
844,Renault Duster 110PS Diesel RxZ,2013.0,450000,120000.0,1,0,1,0,0,0,0,1,0,0,1
845,Mahindra KUV 100 mFALCON D75 K8 AW,2016.0,350000,90000.0,1,0,1,0,0,0,0,1,0,0,1
846,Maruti Swift Dzire VXI,2015.0,400000,90000.0,1,0,0,0,0,1,0,1,0,0,1
848,Hyundai i20 Asta 1.4 CRDi (Diesel),2009.0,250000,72000.0,2,0,1,0,0,0,0,1,0,0,1
849,Toyota Innova 2.0 GX 8 STR BSIV,2011.0,550000,197000.0,2,0,0,0,0,1,0,1,0,0,1
850,Maruti Zen LXI,1999.0,85000,70000.0,2,0,0,0,0,1,0,1,0,0,1
851,Hyundai Santro LP zipPlus,2001.0,52000,50000.0,3,0,0,0,0,1,0,1,0,0,1
852,Tata Hexa XTA,2017.0,1200000,50000.0,1,0,1,0,0,0,0,1,0,1,0
853,Hyundai Verna 1.6 SX VTVT AT,2011.0,450000,60000.0,3,0,0,0,0,1,0,1,0,1,0
854,Maruti Swift Dzire VXI 1.2 BS IV,2018.0,615000,40000.0,1,0,0,0,0,1,0,1,0,0,1
855,Maruti SX4 ZDI Leather,2012.0,400000,60000.0,2,0,1,0,0,0,0,1,0,0,1
856,Tata Nano LX,2013.0,60000,40000.0,1,0,0,0,0,1,0,1,0,0,1
857,Maruti Ignis 1.2 Alpha BSIV,2017.0,500000,60000.0,1,0,0,0,0,1,0,1,0,0,1
858,Honda Mobilio V i VTEC,2015.0,600000,45000.0,1,0,0,0,0,1,0,1,0,0,1
859,Hyundai Getz 1.3 GVS,2010.0,110000,110000.0,1,0,0,0,0,1,0,1,0,0,1
860,Hyundai Santro Xing GL Plus,2013.0,175000,80000.0,1,0,0,0,0,1,0,1,0,0,1
861,Ford Fiesta Titanium 1.5 TDCi,2011.0,325000,100000.0,2,0,1,0,0,0,0,1,0,0,1
862,Maruti Swift Dzire LDI,2017.0,425000,90000.0,1,0,1,0,0,0,0,1,0,0,1
863,Hyundai Accent GLE CNG,2009.0,160000,70000.0,3,1,0,0,0,0,0,1,0,0,1
864,Maruti Zen Estilo LXI BSIII,2007.0,100000,80000.0,3,0,0,0,0,1,0,1,0,0,1
865,Maruti Swift Dzire LDI,2014.0,390000,110000.0,2,0,1,0,0,0,0,1,0,0,1
866,Hyundai i20 1.2 Spotz,2017.0,400000,50000.0,1,0,0,0,0,1,0,1,0,0,1
867,Tata Tigor 1.2 Revotron XM,2018.0,509999,5000.0,1,0,0,0,0,1,0,1,0,0,1
868,Hyundai i10 Magna 1.1,2008.0,150000,90000.0,3,0,0,0,0,1,0,1,0,0,1
869,Hyundai Santro Xing GLS,2009.0,110000,120000.0,1,0,0,0,0,1,0,1,0,0,1
870,Nissan Sunny Diesel XV,2013.0,450000,80000.0,1,0,1,0,0,0,0,1,0,0,1
871,Hyundai i20 1.2 Spotz,2017.0,400000,60000.0,2,0,0,0,0,1,0,1,0,0,1
872,Hyundai Santro Xing GLS,2009.0,140000,120000.0,1,0,0,0,0,1,0,1,0,0,1
873,Tata Indigo CR4,2011.0,130000,90000.0,1,0,1,0,0,0,0,1,0,0,1
874,Maruti Alto 800 LXI,2017.0,160000,50000.0,1,0,0,0,0,1,0,1,0,0,1
875,Maruti Alto 800 LXI,2016.0,150000,60000.0,1,0,0,0,0,1,0,1,0,0,1
876,Mahindra XUV500 W8 2WD,2013.0,500000,100000.0,2,0,1,0,0,0,0,1,0,0,1
877,Tata Nano Std,2011.0,40000,60000.0,1,0,0,0,0,1,0,1,0,0,1
878,Chevrolet Tavera LT L1 7 Seats BSIII,2006.0,140000,200000.0,3,0,1,0,0,0,0,1,0,0,1
879,Mahindra Verito 1.5 D2 BSIV,2015.0,227000,70000.0,2,0,1,0,0,0,0,1,0,0,1
880,Maruti Swift VDI,2011.0,285000,50000.0,2,0,1,0,0,0,0,1,0,0,1
881,Maruti Alto LX,2012.0,155000,60000.0,2,0,0,0,0,1,0,1,0,0,1
882,Hyundai EON D Lite,2016.0,210000,30000.0,1,0,0,0,0,1,0,1,0,0,1
883,Maruti Alto LXi,2009.0,140000,80000.0,2,0,0,0,0,1,0,1,0,0,1
884,Toyota Innova 2.5 GX (Diesel) 7 Seater,2015.0,940000,128000.0,1,0,1,0,0,0,0,1,0,0,1
885,Nissan Terrano XV Premium 110 PS,2013.0,750000,80000.0,1,0,1,0,0,0,0,1,0,0,1
886,Maruti Baleno Alpha 1.3,2016.0,610000,100000.0,1,0,1,0,0,0,0,1,0,0,1
887,Nissan Sunny XV D Premium Leather,2015.0,450000,50000.0,1,0,1,0,0,0,0,1,0,0,1
888,Toyota Etios Liva GD,2012.0,409999,60000.0,1,0,1,0,0,0,0,1,0,0,1
889,Hyundai EON 1.0 Era Plus,2018.0,100000,60000.0,1,0,0,0,0,1,0,1,0,0,1
890,Renault KWID 1.0 RXT Optional,2018.0,300000,10500.0,1,0,0,0,0,1,0,1,0,0,1
891,Mahindra Bolero 2011-2019 SLX,2013.0,400000,107000.0,1,0,1,0,0,0,0,1,0,0,1
892,Hyundai i10 Sportz 1.2,2010.0,210000,60000.0,2,0,0,0,0,1,0,1,0,0,1
893,Hyundai Santro Xing XG eRLX Euro III,2006.0,90000,120000.0,2,0,0,0,0,1,0,1,0,0,1
894,Maruti Wagon R LXI BS IV,2010.0,222000,70000.0,1,0,0,0,0,1,0,1,0,0,1
895,Maruti Alto 800 LXI,2015.0,240000,50000.0,2,0,0,0,0,1,0,1,0,0,1
896,Toyota Etios Liva GD,2013.0,450000,70000.0,2,0,1,0,0,0,0,1,0,0,1
902,Maruti SX4 Vxi BSIV,2012.0,225000,110000.0,2,0,1,0,0,0,0,1,0,0,1
907,Chevrolet Beat LT Option,2016.0,239000,60000.0,1,0,0,0,0,1,1,0,0,0,1
913,Skoda Laura Ambiente 2.0 TDI CR MT,2012.0,385000,52000.0,1,0,1,0,0,0,0,1,0,0,1
917,Mercedes-Benz C-Class Progressive C 220d,2018.0,3800000,10000.0,1,0,1,0,0,0,0,1,0,1,0
934,Maruti Swift Dzire VDI,2014.0,600000,46507.0,1,0,1,0,0,0,0,0,1,0,1
935,Volkswagen Jetta 2.0L TDI Highline AT,2012.0,735000,55300.0,1,0,1,0,0,0,1,0,0,1,0
936,Tata Indica Vista Quadrajet 90 VX,2012.0,285000,74300.0,1,0,1,0,0,0,1,0,0,0,1
937,Honda City VX MT,2010.0,350000,48781.0,1,0,0,0,0,1,1,0,0,0,1
938,Volkswagen Jetta 1.9 Highline TDI,2014.0,290000,87620.0,1,0,1,0,0,0,1,0,0,1,0
939,Volkswagen Vento 1.5 TDI Highline Plus AT,2017.0,890000,40219.0,1,0,1,0,0,0,1,0,0,1,0
940,Honda Jazz VX,2011.0,385000,11473.0,1,0,0,0,0,1,1,0,0,0,1
941,Maruti Eeco 5 Seater AC BSIV,2017.0,425000,8352.0,1,0,0,0,0,1,1,0,0,0,1
942,Maruti Wagon R VXI AMT1.2BSIV,2017.0,525000,9745.0,1,0,0,0,0,1,1,0,0,1,0
943,Hyundai Grand i10 Asta,2017.0,550000,9748.0,1,0,0,0,0,1,1,0,0,0,1
944,Volkswagen Polo 1.0 MPI Trendline,2012.0,271000,49000.0,1,0,0,0,0,1,1,0,0,0,1
945,Hyundai Creta 1.6 CRDi SX Option,2018.0,1490000,20694.0,1,0,1,0,0,0,1,0,0,0,1
946,Hyundai Grand i10 Asta Option,2015.0,490000,31080.0,1,0,0,0,0,1,1,0,0,0,1
947,Hyundai EON Era Plus,2014.0,260000,37605.0,1,0,0,0,0,1,1,0,0,0,1
948,Hyundai Xcent 1.1 CRDi SX Option,2014.0,455000,55850.0,1,0,1,0,0,0,1,0,0,0,1
949,Tata Nano Lx BSIV,2010.0,75000,58850.0,1,0,0,0,0,1,1,0,0,0,1
950,Toyota Etios Cross 1.2L G,2015.0,421000,23839.0,1,0,0,0,0,1,1,0,0,0,1
951,Maruti Swift DDiS LDI,2016.0,550000,54000.0,1,0,1,0,0,0,1,0,0,0,1
952,Hyundai i10 Sportz 1.2 AT,2013.0,330000,38000.0,1,0,0,0,0,1,1,0,0,1,0
953,Volkswagen Vento 1.5 TDI Comfortline,2012.0,390000,45454.0,1,0,1,0,0,0,1,0,0,0,1
954,Skoda Rapid 1.5 TDI AT Ambition,2015.0,599000,46957.0,1,0,1,0,0,0,1,0,0,1,0
955,Hyundai Getz GLE,2007.0,110000,60000.0,1,0,0,0,0,1,0,1,0,0,1
956,Renault KWID RXT Optional,2016.0,250000,25000.0,1,0,0,0,0,1,0,1,0,0,1
957,Mahindra Scorpio M2DI,2012.0,600000,110000.0,4,0,1,0,0,0,0,1,0,0,1
958,Ford Endeavour XLT TDCi 4X2,2008.0,280000,190000.0,2,0,1,0,0,0,0,1,0,0,1
959,Audi Q3 35 TDI Quattro Technology,2018.0,2700000,25000.0,1,0,1,0,0,0,0,1,0,1,0
960,Mahindra Renault Logan 1.4 GLX Petrol,2008.0,80000,90000.0,1,0,0,0,0,1,0,1,0,0,1
961,Maruti Alto K10 VXI,2019.0,350000,5000.0,1,0,0,0,0,1,0,1,0,0,1
962,Maruti Swift VDI BSIV,2015.0,475000,60000.0,1,0,1,0,0,0,0,1,0,0,1
963,Audi A5 Sportback,2020.0,4700000,1500.0,1,0,1,0,0,0,0,1,0,1,0
964,Maruti Swift Dzire VDI,2018.0,500000,50000.0,1,0,1,0,0,0,0,1,0,0,1
965,Chevrolet Sail Hatchback 1.3 TCDi LT ABS,2014.0,250000,120000.0,1,0,1,0,0,0,0,1,0,0,1
966,Hyundai Accent CRDi,2005.0,100000,120000.0,2,0,1,0,0,0,0,1,0,0,1
967,Maruti Alto K10 VXI Airbag,2019.0,350000,5000.0,1,0,0,0,0,1,0,1,0,0,1
968,BMW 7 Series Signature 730Ld,2014.0,4000000,47000.0,1,0,1,0,0,0,0,1,0,1,0
969,Toyota Camry 2.5 Hybrid,2017.0,1900000,60000.0,1,0,0,0,0,1,0,1,0,1,0
970,Hyundai Santro Xing XG,2005.0,95000,120000.0,2,0,0,0,0,1,0,1,0,0,1
971,Hyundai Grand i10 CRDi Sportz,2015.0,409999,58000.0,1,0,1,0,0,0,0,1,0,0,1
972,Mahindra XUV500 W5 BSIV,2018.0,1050000,35000.0,1,0,1,0,0,0,0,1,0,0,1
973,Maruti Alto K10 VXI,2017.0,320000,30000.0,1,0,0,0,0,1,0,1,0,0,1
974,Mahindra XUV300 W8 Option Diesel BSIV,2019.0,1000000,10000.0,1,0,1,0,0,0,0,1,0,0,1
975,Toyota Innova Crysta 2.4 VX MT BSIV,2017.0,1770000,25000.0,1,0,1,0,0,0,0,1,0,0,1
976,Mahindra Thar CRDe,2018.0,950000,20000.0,1,0,1,0,0,0,0,1,0,0,1
977,Maruti Swift Dzire ZDI,2018.0,750000,50000.0,1,0,1,0,0,0,0,1,0,0,1
978,Hyundai EON Magna Plus,2014.0,220000,42000.0,1,0,0,0,0,1,0,1,0,0,1
979,Tata Hexa XM,2017.0,1000000,50000.0,1,0,1,0,0,0,0,1,0,0,1
980,Honda Mobilio E i DTEC,2017.0,660000,116000.0,1,0,1,0,0,0,0,1,0,0,1
981,Maruti Ertiga ZDI,2015.0,716000,100000.0,1,0,1,0,0,0,0,1,0,0,1
982,Maruti Ciaz ZXi Plus,2015.0,675000,66000.0,1,0,0,0,0,1,0,1,0,0,1
983,Mahindra Scorpio LX,2010.0,385000,110000.0,3,0,1,0,0,0,0,1,0,0,1
984,Fiat Grande Punto EVO 1.3 Dynamic,2014.0,325000,70000.0,1,0,1,0,0,0,0,1,0,0,1
985,Hyundai Creta 1.6 CRDi SX Option,2015.0,950000,60000.0,1,0,1,0,0,0,0,1,0,0,1
986,Ford Endeavour Hurricane Limited Edition,2007.0,400000,110000.0,4,0,1,0,0,0,0,1,0,1,0
987,Tata Indica Vista TDI LS,2014.0,250000,25000.0,1,0,1,0,0,0,0,1,0,0,1
988,Land Rover Discovery S 2.0 SD4,2018.0,4000000,68000.0,1,0,0,0,0,1,0,1,0,1,0
989,Maruti Alto 800 LXI,2014.0,210000,20000.0,1,0,0,0,0,1,0,1,0,0,1
990,Hyundai i10 Era 1.1 iTech SE,2011.0,147000,110000.0,2,0,0,0,0,1,0,1,0,0,1
991,Maruti Vitara Brezza VDi Option,2018.0,725000,26350.0,1,0,1,0,0,0,0,1,0,0,1
992,Mahindra Scorpio SLE BSIV,2012.0,550000,90000.0,1,0,1,0,0,0,0,1,0,0,1
993,Hyundai i20 Sportz Option 1.2,2016.0,475000,25000.0,1,0,0,0,0,1,0,1,0,0,1
994,Hyundai Santro Xing GLS,2014.0,250000,50000.0,2,0,0,0,0,1,0,1,0,0,1
995,Tata Indica LSI,2006.0,70000,60000.0,2,0,0,0,0,1,0,1,0,0,1
996,Hyundai EON Era Plus,2012.0,160000,70000.0,3,0,0,0,0,1,0,1,0,0,1
997,Ford Endeavour 3.0L 4X4 AT,2011.0,1000000,90000.0,2,0,1,0,0,0,0,1,0,1,0
998,Hyundai Santro LE zipPlus,2001.0,68000,70000.0,1,0,0,0,0,1,0,1,0,0,1
999,Hyundai Grand i10 1.2 Kappa Asta,2017.0,500000,26500.0,1,0,0,0,0,1,0,1,0,0,1
1001,Mahindra Scorpio S11 BSIV,2018.0,1300000,35000.0,1,0,1,0,0,0,0,1,0,0,1
1002,Hyundai Creta 1.4 EX Diesel,2020.0,1050000,10000.0,1,0,1,0,0,0,0,1,0,0,1
1005,Hyundai Verna CRDi 1.6 SX,2017.0,900000,50000.0,1,0,1,0,0,0,0,1,0,0,1
1006,Hyundai Grand i10 1.2 Kappa Sportz BSIV,2019.0,550000,25000.0,1,0,1,0,0,0,0,1,0,0,1
1007,Maruti Alto LX,2007.0,100000,52000.0,2,0,0,0,0,1,0,1,0,0,1
1010,Hyundai i20 Asta 1.4 CRDi,2013.0,300000,90000.0,1,0,1,0,0,0,0,1,0,0,1
1011,Tata Indigo LX,2011.0,140000,60000.0,2,0,1,0,0,0,0,1,0,0,1
1017,Ford Figo Aspire 1.2 Ti-VCT Trend,2018.0,550000,35000.0,1,0,0,0,0,1,0,1,0,0,1
1018,Mahindra XUV500 W8 4WD,2012.0,650000,71042.0,1,0,1,0,0,0,1,0,0,0,1
1019,Mitsubishi Pajero Sport 4X4,2012.0,1025000,167870.0,2,0,1,0,0,0,1,0,0,0,1
1020,Ford Fiesta 1.5 TDCi Titanium,2011.0,195000,133564.0,1,0,1,0,0,0,1,0,0,0,1
1022,BMW 3 Series 320d Sport,2013.0,1490000,60000.0,1,0,1,0,0,0,1,0,0,1,0
1024,Honda City i-VTEC CVT ZX,2018.0,1140000,23038.0,1,0,0,0,0,1,0,0,1,1,0
1025,Chevrolet Beat Diesel LS,2011.0,95000,70000.0,1,0,1,0,0,0,0,1,0,0,1
1026,BMW 3 Series GT Luxury Line,2017.0,3050000,30000.0,1,0,1,0,0,0,0,1,0,1,0
1027,Hyundai Grand i10 1.2 Kappa Magna AT,2017.0,550000,19890.0,1,0,1,0,0,0,1,0,0,1,0
1030,Chevrolet Beat LT Option,2016.0,239000,41000.0,1,0,0,0,0,1,0,1,0,0,1
1034,Maruti Baleno Delta 1.2,2017.0,585000,60000.0,1,0,0,0,0,1,0,0,1,0,1
1035,Maruti Baleno Alpha CVT,2018.0,825000,11212.0,1,0,0,0,0,1,0,0,1,1,0
1036,Hyundai i20 1.4 Magna Executive,2013.0,280000,52000.0,1,0,1,0,0,0,1,0,0,0,1
1037,Maruti Baleno Zeta,2016.0,725000,49217.0,1,0,0,0,0,1,0,0,1,0,1
1038,Mahindra Verito 1.5 D4 BSIV,2015.0,300000,90000.0,1,0,1,0,0,0,0,1,0,0,1
1039,Hyundai Xcent 1.2 Kappa S,2014.0,375000,70000.0,1,0,0,0,0,1,0,1,0,0,1
1040,Honda City VTEC,2003.0,310000,90000.0,4,0,0,0,0,1,0,1,0,0,1
1041,Maruti Swift Dzire VDi,2011.0,375000,190000.0,3,0,1,0,0,0,0,1,0,0,1
1042,Ford Endeavour 3.2 Titanium AT 4X4,2016.0,1950000,106000.0,1,0,1,0,0,0,0,1,0,1,0
1043,Tata Xenon XT EX 4X2,2012.0,400000,80000.0,2,0,1,0,0,0,0,1,0,0,1
1044,Nissan Terrano XL Plus 85 PS,2014.0,550000,80000.0,2,0,1,0,0,0,0,1,0,0,1
1045,Maruti Eeco 7 Seater Standard BSIV,2018.0,270000,20000.0,1,0,0,0,0,1,0,1,0,0,1
1046,Maruti Ertiga ZDI,2012.0,555000,110000.0,2,0,1,0,0,0,0,1,0,0,1
1047,Ford Ecosport 1.5 DV5 MT Ambiente,2013.0,500000,60000.0,2,0,1,0,0,0,0,1,0,0,1
1048,Skoda Laura Elegance 1.9 TDI  AT,2010.0,400000,130000.0,2,0,1,0,0,0,0,1,0,1,0
1049,Hyundai EON 1.0 Era Plus,2017.0,280000,28838.0,1,0,0,0,0,1,0,1,0,0,1
1050,Tata Indica GLS BS IV,2008.0,80000,200000.0,1,0,0,0,0,1,0,1,0,0,1
1051,Tata Indica DLS,2006.0,55000,100000.0,1,0,1,0,0,0,0,1,0,0,1
1052,Maruti Alto 800 LXI Airbag,2014.0,250000,50000.0,1,0,0,0,0,1,0,1,0,0,1
1053,Mahindra Bolero SLX 2WD,2010.0,250000,190000.0,4,0,1,0,0,0,0,1,0,0,1
1054,Mahindra Jeep MM 540,2007.0,95000,100000.0,2,0,1,0,0,0,0,1,0,0,1
1055,Mahindra Scorpio 1.99 S10,2014.0,725000,135000.0,2,0,1,0,0,0,0,1,0,0,1
1056,Mahindra Bolero Power Plus Plus AC BSIV PS,2015.0,320000,60000.0,3,0,1,0,0,0,0,1,0,0,1
1057,Skoda Octavia Elegance 2.0 TDI AT,2014.0,1200000,60000.0,3,0,1,0,0,0,0,1,0,1,0
1058,Chevrolet Beat Diesel LS,2012.0,160000,50000.0,1,0,1,0,0,0,0,1,0,0,1
1059,Honda Jazz 1.5 VX i DTEC,2018.0,790000,19571.0,1,0,1,0,0,0,1,0,0,0,1
1060,Honda City i-VTEC ZX,2018.0,1200000,29600.0,1,0,0,0,0,1,1,0,0,0,1
1061,Maruti Swift LXI,2011.0,175000,70000.0,1,0,0,0,0,1,0,1,0,0,1
1062,Maruti Vitara Brezza ZDi Plus AMT Dual Tone,2018.0,950000,15000.0,1,0,1,0,0,0,0,1,0,1,0
1063,Maruti Celerio LXI MT BSIV,2019.0,340000,50000.0,1,0,0,0,0,1,0,1,0,0,1
1064,Renault Captur 1.5 Diesel RXT,2017.0,825000,13500.0,1,0,1,0,0,0,0,1,0,0,1
1065,Audi A4 30 TFSI Technology,2018.0,3100000,22000.0,1,0,0,0,0,1,0,1,0,1,0
1066,Honda Amaze VX Diesel BSIV,2018.0,780000,25000.0,1,0,1,0,0,0,1,0,0,0,1
1067,Toyota Corolla Altis 1.8 VL AT,2010.0,350000,80000.0,3,0,0,0,0,1,0,1,0,1,0
1068,Honda Amaze VX Petrol BSIV,2018.0,690000,39000.0,1,0,0,0,0,1,1,0,0,0,1
1069,Maruti Alto 800 VXI,2016.0,245000,60000.0,1,0,0,0,0,1,0,1,0,0,1
1070,Honda Amaze VX Diesel BSIV,2018.0,790000,49000.0,1,0,1,0,0,0,1,0,0,0,1
1071,Honda Amaze VX i-VTEC,2018.0,680000,48600.0,1,0,0,0,0,1,1,0,0,0,1
1072,Hyundai Grand i10 Asta Option,2017.0,540000,20000.0,1,0,0,0,0,1,0,1,0,0,1
1073,Mahindra KUV 100 mFALCON G80 K2,2016.0,425000,25000.0,1,0,0,0,0,1,0,1,0,0,1
1074,Maruti Zen Estilo Sports,2008.0,140000,120000.0,1,0,0,0,0,1,0,1,0,0,1
1075,Maruti Ertiga ZDI Plus,2019.0,1100000,30000.0,1,0,1,0,0,0,0,1,0,0,1
1076,Renault Lodgy 85PS RxL,2015.0,715000,35000.0,1,0,1,0,0,0,0,1,0,0,1
1078,Audi Q3 2.0 TDI Quattro Premium Plus,2015.0,1750000,127643.0,1,0,1,0,0,0,1,0,0,1,0
1079,Tata Zest Revotron 1.2T XMS,2018.0,400000,54000.0,2,0,0,0,0,1,1,0,0,0,1
1080,Audi A6 2.0 TDI  Design Edition,2014.0,1750000,102354.0,1,0,1,0,0,0,1,0,0,1,0
1081,Audi Q5 2.0 TFSI Quattro Premium Plus,2014.0,1850000,62237.0,1,0,0,0,0,1,1,0,0,1,0
1082,Hyundai Santro Xing XL eRLX Euro III,2005.0,114999,90000.0,2,0,0,0,0,1,1,0,0,0,1
1083,Ford EcoSport 1.5 TDCi Titanium BSIV,2018.0,950000,21394.0,1,0,1,0,0,0,1,0,0,0,1
1084,Datsun GO T Petrol,2015.0,310000,32686.0,1,0,0,0,0,1,1,0,0,0,1
1085,Mahindra Jeep CJ 500 DI,2006.0,575000,1001.0,1,0,1,0,0,0,1,0,0,0,1
1086,Renault Pulse RxZ,2017.0,490000,22000.0,1,0,1,0,0,0,1,0,0,0,1
1087,Hyundai Grand i10 Magna,2017.0,480000,53261.0,1,0,0,0,0,1,1,0,0,0,1
1088,Land Rover Discovery Sport SD4 HSE Luxury,2016.0,3500000,53000.0,1,0,1,0,0,0,1,0,0,1,0
1089,Renault KWID 1.0 RXT Optional,2018.0,370000,10000.0,1,0,0,0,0,1,1,0,0,0,1
1090,Maruti Baleno Alpha 1.3,2017.0,835000,14000.0,1,0,1,0,0,0,1,0,0,0,1
1091,Volkswagen Polo 2015-2019 1.2 MPI Highline,2017.0,650000,44000.0,1,0,0,0,0,1,1,0,0,0,1
1092,Toyota Etios VD,2014.0,670000,39895.0,1,0,1,0,0,0,1,0,0,0,1
1093,Chevrolet Cruze LTZ AT,2017.0,950000,73000.0,1,0,1,0,0,0,1,0,0,1,0
1094,Honda City i-VTEC SV,2014.0,690000,17000.0,1,0,0,0,0,1,1,0,0,0,1
1095,Volkswagen Polo 2015-2019 1.2 MPI Highline,2017.0,670000,18591.0,1,0,0,0,0,1,1,0,0,0,1
1096,Tata Nexon 1.5 Revotorq XZ,2017.0,925000,26766.0,1,0,1,0,0,0,1,0,0,0,1
1097,Hyundai EON Magna Plus,2015.0,250000,30000.0,1,0,0,0,0,1,0,1,0,0,1
1098,Tata Sumo Gold EX,2016.0,509999,42000.0,1,0,1,0,0,0,0,1,0,0,1
1099,Honda City i DTEC VX,2014.0,520000,110000.0,1,0,1,0,0,0,0,1,0,0,1
1100,Tata Indica DLE,2005.0,100000,100000.0,1,0,1,0,0,0,0,1,0,0,1
1101,Tata Indica DLS,2006.0,85000,300000.0,1,0,1,0,0,0,0,1,0,0,1
1102,Tata Indigo LX,2009.0,130000,110000.0,3,0,1,0,0,0,0,1,0,0,1
1103,Ford EcoSport 1.5 TDCi Titanium BSIV,2018.0,950000,27620.0,1,0,1,0,0,0,1,0,0,0,1
1104,Ford Figo Aspire 1.2 Ti-VCT Titanium Plus,2015.0,450000,70000.0,1,0,0,0,0,1,0,1,0,0,1
1105,Honda City S,2012.0,320000,50000.0,2,0,0,0,0,1,0,1,0,0,1
1106,Maruti Swift Dzire VDI,2015.0,480000,50000.0,1,0,1,0,0,0,0,1,0,0,1
1107,Mercedes-Benz New C-Class C 220 CDI Grand Edition,2014.0,2490000,46000.0,1,0,1,0,0,0,0,1,0,1,0
1108,Toyota Innova 2.5 VX 8 STR,2012.0,790000,82000.0,1,0,1,0,0,0,0,1,0,0,1
1109,Maruti Omni MPI STD BSIV,2016.0,120000,120000.0,1,0,0,0,0,1,0,1,0,0,1
1110,Maruti Alto LXi,2006.0,75000,80000.0,3,0,0,0,0,1,0,1,0,0,1
1111,Tata Indica GLS BS IV,2010.0,99000,70000.0,1,0,0,0,0,1,0,1,0,0,1
1112,Maruti S-Cross Zeta DDiS 200 SH,2018.0,1015000,20000.0,1,0,1,0,0,0,0,1,0,0,1
1113,Mahindra Xylo D4 BSIV,2013.0,250000,200000.0,2,0,1,0,0,0,0,1,0,0,1
1114,Toyota Innova Crysta 2.5 VX BS IV,2011.0,520000,120000.0,1,0,1,0,0,0,0,1,0,0,1
1115,Hyundai Verna CRDi 1.6 AT SX Option,2018.0,1100000,30000.0,1,0,1,0,0,0,0,1,0,1,0
1116,Toyota Innova 2.5 V Diesel 7-seater,2005.0,200000,60000.0,1,0,1,0,0,0,0,1,0,0,1
1117,Maruti Swift Dzire VDI,2016.0,525000,60000.0,1,0,1,0,0,0,0,1,0,0,1
1118,Hyundai i20 Asta 1.2,2016.0,500000,40000.0,1,0,0,0,0,1,0,1,0,0,1
1119,Mahindra Scorpio S2 7 Seater,2016.0,675000,161327.0,1,0,1,0,0,0,0,1,0,0,1
1120,Hyundai i10 Magna 1.2 iTech SE,2009.0,150000,60000.0,3,0,0,0,0,1,0,1,0,0,1
1121,Mahindra Bolero DI,2007.0,250000,50000.0,1,0,1,0,0,0,0,1,0,0,1
1122,Hyundai Grand i10 1.2 Kappa Sportz BSIV,2018.0,450000,6000.0,1,0,0,0,0,1,0,1,0,0,1
1123,Hyundai Santro Xing XS,2009.0,150000,68000.0,2,0,0,0,0,1,0,1,0,0,1
1124,Chevrolet Beat Diesel LS,2012.0,200000,85000.0,1,0,1,0,0,0,0,1,0,0,1
1125,Mahindra Scorpio VLS AT 2.2 mHAWK,2011.0,525000,70000.0,1,0,1,0,0,0,0,1,0,1,0
1126,Maruti Esteem VX,1999.0,60000,35000.0,2,0,0,0,0,1,0,1,0,0,1
1127,Maruti Swift Vdi BSIII,2010.0,180000,100000.0,2,0,1,0,0,0,0,1,0,0,1
1128,Honda Amaze S i-Dtech,2015.0,475000,110000.0,1,0,1,0,0,0,0,1,0,0,1
1129,Mahindra Scorpio VLS AT 2.2 mHAWK,2010.0,380000,195000.0,2,0,1,0,0,0,0,1,0,1,0
1130,Maruti Alto 800 LXI,2015.0,285000,46000.0,2,0,0,0,0,1,0,1,0,0,1
1131,Maruti Alto LXi BSIII,2008.0,91200,60000.0,2,0,0,0,0,1,0,1,0,0,1
1133,Hyundai Grand i10 CRDi Sportz,2015.0,400000,42000.0,1,0,1,0,0,0,0,1,0,0,1
1134,Hyundai Santro Xing XG AT,2006.0,160000,90000.0,2,0,0,0,0,1,0,1,0,1,0
1135,Skoda Yeti Ambition 4X2,2012.0,650000,85000.0,2,0,1,0,0,0,0,1,0,0,1
1136,Hyundai Verna 1.6 SX,2012.0,409999,120000.0,3,0,1,0,0,0,0,1,0,0,1
1137,Ford Ecosport 1.5 DV5 MT Titanium,2013.0,425000,72000.0,1,0,1,0,0,0,0,1,0,0,1
1138,Maruti Wagon R LXI CNG,2013.0,250000,71000.0,2,0,1,0,0,0,0,1,0,0,1
1139,Maruti Swift Dzire VXi,2009.0,200000,110000.0,4,0,0,0,0,1,0,1,0,0,1
1140,Maruti Wagon R LXI CNG,2013.0,250000,71000.0,2,1,0,0,0,0,0,1,0,0,1
1141,Volkswagen Polo Diesel Trendline 1.2L,2010.0,130000,144000.0,4,0,1,0,0,0,0,1,0,0,1
1142,Maruti Eeco 5 Seater AC BSIV,2017.0,260000,30000.0,1,0,1,0,0,0,1,0,0,0,1
1143,Hyundai Verna SX,2007.0,155000,65000.0,1,0,0,0,0,1,1,0,0,0,1
1144,Honda Jazz 1.5 VX i DTEC,2015.0,450000,38000.0,1,0,1,0,0,0,0,1,0,0,1
1145,Maruti SX4 Celebration Petrol,2012.0,220000,90000.0,2,0,0,0,0,1,0,1,0,0,1
1146,Hyundai i20 Active S Diesel,2018.0,650000,37000.0,1,0,1,0,0,0,1,0,0,0,1
1147,Maruti Alto 800 LXI,2018.0,285000,30000.0,1,0,0,0,0,1,1,0,0,0,1
1148,Honda Amaze V CVT Petrol BSIV,2018.0,725000,26000.0,1,0,0,0,0,1,1,0,0,1,0
1149,Maruti Ciaz ZXi,2016.0,625000,30000.0,1,0,0,0,0,1,1,0,0,0,1
1150,Hyundai i20 Active SX Petrol,2016.0,550000,23000.0,1,0,0,0,0,1,1,0,0,0,1
1151,Hyundai i10 Magna,2012.0,240000,40000.0,1,0,0,0,0,1,1,0,0,0,1
1152,Nissan Terrano XL 85 PS,2014.0,600000,27000.0,1,0,1,0,0,0,1,0,0,0,1
1153,Tata New Safari DICOR 2.2 EX 4x2,2012.0,350000,65000.0,1,0,1,0,0,0,1,0,0,0,1
1154,Hyundai EON Magna Plus,2015.0,245000,32000.0,1,0,0,0,0,1,1,0,0,0,1
1155,Mahindra Bolero B6,2016.0,600000,56000.0,1,0,1,0,0,0,1,0,0,0,1
1156,BMW X1 sDrive 20d xLine,2017.0,2400000,30000.0,1,0,1,0,0,0,0,1,0,1,0
1157,Mahindra Scorpio SLE BS IV,2014.0,620000,80000.0,1,0,1,0,0,0,1,0,0,0,1
1158,Maruti Swift Dzire 1.2 Vxi BSIV,2014.0,395000,52000.0,2,0,0,0,0,1,1,0,0,0,1
1159,Maruti Ertiga ZXI,2014.0,635000,13250.0,1,0,0,0,0,1,1,0,0,0,1
1160,Maruti Alto LX,2011.0,180000,36000.0,1,0,0,0,0,1,1,0,0,0,1
1161,Maruti Swift ZDI Plus,2015.0,484999,73000.0,2,0,1,0,0,0,1,0,0,0,1
1162,Maruti Alto LX,2004.0,110000,60000.0,1,0,0,0,0,1,0,1,0,0,1
1163,Maruti Wagon R VXI BSIII,2006.0,150000,60000.0,2,0,0,0,0,1,0,1,0,0,1
1164,Chevrolet Tavera Neo 2 LT L 9 Str,2012.0,400000,110000.0,1,0,1,0,0,0,0,1,0,0,1
1165,Tata Indica Vista Aura Plus 1.3 Quadrajet,2012.0,200000,70000.0,2,0,1,0,0,0,0,1,0,0,1
1166,Renault Duster 85PS Diesel RxL Plus,2013.0,302000,60000.0,2,0,1,0,0,0,0,1,0,0,1
1167,Maruti Swift Dzire Vdi BSIV,2011.0,215000,90000.0,4,0,1,0,0,0,0,1,0,0,1
1168,Maruti Wagon R VXI BSIII,2004.0,155000,80000.0,2,0,0,0,0,1,0,1,0,0,1
1169,Toyota Innova 2.5 G (Diesel) 8 Seater,2014.0,1000000,101000.0,2,0,1,0,0,0,0,1,0,0,1
1170,Mahindra Bolero Power Plus SLX,2018.0,550000,44000.0,1,0,1,0,0,0,0,1,0,0,1
1171,Maruti Swift 1.3 VXi,2006.0,200000,45000.0,1,0,0,0,0,1,0,1,0,0,1
1172,Mahindra Scorpio S2 7 Seater,2017.0,750000,120000.0,1,0,1,0,0,0,0,1,0,0,1
1173,Maruti Zen LXI,2005.0,90000,90000.0,2,0,0,0,0,1,0,1,0,0,1
1174,Maruti Wagon R LXI Minor,2007.0,80000,120000.0,2,0,0,0,0,1,0,1,0,0,1
1175,Hyundai EON D Lite Plus,2013.0,229999,13500.0,1,0,0,0,0,1,0,1,0,0,1
1176,Renault KWID 1.0 RXT Optional,2017.0,350000,10000.0,1,0,0,0,0,1,0,1,0,0,1
1177,Hyundai Grand i10 Magna,2015.0,325000,25000.0,3,0,0,0,0,1,0,1,0,0,1
1178,Tata Tigor 1.2 Revotron XT,2018.0,450000,8500.0,1,0,0,0,0,1,0,1,0,0,1
1179,Maruti SX4 Celebration Diesel,2012.0,250000,120000.0,1,0,1,0,0,0,0,1,0,0,1
1180,Volkswagen Polo Diesel Comfortline 1.2L,2012.0,225000,120000.0,1,0,1,0,0,0,0,1,0,0,1
1181,Maruti Alto LXi,2009.0,150000,90246.0,3,0,0,0,0,1,0,1,0,0,1
1182,Maruti Alto LX BSIII,2014.0,110000,90000.0,2,0,0,0,0,1,0,1,0,0,1
1183,Maruti Alto LXi BSIII,2010.0,150000,40000.0,2,0,0,0,0,1,0,1,0,0,1
1184,Maruti Gypsy King Hard Top,2000.0,165000,60000.0,4,0,0,0,0,1,0,1,0,0,1
1185,Renault Duster 85PS Diesel RxL,2017.0,610000,32000.0,2,0,1,0,0,0,0,1,0,0,1
1186,Tata Manza Club Class Quadrajet90 VX,2013.0,170000,60400.0,1,0,1,0,0,0,0,1,0,0,1
1187,Hyundai Verna CRDi,2008.0,150000,70950.0,2,0,1,0,0,0,0,1,0,0,1
1189,Hyundai Xcent 1.1 CRDi Base,2015.0,375000,72000.0,1,0,1,0,0,0,0,1,0,0,1
1190,Maruti Swift VDI,2013.0,390000,90000.0,1,0,1,0,0,0,0,1,0,0,1
1191,Hyundai i20 Active 1.2 S,2017.0,600000,10000.0,1,0,0,0,0,1,0,1,0,0,1
1192,Maruti Alto 800 LXI,2014.0,204999,25000.0,2,0,0,0,0,1,0,1,0,0,1
1193,Hyundai Verna CRDi,2009.0,270000,80000.0,2,0,1,0,0,0,0,1,0,0,1
1194,Hyundai Grand i10 Sportz,2017.0,375000,10000.0,1,0,0,0,0,1,0,1,0,0,1
1195,Maruti Baleno Zeta,2020.0,700000,1100.0,1,0,0,0,0,1,0,1,0,0,1
1196,Maruti Swift VXI Deca,2017.0,455000,40000.0,1,0,0,0,0,1,0,1,0,0,1
1197,Hyundai i10 Sportz 1.1L,2017.0,375000,10000.0,1,0,0,0,0,1,0,1,0,0,1
1198,Hyundai Grand i10 Asta,2014.0,341000,31491.0,1,0,0,0,0,1,0,1,0,0,1
1199,Maruti Swift Dzire VDI,2014.0,200000,107143.0,2,0,1,0,0,0,0,1,0,0,1
1200,Maruti Ignis 1.2 AMT Delta BSIV,2017.0,450000,15000.0,1,0,0,0,0,1,0,1,0,1,0
1201,Hyundai Santro Xing GL Plus,2012.0,170000,50000.0,2,0,0,0,0,1,0,1,0,0,1
1202,Toyota Innova Crysta 2.4 VX MT 8S BSIV,2017.0,1900000,100000.0,1,0,1,0,0,0,0,1,0,0,1
1203,Mahindra Bolero Power Plus LX,2016.0,500000,60000.0,1,0,1,0,0,0,0,1,0,0,1
1204,Maruti Vitara Brezza ZDi Plus,2016.0,819999,85000.0,1,0,1,0,0,0,0,1,0,0,1
1205,Maruti Swift 1.2 DLX,2014.0,351000,40000.0,2,0,0,0,0,1,0,1,0,0,1
1206,Hyundai i10 Magna 1.2 iTech SE,2011.0,195000,80000.0,2,0,0,0,0,1,0,1,0,0,1
1207,Maruti Swift Dzire VDi,2008.0,250000,82000.0,2,0,1,0,0,0,0,1,0,0,1
1208,Maruti Zen Estilo 1.1 VXI BSIII,2008.0,120000,70000.0,2,0,0,0,0,1,0,1,0,0,1
1209,Maruti A-Star Vxi,2009.0,180000,70000.0,3,0,0,0,0,1,0,1,0,0,1
1210,Mahindra KUV 100 mFALCON D75 K6,2016.0,430000,20000.0,1,0,1,0,0,0,0,1,0,0,1
1211,Tata Nano Cx BSIV,2012.0,75000,35000.0,2,0,0,0,0,1,0,1,0,0,1
1212,Mahindra Xylo D4,2017.0,750000,80000.0,1,0,1,0,0,0,0,1,0,0,1
1213,Tata Nano Lx,2011.0,60000,40000.0,1,0,0,0,0,1,0,1,0,0,1
1214,Toyota Innova 2.5 VX (Diesel) 8 Seater,2015.0,1500000,46412.0,1,0,1,0,0,0,0,1,0,0,1
1215,Mahindra Bolero SLX 2WD BSIII,2011.0,390000,150000.0,4,0,1,0,0,0,0,1,0,0,1
1216,Mahindra TUV 300 T4,2016.0,630000,50000.0,1,0,1,0,0,0,0,1,0,0,1
1217,Tata Safari Storme VX Varicor 400,2018.0,1085000,15000.0,1,0,1,0,0,0,0,1,0,0,1
1218,Hyundai i10 Magna 1.2 iTech SE,2012.0,190000,60000.0,2,0,0,0,0,1,0,1,0,0,1
1219,Maruti Baleno Delta Automatic,2018.0,550000,25000.0,1,0,0,0,0,1,0,1,0,1,0
1220,Maruti Alto 800 LXI,2012.0,200000,90000.0,3,0,0,0,0,1,0,1,0,0,1
1221,Chevrolet Spark 1.0 LT,2011.0,165000,60000.0,1,0,0,0,0,1,0,1,0,0,1
1222,Ford Figo Diesel Celebration Edition,2013.0,260000,65000.0,1,0,1,0,0,0,0,1,0,0,1
1223,Maruti Alto LX,2011.0,151000,40000.0,1,0,0,0,0,1,0,1,0,0,1
1224,Maruti Vitara Brezza VDi,2018.0,780000,50000.0,1,0,1,0,0,0,0,1,0,0,1
1225,Tata Indica Vista Quadrajet LX,2012.0,175000,80000.0,3,0,1,0,0,0,0,1,0,0,1
1226,Tata Indica Vista TDI LS,2010.0,170000,107500.0,1,0,1,0,0,0,1,0,0,0,1
1227,Tata Indica Vista TDI LS,2013.0,210000,135000.0,2,0,1,0,0,0,1,0,0,0,1
1228,Maruti Alto LXi,2007.0,90000,43826.0,2,0,0,0,0,1,1,0,0,0,1
1229,Hyundai i20 Active S Petrol,2016.0,535000,55838.0,1,0,0,0,0,1,1,0,0,0,1
1230,Maruti Swift VDI BSIV,2007.0,195000,112880.0,1,0,1,0,0,0,1,0,0,0,1
1231,Tata Indica Vista Terra Quadrajet 1.3L,2011.0,140000,60000.0,3,0,1,0,0,0,0,1,0,0,1
1232,Nissan Sunny XL,2012.0,350000,40000.0,1,0,0,0,0,1,0,1,0,0,1
1233,Hyundai Verna 1.6 SX VTVT (O),2013.0,425000,66000.0,1,0,1,0,0,0,0,1,0,0,1
1234,Renault KWID 1.0 RXT Optional,2017.0,300000,30300.0,1,0,0,0,0,1,0,1,0,0,1
1235,Volkswagen Vento Diesel Style Limited Edition,2013.0,340000,85000.0,1,0,1,0,0,0,0,1,0,0,1
1236,Maruti Swift Dzire VXi,2009.0,250000,80659.0,1,0,0,0,0,1,1,0,0,0,1
1237,Chevrolet Aveo 1.4 LS,2008.0,170000,81324.0,1,0,0,0,0,1,1,0,0,0,1
1238,Honda Amaze S i-Dtech,2013.0,315000,127884.0,1,0,1,0,0,0,1,0,0,0,1
1239,Chevrolet Beat PS,2015.0,200000,50000.0,1,0,0,0,0,1,0,1,0,0,1
1240,Chevrolet Beat PS,2016.0,300000,25000.0,1,0,0,0,0,1,0,1,0,0,1
1241,Honda Amaze S i-Dtech,2015.0,300000,66755.0,1,0,1,0,0,0,1,0,0,0,1
1242,Honda City E,2013.0,380000,123084.0,1,0,0,0,0,1,1,0,0,0,1
1243,Maruti Swift VXI BSIII,2009.0,250000,806599.0,1,0,0,0,0,1,1,0,0,0,1
1244,Honda Amaze S i-Dtech,2013.0,310000,95851.0,1,0,1,0,0,0,1,0,0,0,1
1245,Maruti Wagon R VXI Minor ABS,2010.0,260000,50000.0,1,0,0,0,0,1,0,1,0,0,1
1246,Maruti Omni BSIII 8-STR W/ IMMOBILISER,2008.0,150000,50000.0,2,0,1,0,0,0,0,1,0,0,1
1247,Maruti Esteem Vxi - BSIII,2006.0,85000,60000.0,2,0,0,0,0,1,0,1,0,0,1
1248,Maruti Alto 800 LXI,2014.0,280000,15000.0,2,0,0,0,0,1,0,1,0,0,1
1249,Mahindra Xylo H4 ABS,2016.0,850000,40000.0,1,0,1,0,0,0,0,1,0,0,1
1250,Datsun GO Plus T Option BSIV,2017.0,375000,20000.0,2,0,0,0,0,1,0,1,0,0,1
1251,Hyundai Elantra CRDi (Leather Option),2006.0,125000,120000.0,3,0,1,0,0,0,0,1,0,0,1
1252,Chevrolet Beat Diesel LT,2012.0,250000,110000.0,1,0,1,0,0,0,0,1,0,0,1
1253,Toyota Corolla Altis D-4D J,2014.0,715000,234000.0,1,0,1,0,0,0,0,1,0,0,1
1254,Hyundai i20 1.4 CRDi Era,2011.0,220000,70000.0,1,0,1,0,0,0,0,1,0,0,1
1255,Tata Indica Vista Aqua 1.3 Quadrajet,2010.0,110000,110000.0,2,0,1,0,0,0,0,1,0,0,1
1256,Hyundai Verna XXi (Petrol),2007.0,150000,84000.0,2,0,0,0,0,1,0,1,0,0,1
1257,Nissan Sunny Diesel XV,2012.0,300000,170000.0,1,0,1,0,0,0,0,1,0,0,1
1258,Datsun RediGO T Option,2017.0,220000,40000.0,1,0,0,0,0,1,0,1,0,0,1
1259,Maruti Wagon R LX,2006.0,75000,96000.0,2,0,0,0,0,1,0,1,0,0,1
1260,Tata Indigo LS,2009.0,100000,20000.0,1,0,1,0,0,0,0,1,0,0,1
1261,Ford Figo Aspire 1.2 Ti-VCT Trend,2016.0,380000,15000.0,1,0,0,0,0,1,0,1,0,0,1
1262,Hyundai Santro Xing XK (Non-AC),2007.0,100000,50000.0,1,0,0,0,0,1,0,1,0,0,1
1263,Volkswagen Passat 1.8 TSI MT,2010.0,480000,80000.0,2,0,1,0,0,0,0,1,0,0,1
1264,Toyota Etios GD,2012.0,300000,60000.0,1,0,1,0,0,0,0,1,0,0,1
1265,Chevrolet Beat Diesel LS,2013.0,190000,70000.0,1,0,1,0,0,0,0,1,0,0,1
1266,Ford Figo Diesel LXI,2012.0,190000,130000.0,2,0,1,0,0,0,0,1,0,0,1
1267,Ford EcoSport 1.5 Ti VCT MT Trend BSIV,2017.0,650000,19014.0,1,0,0,0,0,1,0,1,0,0,1
1268,Toyota Corolla Executive (HE),2009.0,300000,23262.0,1,0,0,0,0,1,1,0,0,0,1
1269,Ford Freestyle Titanium Diesel BSIV,2016.0,700000,29600.0,1,0,1,0,0,0,1,0,0,0,1
1270,Hyundai i10 Sportz 1.1L,2015.0,310000,35925.0,1,0,0,0,0,1,1,0,0,0,1
1271,Maruti Ignis 1.2 Zeta BSIV,2018.0,500000,12000.0,1,0,0,0,0,1,0,1,0,0,1
1272,Toyota Etios V,2013.0,415000,40771.0,1,0,0,0,0,1,1,0,0,0,1
1273,Maruti Celerio VXI AT,2015.0,395000,30500.0,2,0,0,0,0,1,1,0,0,1,0
1274,Toyota Etios Liva 1.2 G,2014.0,430000,42000.0,2,0,0,0,0,1,1,0,0,0,1
1275,Toyota Corolla H6,2007.0,215000,55800.0,2,0,0,0,0,1,0,1,0,0,1
1276,Renault Duster RXL AWD,2014.0,550000,66569.0,1,0,1,0,0,0,1,0,0,0,1
1277,Volkswagen Polo 1.5 TDI Trendline,2014.0,415000,81358.0,1,0,1,0,0,0,1,0,0,0,1
1278,Volkswagen Polo 1.5 TDI Comfortline,2015.0,450000,82695.0,1,0,1,0,0,0,1,0,0,0,1
1279,Ford Figo Diesel EXI,2014.0,285000,68293.0,2,0,1,0,0,0,1,0,0,0,1
1280,Honda Jazz VX CVT,2016.0,580000,32000.0,1,0,0,0,0,1,1,0,0,1,0
1281,Maruti Swift Dzire Tour LDI,2014.0,300000,60000.0,1,0,1,0,0,0,1,0,0,0,1
1282,Hyundai Verna CRDi 1.6 SX Option,2018.0,1200000,60000.0,1,0,1,0,0,0,0,1,0,0,1
1283,Maruti 800 Std MPFi,2006.0,78000,64700.0,1,0,0,0,0,1,0,1,0,0,1
1285,Tata Zest Quadrajet 1.3 75PS XE,2016.0,400000,88470.0,1,0,1,0,0,0,0,1,0,0,1
1286,Hyundai Verna 1.6 CRDI SX Option,2016.0,850000,75000.0,1,0,1,0,0,0,0,1,0,0,1
1287,Volkswagen Vento Diesel Highline,2013.0,450000,120000.0,2,0,1,0,0,0,0,1,0,0,1
1288,Mercedes-Benz E-Class E250 CDI Blue Efficiency,2012.0,2500000,35000.0,1,0,1,0,0,0,0,1,0,1,0
1289,Toyota Etios 1.4 VXD,2017.0,780000,70000.0,1,0,1,0,0,0,0,1,0,0,1
1290,Toyota Fortuner 2.8 2WD AT BSIV,2017.0,3200000,57000.0,1,0,1,0,0,0,0,1,0,1,0
1291,Maruti Alto 800 VXI,2020.0,350000,1000.0,1,0,0,0,0,1,0,1,0,0,1
1292,Mahindra Quanto C6,2013.0,285000,60000.0,2,0,1,0,0,0,0,1,0,0,1
1293,Volkswagen Vento 1.5 TDI Highline,2015.0,525000,98000.0,1,0,1,0,0,0,1,0,0,0,1
1294,Maruti Ciaz ZDi,2014.0,550000,90000.0,2,0,1,0,0,0,1,0,0,0,1
1295,Volkswagen Ameo 1.5 TDI Comfortline,2018.0,580000,60000.0,1,0,1,0,0,0,0,1,0,0,1
1296,Tata Nano CX SE,2013.0,75000,25000.0,3,0,0,0,0,1,0,1,0,0,1
1297,Tata Manza Aura Quadrajet,2009.0,185000,60000.0,3,0,1,0,0,0,0,1,0,0,1
1298,Maruti Omni E 8 Str STD,2007.0,110000,90000.0,4,0,0,0,0,1,0,1,0,0,1
1299,Honda City 1.5 EXI,2004.0,180000,200000.0,2,0,0,0,0,1,0,1,0,0,1
1300,Volkswagen Polo Diesel Comfortline 1.2L,2010.0,350000,110000.0,2,0,1,0,0,0,0,1,0,0,1
1301,Chevrolet Optra 1.6 LS,2005.0,60000,126000.0,2,0,0,0,0,1,0,1,0,0,1
1302,Mahindra TUV 300 T10,2018.0,695000,70000.0,1,0,1,0,0,0,0,1,0,0,1
1303,Mahindra Alturas G4 4X2 AT BSIV,2019.0,2700000,5000.0,1,0,1,0,0,0,0,1,0,1,0
1304,Maruti Zen Estilo LX BSIII,2007.0,135000,74183.0,2,0,0,0,0,1,0,1,0,0,1
1305,Mahindra Bolero Power Plus Plus AC BSIV PS,2015.0,640000,70000.0,2,0,1,0,0,0,0,1,0,0,1
1306,Maruti Alto 800 VXI,2014.0,160000,90000.0,1,0,0,0,0,1,0,1,0,0,1
1307,Tata Indica LXI,2004.0,80000,46000.0,2,0,0,0,0,1,0,1,0,0,1
1308,Maruti Swift Dzire VDI,2013.0,340000,110000.0,2,0,1,0,0,0,0,1,0,0,1
1309,Maruti Ritz VDi,2012.0,110000,80000.0,2,0,1,0,0,0,0,1,0,0,1
1310,Tata Sumo Gold EX,2013.0,250000,90000.0,2,0,1,0,0,0,0,1,0,0,1
1311,Toyota Innova Crysta 2.4 VX MT BSIV,2017.0,1300000,70000.0,1,0,1,0,0,0,0,1,0,0,1
1312,Mahindra Quanto C6,2014.0,250000,1.0,2,0,1,0,0,0,0,1,0,0,1
1313,Toyota Innova 2.5 G (Diesel) 8 Seater BS IV,2009.0,450000,192000.0,1,0,1,0,0,0,0,1,0,0,1
1314,Maruti Wagon R LX Minor,2013.0,240000,70000.0,4,0,0,0,0,1,0,1,0,0,1
1315,Mahindra Bolero DI DX 7 Seater,2007.0,225000,120000.0,2,0,1,0,0,0,0,1,0,0,1
1316,Maruti Wagon R VXI Optional,2015.0,275000,60000.0,2,0,0,0,0,1,0,1,0,0,1
1317,Tata Sumo Victa CX 7/9 Str BSII,2012.0,320000,120000.0,2,0,1,0,0,0,0,1,0,0,1
1318,Maruti Alto LX BSIII,2008.0,75000,120000.0,1,0,0,0,0,1,0,1,0,0,1
1319,Tata Indica GLS BS IV,2007.0,85000,50000.0,2,0,0,0,0,1,0,1,0,0,1
1320,Tata Indica Vista Aqua TDI BSIII,2009.0,90000,120000.0,1,0,1,0,0,0,0,1,0,0,1
1321,Maruti Wagon R LXI Minor,2007.0,85000,80000.0,2,0,0,0,0,1,0,1,0,0,1
1322,Mahindra Scorpio M2DI,2008.0,350000,80000.0,2,0,1,0,0,0,0,1,0,0,1
1323,Skoda Superb Elegance 2.0 TDI CR AT,2009.0,355000,100000.0,2,0,1,0,0,0,0,1,0,1,0
1324,Maruti Swift VXI,2020.0,619000,1500.0,1,0,0,0,0,1,0,1,0,0,1
1325,Jeep Compass 2.0 Longitude Option BSIV,2018.0,1700000,50000.0,1,0,1,0,0,0,0,1,0,0,1
1326,Tata Indica DL,2006.0,55000,100000.0,2,0,1,0,0,0,0,1,0,0,1
1327,Ford Fiesta 1.6 ZXi Leather,2006.0,95000,83411.0,1,0,0,0,0,1,0,1,0,0,1
1328,Volkswagen Vento Diesel Highline,2011.0,300000,120000.0,2,0,1,0,0,0,0,1,0,0,1
1329,Ford Fiesta 1.6 ZXi Leather,2006.0,81000,83411.0,1,0,0,0,0,1,0,1,0,0,1
1330,Skoda Superb Elegance 2.0 TDI CR AT,2015.0,1000000,80000.0,2,0,1,0,0,0,0,1,0,1,0
1331,Maruti Ertiga VDI,2019.0,925000,50000.0,1,0,1,0,0,0,0,1,0,0,1
1332,Mahindra Bolero Power Plus Plus AC BSIV PS,2015.0,450000,40000.0,1,0,1,0,0,0,0,1,0,0,1
1333,Mahindra Scorpio EX,2014.0,600000,13270.0,1,0,1,0,0,0,0,1,0,0,1
1334,Hyundai Santro Xing XL AT eRLX Euro III,2006.0,85000,100000.0,3,0,0,0,0,1,0,1,0,1,0
1335,Mahindra Thar DI 4X4 PS,2016.0,700000,50000.0,1,0,1,0,0,0,0,1,0,0,1
1336,Hyundai Grand i10 1.2 Kappa Magna BSIV,2017.0,486000,26500.0,1,0,0,0,0,1,0,1,0,0,1
1337,Maruti Swift VDI,2013.0,400000,90000.0,1,0,1,0,0,0,0,1,0,0,1
1338,Ford Fiesta 1.4 Duratec ZXI,2008.0,120000,100000.0,3,0,0,0,0,1,0,1,0,0,1
1339,Maruti Alto 800 LXI,2018.0,275000,35000.0,1,0,0,0,0,1,0,1,0,0,1
1340,Hyundai i20 Asta Option 1.4 CRDi,2016.0,580000,57000.0,1,0,1,0,0,0,0,1,0,0,1
1341,Maruti Swift Dzire LXI,2015.0,375000,70000.0,1,0,0,0,0,1,0,1,0,0,1
1342,Maruti Wagon R VXI BS IV with ABS,2015.0,229999,100000.0,3,0,0,0,0,1,0,1,0,0,1
1343,Maruti Alto LX,2010.0,110000,88000.0,2,0,0,0,0,1,0,1,0,0,1
1344,Maruti Swift Dzire VDI,2017.0,600000,60000.0,1,0,1,0,0,0,0,1,0,0,1
1345,Maruti A-Star Vxi,2009.0,120000,60000.0,2,0,0,0,0,1,0,1,0,0,1
1346,Ford Figo Diesel Titanium,2010.0,200000,100000.0,2,0,1,0,0,0,0,1,0,0,1
1347,Hyundai Verna 1.6 SX CRDi (O),2012.0,450000,110000.0,2,0,1,0,0,0,0,1,0,0,1
1348,Hyundai Verna 1.6 SX CRDi (O),2012.0,550000,80000.0,2,0,1,0,0,0,0,1,0,0,1
1349,Maruti Alto LX,2012.0,220000,80000.0,2,0,0,0,0,1,0,1,0,0,1
1350,Maruti 800 EX,2001.0,40000,30000.0,1,0,0,0,0,1,0,1,0,0,1
1351,Renault KWID Climber 1.0 AMT,2017.0,300000,20000.0,1,0,0,0,0,1,0,1,0,1,0
1352,Mahindra Bolero Power Plus SLE,2018.0,630000,40000.0,1,0,1,0,0,0,0,1,0,0,1
1353,Maruti Swift Dzire VDI,2017.0,610000,40000.0,2,0,1,0,0,0,0,1,0,0,1
1354,Hyundai Xcent 1.2 VTVT S,2019.0,660000,7000.0,2,0,0,0,0,1,0,1,0,0,1
1355,Maruti Wagon R LXI LPG BSIV,2012.0,220000,80000.0,1,0,0,0,1,0,0,1,0,0,1
1356,Nissan Micra Diesel XV Premium,2011.0,138000,90000.0,2,0,1,0,0,0,0,1,0,0,1
1357,Nissan Micra Diesel XV Premium,2013.0,210000,13770.0,1,0,1,0,0,0,0,1,0,0,1
1358,Maruti Zen LXi - BS III,2005.0,125000,34000.0,1,0,0,0,0,1,1,0,0,0,1
1359,Maruti Alto LXi BSIII,2008.0,125000,102000.0,1,0,0,0,0,1,1,0,0,0,1
1360,Honda City i DTEC SV,2014.0,725000,110000.0,1,0,1,0,0,0,0,1,0,0,1
1361,Maruti Alto K10 2010-2014 VXI,2011.0,170000,90000.0,2,0,0,0,0,1,0,1,0,0,1
1362,Toyota Innova 2.5 VX (Diesel) 7 Seater,2015.0,1200000,70000.0,3,0,1,0,0,0,0,1,0,0,1
1363,Maruti Wagon R VXI BSIII,2003.0,70000,90000.0,2,0,0,0,0,1,0,1,0,0,1
1364,Maruti Alto LXi,2007.0,100000,70000.0,2,0,0,0,0,1,0,1,0,0,1
1365,Honda Civic 1.8 (E) MT,2006.0,300000,80000.0,2,0,0,0,0,1,0,1,0,0,1
1366,Maruti Swift VDI,2013.0,450000,100000.0,2,0,1,0,0,0,0,1,0,0,1
1367,Maruti Swift Dzire VDI,2015.0,530000,100000.0,1,0,1,0,0,0,0,1,0,0,1
1368,Maruti Zen Estilo 1.1 LXI BSIII,2007.0,100000,143000.0,3,0,0,0,0,1,0,1,0,0,1
1369,Honda City 1.5 V MT,2010.0,350000,115000.0,2,0,0,0,0,1,0,1,0,0,1
1370,Tata Manza ELAN Quadrajet BS IV,2011.0,165000,100000.0,1,0,1,0,0,0,0,1,0,0,1
1371,Maruti Swift Dzire ZDI,2019.0,475000,120000.0,2,0,1,0,0,0,0,1,0,0,1
1372,Mahindra Xylo E4 ABS BS IV,2013.0,350000,42000.0,1,0,1,0,0,0,0,1,0,0,1
1373,Renault KWID RXL,2016.0,229999,38000.0,1,0,0,0,0,1,0,1,0,0,1
1374,Honda WR-V i-DTEC VX,2018.0,800000,60000.0,1,0,1,0,0,0,0,1,0,0,1
1375,Maruti Swift Dzire ZDI,2014.0,475000,120000.0,2,0,1,0,0,0,0,1,0,0,1
1376,Nissan Terrano XL 110 PS,2014.0,425000,136906.0,1,0,1,0,0,0,0,1,0,0,1
1377,Maruti Ciaz VDi Plus,2015.0,660000,97000.0,2,0,1,0,0,0,0,1,0,0,1
1378,Honda Amaze S CVT Petrol,2019.0,610000,10000.0,1,0,0,0,0,1,0,1,0,1,0
1379,Honda Brio S MT,2013.0,240000,50000.0,3,0,0,0,0,1,0,1,0,0,1
1380,Maruti Esteem Lxi,2005.0,70000,60000.0,1,0,0,0,0,1,0,1,0,0,1
1381,Toyota Corolla Altis Diesel D4DGL,2011.0,550000,120000.0,1,0,1,0,0,0,0,1,0,0,1
1382,Tata Indica Vista Aura 1.2 Safire,2010.0,100000,120000.0,2,0,0,0,0,1,0,1,0,0,1
1383,Mahindra Bolero SLE,2010.0,350000,90000.0,2,0,1,0,0,0,0,1,0,0,1
1384,Hyundai EON Era Plus,2013.0,200000,120000.0,1,0,0,0,0,1,0,1,0,0,1
1385,Hyundai Elite i20 Asta Option CVT BSIV,2019.0,720000,3000.0,1,0,0,0,0,1,0,1,0,1,0
1386,Maruti Ritz VDi,2014.0,350000,133000.0,1,0,1,0,0,0,0,1,0,0,1
1387,Maruti Wagon R VXI BS IV,2016.0,400000,25000.0,1,0,0,0,0,1,0,1,0,0,1
1388,Hyundai i20 Active 1.2 S,2017.0,570000,35000.0,1,0,0,0,0,1,0,1,0,0,1
1389,Maruti Omni MPI STD BSIV,2015.0,130000,70000.0,1,0,0,0,0,1,0,1,0,0,1
1390,Maruti Alto 800 LXI,2016.0,210000,52000.0,1,0,0,0,0,1,0,1,0,0,1
1391,Hyundai Creta 1.4 E Plus,2018.0,800000,52000.0,1,0,1,0,0,0,0,1,0,0,1
1392,Honda Jazz 1.5 E i DTEC,2017.0,700000,39000.0,1,0,1,0,0,0,0,1,0,0,1
1393,Tata Indica Vista Quadrajet VX,2011.0,200000,28689.0,1,0,1,0,0,0,0,1,0,0,1
1394,Tata Aria Pure LX 4x2,2014.0,495000,90000.0,2,0,1,0,0,0,0,1,0,0,1
1395,Ford Fiesta Classic 1.4 Duratorq CLXI,2014.0,325000,80322.0,1,0,1,0,0,0,1,0,0,0,1
1396,Ford Freestyle Trend Petrol BSIV,2019.0,650000,8000.0,1,0,0,0,0,1,0,1,0,0,1
1397,Mahindra Jeep MM 775 XDB,2000.0,155000,50000.0,2,0,1,0,0,0,0,1,0,0,1
1398,Maruti 800 AC BSIII,2014.0,75000,90000.0,2,0,0,0,0,1,0,1,0,0,1
1399,Hyundai Grand i10 1.2 CRDi Magna,2015.0,350000,61658.0,1,0,1,0,0,0,1,0,0,0,1
1400,Maruti Zen Estilo LX BSIV,2010.0,90000,50000.0,3,0,0,0,0,1,0,1,0,0,1
1401,Maruti Ertiga SHVS VDI,2016.0,600000,80000.0,1,0,1,0,0,0,0,1,0,0,1
1402,Mahindra Scorpio SLE BSIII,2010.0,400000,185000.0,1,0,1,0,0,0,0,1,0,0,1
1403,Maruti Swift VDI BSIV,2014.0,370000,57000.0,2,0,1,0,0,0,0,1,0,0,1
1404,Maruti 800 DX,2000.0,50000,60000.0,1,0,0,0,0,1,0,1,0,0,1
1405,Honda City 1.5 GXI,2004.0,125000,120000.0,2,0,0,0,0,1,0,1,0,0,1
1406,Honda CR-V Diesel 4WD,2018.0,1800000,60000.0,1,0,1,0,0,0,0,1,0,1,0
1407,Hyundai Grand i10 1.2 Kappa Magna AT,2019.0,650000,20000.0,1,0,0,0,0,1,0,1,0,1,0
1408,Maruti Ertiga BSIV VXI AT,2017.0,800000,30600.0,1,0,1,0,0,0,0,1,0,1,0
1409,Volkswagen Polo 1.0 TSI Highline Plus,2020.0,802000,5000.0,1,0,0,0,0,1,0,1,0,0,1
1410,Audi A4 35 TDI Premium,2015.0,2300000,35000.0,3,0,1,0,0,0,0,1,0,1,0
1411,Hyundai Xcent 1.1 CRDi SX,2016.0,430000,35000.0,1,0,1,0,0,0,0,1,0,0,1
1412,Hyundai Verna 1.6 SX VTVT,2017.0,650000,23000.0,1,0,0,0,0,1,0,1,0,0,1
1413,Mahindra Scorpio 2.6 SLX Turbo 7 Seater,2004.0,170000,120000.0,1,0,1,0,0,0,0,1,0,0,1
1414,Skoda Superb Elegance 2.0 TDI CR AT,2011.0,450000,235000.0,1,0,1,0,0,0,0,1,0,1,0
1415,Maruti Alto 800 LXI,2013.0,250000,87000.0,1,0,0,0,0,1,0,1,0,0,1
1416,Ford Ecosport 1.0 Ecoboost Titanium,2014.0,550000,72000.0,2,0,0,0,0,1,0,1,0,0,1
1417,Jaguar XF 3.0 Litre S Premium Luxury,2013.0,2000000,64000.0,2,0,1,0,0,0,0,1,0,1,0
1418,Maruti Zen Estilo VXI BSIII,2007.0,140000,100000.0,2,0,0,0,0,1,0,1,0,0,1
1419,Chevrolet Beat LT,2012.0,155000,12000.0,1,0,0,0,0,1,0,1,0,0,1
1420,Hyundai Accent Executive,2010.0,120000,67000.0,3,0,0,0,0,1,0,1,0,0,1
1421,Toyota Innova 2.5 E 8 STR,2012.0,287000,70000.0,1,0,1,0,0,0,0,1,0,0,1
1422,Maruti Baleno Alpha 1.3,2016.0,675000,60000.0,1,0,1,0,0,0,0,1,0,0,1
1423,Hyundai i10 Magna 1.2 iTech SE,2011.0,235000,74500.0,2,0,0,0,0,1,0,1,0,0,1
1424,Hyundai i20 1.4 CRDi Asta,2011.0,300000,118700.0,2,0,1,0,0,0,0,1,0,0,1
1425,Nissan Micra XL CVT,2015.0,434999,40000.0,2,0,0,0,0,1,0,1,0,1,0
1426,Mahindra Scorpio VLX AT 2WD BSIII,2004.0,225000,223660.0,3,0,1,0,0,0,0,1,0,1,0
1427,Toyota Corolla AE,2006.0,160000,140000.0,2,0,0,0,0,1,0,1,0,0,1
1428,Hyundai Grand i10 Nios Sportz,2020.0,600000,5000.0,1,0,0,0,0,1,0,1,0,0,1
1429,Chevrolet Tavera Neo 3 LT 9 Seats BSIII,2016.0,470000,100000.0,2,0,1,0,0,0,0,1,0,0,1
1430,Maruti Swift Dzire VXi,2011.0,300000,100000.0,2,0,0,0,0,1,0,1,0,0,1
1431,Maruti Baleno Delta 1.2,2018.0,600000,2000.0,1,0,0,0,0,1,0,1,0,0,1
1432,Hyundai Grand i10 Nios AMT Magna,2020.0,640000,4000.0,1,0,0,0,0,1,0,1,0,1,0
1433,Tata Indica DLS,2006.0,50000,120000.0,4,0,1,0,0,0,0,1,0,0,1
1434,Hyundai Verna 1.6 VTVT S,2015.0,600000,35000.0,1,0,0,0,0,1,0,1,0,0,1
1435,Hyundai i10 Magna LPG,2014.0,290000,29000.0,1,0,0,0,1,0,0,1,0,0,1
1436,Hyundai Verna 1.6 VTVT S,2015.0,600000,30000.0,1,0,0,0,0,1,0,1,0,0,1
1437,Tata Manza Aqua Quadrajet BS IV,2012.0,190000,120000.0,1,0,1,0,0,0,0,1,0,0,1
1438,Hyundai i10 Era 1.1,2008.0,160000,110000.0,3,0,0,0,0,1,0,1,0,0,1
1439,Maruti Alto K10 VXI,2017.0,325000,15000.0,1,0,0,0,0,1,0,1,0,0,1
1440,Mahindra Bolero DI,2006.0,200000,73756.0,1,0,1,0,0,0,0,1,0,0,1
1441,Toyota Fortuner 2.8 2WD AT BSIV,2018.0,2800000,40000.0,1,0,1,0,0,0,0,1,0,1,0
1442,Chevrolet Spark 1.0 LS,2011.0,125000,60000.0,3,0,0,0,0,1,0,1,0,0,1
1443,Hyundai i10 Magna 1.1,2008.0,155000,60000.0,4,0,0,0,0,1,0,1,0,0,1
1444,Hyundai i20 Asta 1.4 CRDi,2015.0,550000,90000.0,1,0,1,0,0,0,0,1,0,0,1
1445,Maruti Wagon R LX BSIII,2009.0,130000,70000.0,4,0,0,0,0,1,0,1,0,0,1
1446,Maruti 800 AC,2002.0,80000,70000.0,2,0,0,0,0,1,0,1,0,0,1
1447,Toyota Etios Cross 1.4L GD,2015.0,500000,80000.0,2,0,1,0,0,0,0,1,0,0,1
1448,Renault KWID RXT BSIV,2019.0,250000,60000.0,1,0,0,0,0,1,0,1,0,0,1
1449,Mahindra XUV500 W8 2WD,2012.0,580000,70000.0,1,0,1,0,0,0,0,1,0,0,1
1450,Daewoo Matiz SD,2002.0,60000,60000.0,1,0,0,0,0,1,0,1,0,0,1
1451,Toyota Etios GD,2012.0,300000,185000.0,1,0,1,0,0,0,0,1,0,0,1
1452,Ford Figo Diesel Titanium,2014.0,200000,90000.0,2,0,1,0,0,0,0,1,0,0,1
1453,Tata Hexa XT,2017.0,1200000,16400.0,1,0,1,0,0,0,0,1,0,0,1
1454,Toyota Etios Cross 1.4L GD,2015.0,350000,80000.0,2,0,1,0,0,0,0,1,0,0,1
1455,Mahindra XUV500 W8 4WD,2012.0,600000,80000.0,2,0,1,0,0,0,0,1,0,0,1
1456,Honda Jazz V,2019.0,650000,60000.0,1,0,0,0,0,1,0,1,0,0,1
1457,Maruti A-Star Lxi,2008.0,120000,40000.0,1,0,0,0,0,1,0,1,0,0,1
1458,Tata New Safari DICOR 2.2 EX 4x2,2010.0,180000,120000.0,2,0,1,0,0,0,0,1,0,0,1
1459,Hyundai Verna VTVT 1.6 AT SX Option,2018.0,950000,41395.0,1,0,0,0,0,1,0,1,0,1,0
1460,Tata Manza Aura Quadrajet BS IV,2012.0,250999,35000.0,2,0,1,0,0,0,0,1,0,0,1
1462,Audi A8 L 3.0 TDI quattro,2009.0,1250000,47000.0,2,0,1,0,0,0,1,0,0,1,0
1463,Chevrolet Beat LT,2013.0,165000,50000.0,1,0,0,0,0,1,0,1,0,0,1
1464,Hyundai Elantra SX,2015.0,700000,48000.0,1,0,0,0,0,1,1,0,0,0,1
1465,Mahindra XUV500 W8 4WD,2015.0,750000,53000.0,1,0,1,0,0,0,1,0,0,0,1
1467,Datsun redi-GO AMT 1.0 T Option,2018.0,290000,60000.0,1,0,0,0,0,1,1,0,0,1,0
1468,Tata Nano Cx BSIII,2014.0,45000,7000.0,2,0,0,0,0,1,0,1,0,0,1
1469,Skoda Superb Ambition 2.0 TDI CR AT,2013.0,675000,88000.0,1,0,1,0,0,0,1,0,0,1,0
1470,Nissan Terrano XL Plus 85 PS,2015.0,530000,55000.0,1,0,1,0,0,0,1,0,0,0,1
1471,BMW X1 sDrive20d M Sport,2014.0,1485000,48000.0,1,0,1,0,0,0,1,0,0,1,0
1472,Chevrolet Enjoy TCDi LT 7 Seater,2014.0,325000,71014.0,1,0,1,0,0,0,1,0,0,0,1
1473,Honda Amaze S Diesel,2015.0,400000,60000.0,1,0,1,0,0,0,1,0,0,0,1
1474,Mahindra KUV 100 D75 K6 Plus,2017.0,380000,71000.0,1,0,1,0,0,0,1,0,0,0,1
1475,Honda City i-VTEC CVT VX,2016.0,750000,45000.0,1,0,0,0,0,1,1,0,0,1,0
1476,Honda Brio VX,2017.0,390000,60000.0,1,0,0,0,0,1,1,0,0,0,1
1478,MG Hector Sharp Diesel MT BSIV,2019.0,1825000,14000.0,1,0,1,0,0,0,1,0,0,0,1
1479,Audi A4 35 TDI Premium Plus,2019.0,3256000,17000.0,1,0,1,0,0,0,1,0,0,1,0
1480,Renault Scala Diesel RxL,2015.0,370000,60000.0,1,0,1,0,0,0,1,0,0,0,1
1481,Chevrolet Beat Diesel LT,2013.0,210000,80000.0,2,0,1,0,0,0,0,1,0,0,1
1482,Skoda Laura Ambiente 1.9 PD,2007.0,175000,60000.0,4,0,1,0,0,0,0,1,0,0,1
1483,Hyundai Verna 1.6 SX CRDi (O),2012.0,575000,89550.0,2,0,1,0,0,0,0,1,0,0,1
1484,Mahindra Xylo D4,2010.0,320000,90000.0,3,0,1,0,0,0,0,1,0,0,1
1485,Maruti Swift Ldi BSIV,2010.0,280000,149500.0,3,0,1,0,0,0,0,1,0,0,1
1486,Renault Duster 85PS Diesel RxL Optional,2013.0,500000,190000.0,2,0,1,0,0,0,0,1,0,0,1
1487,Ford Fiesta Diesel Style,2013.0,380000,83000.0,1,0,1,0,0,0,1,0,0,0,1
1488,Maruti 800 AC BSIII,2005.0,120000,20000.0,2,0,0,0,0,1,0,1,0,0,1
1489,Maruti Eeco 5 Seater AC BSIV,2018.0,395000,20000.0,1,0,0,0,0,1,0,1,0,0,1
1490,Skoda Laura 1.9 TDI MT Ambiente,2010.0,360000,160000.0,1,0,1,0,0,0,0,1,0,0,1
1491,Nissan Terrano XL Plus 85 PS,2015.0,451000,100000.0,1,0,1,0,0,0,0,1,0,0,1
1492,Chevrolet Spark 1.0 LS,2010.0,175000,45000.0,2,0,0,0,0,1,0,1,0,0,1
1493,Chevrolet Spark 1.0 LS,2009.0,170000,44800.0,2,0,0,0,0,1,0,1,0,0,1
1494,Hyundai Santro Xing XL eRLX Euro III,2006.0,100000,40000.0,2,0,0,0,0,1,0,1,0,0,1
1495,Maruti Omni MPI STD BSIV,2014.0,150000,120000.0,3,0,0,0,0,1,0,1,0,0,1
1496,Tata Indica Vista Quadrajet LX,2011.0,149000,10000.0,2,0,1,0,0,0,0,1,0,0,1
1497,Tata Indica Vista Aqua 1.3 Quadrajet,2011.0,160000,80000.0,2,0,1,0,0,0,0,1,0,0,1
1499,Mahindra XUV500 W8 4WD,2014.0,800000,156000.0,1,0,1,0,0,0,0,1,0,0,1
1500,Toyota Innova 2.5 VX (Diesel) 7 Seater BS IV,2010.0,819999,120000.0,2,0,1,0,0,0,0,1,0,0,1
1501,Maruti Baleno Vxi,2007.0,163000,100000.0,2,0,0,0,0,1,0,1,0,0,1
1502,Mercedes-Benz E-Class 220 CDI,2001.0,350000,100000.0,2,0,1,0,0,0,0,1,0,0,1
1503,Tata Indica GLS BS IV,2006.0,75000,100000.0,2,0,0,0,0,1,0,1,0,0,1
1504,Maruti Alto LXi,2012.0,180000,60000.0,2,0,0,0,0,1,0,1,0,0,1
1505,Ford Figo Aspire 1.5 TDCi Trend,2017.0,675000,60000.0,1,0,1,0,0,0,0,1,0,0,1
1506,Maruti Swift VDI,2013.0,400000,170000.0,1,0,1,0,0,0,0,1,0,0,1
1507,Volkswagen Polo Diesel Highline 1.2L,2013.0,434999,100000.0,2,0,1,0,0,0,0,1,0,0,1
1508,Tata Indigo GLX,2006.0,100000,110000.0,2,0,0,0,0,1,0,1,0,0,1
1509,Maruti Swift Dzire LDI Optional,2015.0,419000,170000.0,2,0,1,0,0,0,0,1,0,0,1
1510,Tata Indica GLS BS IV,2009.0,200000,100000.0,1,0,0,0,0,1,0,1,0,0,1
1511,Renault Scala Diesel RxL,2014.0,400000,35000.0,1,0,1,0,0,0,0,1,0,0,1
1512,Ford EcoSport 1.5 Diesel Ambiente BSIV,2018.0,790000,40000.0,2,0,1,0,0,0,0,1,0,0,1
1513,Renault Duster 85PS Diesel RxL Plus,2015.0,500000,90000.0,2,0,1,0,0,0,0,1,0,0,1
1514,Skoda Rapid 1.6 TDI Elegance,2012.0,275000,120000.0,2,0,1,0,0,0,0,1,0,0,1
1515,Hyundai i20 1.4 CRDi Sportz,2012.0,450000,60000.0,2,0,1,0,0,0,0,1,0,0,1
1519,Maruti Baleno Alpha,2019.0,700000,16000.0,1,0,0,0,0,1,0,1,0,0,1
1523,Hyundai Grand i10 1.2 Kappa Asta,2017.0,500000,50000.0,1,0,1,0,0,0,0,1,0,0,1
1525,Maruti Baleno Sigma 1.2,2015.0,500000,10000.0,1,0,0,0,0,1,0,1,0,0,1
1526,Maruti Wagon R VXI,2016.0,360000,33000.0,1,0,0,0,0,1,1,0,0,0,1
1527,Maruti Alto LXi BSIII,2010.0,210000,25000.0,1,0,0,0,0,1,0,1,0,0,1
1528,Maruti Alto K10 LXI,2014.0,220000,66000.0,1,0,0,0,0,1,1,0,0,0,1
1529,Chevrolet Aveo 1.4 LT BSIV,2009.0,250000,48000.0,1,0,0,0,0,1,0,1,0,0,1
1530,Toyota Innova 2.5 G (Diesel) 8 Seater,2016.0,990000,146000.0,1,0,1,0,0,0,1,0,0,0,1
1531,Mahindra Quanto C4,2013.0,220000,100000.0,4,0,1,0,0,0,0,1,0,0,1
1532,Jaguar XF 3.0 Litre S Premium Luxury,2012.0,1800000,50000.0,2,0,1,0,0,0,0,1,0,1,0
1533,Honda City i VTEC V,2014.0,530000,50000.0,1,0,0,0,0,1,0,1,0,0,1
1534,Maruti Baleno Alpha 1.3,2016.0,575000,50000.0,1,0,1,0,0,0,0,1,0,0,1
1535,Mahindra Xylo E4,2012.0,400000,99000.0,1,0,1,0,0,0,1,0,0,0,1
1536,Honda Mobilio S i DTEC,2016.0,680000,50000.0,1,0,1,0,0,0,0,1,0,0,1
1537,Hyundai Santa Fe 4WD AT,2014.0,1000000,80000.0,1,0,1,0,0,0,0,1,0,1,0
1538,Maruti Alto 800 LXI,2016.0,260000,45000.0,2,0,0,0,0,1,0,1,0,0,1
1539,Tata Manza Aura (ABS) Safire BS IV,2010.0,150000,50000.0,2,0,0,0,0,1,0,1,0,0,1
1540,Maruti Alto LXi BSIII,2008.0,180000,70000.0,3,0,0,0,0,1,0,1,0,0,1
1541,Force One EX,2014.0,346000,37516.0,1,0,1,0,0,0,0,1,0,0,1
1542,Mahindra Xylo D2 BS IV,2015.0,450000,20000.0,1,0,1,0,0,0,0,1,0,0,1
1543,Hyundai Grand i10 1.2 Kappa Sportz BSIV,2019.0,500000,5000.0,1,0,0,0,0,1,0,1,0,0,1
1544,Hyundai Grand i10 1.2 CRDi Asta,2019.0,700000,8000.0,1,0,1,0,0,0,0,1,0,0,1
1545,Maruti Alto 800 LXI,2019.0,280000,25880.0,1,0,0,0,0,1,0,1,0,0,1
1546,Hyundai Santro Magna AMT BSIV,2019.0,475000,10000.0,1,0,0,0,0,1,0,1,0,1,0
1547,Maruti Swift Dzire VDi,2009.0,300000,50000.0,1,0,1,0,0,0,0,1,0,0,1
1548,Maruti Alto K10 LXI,2014.0,200999,40000.0,1,0,0,0,0,1,0,1,0,0,1
1549,Skoda Laura 1.9 TDI MT Ambiente,2009.0,200000,100000.0,3,0,1,0,0,0,0,1,0,0,1
1550,Chevrolet Aveo U-VA 1.2 LS,2009.0,210000,80000.0,2,0,0,0,0,1,0,1,0,0,1
1551,Tata Indigo LS BSII,2012.0,160000,60000.0,1,0,1,0,0,0,0,1,0,0,1
1552,Hyundai Verna CRDi SX ABS,2009.0,175000,136000.0,2,0,1,0,0,0,0,1,0,0,1
1553,Tata New Safari DICOR 2.2 GX 4x2 BS IV,2012.0,320000,80000.0,1,0,1,0,0,0,0,1,0,0,1
1554,Maruti Alto LXi,2009.0,110000,50000.0,2,0,0,0,0,1,0,1,0,0,1
1555,Maruti Wagon R LXI Minor,2008.0,300000,30000.0,1,0,0,0,0,1,0,1,0,0,1
1556,Honda City V MT,2012.0,700000,10000.0,1,0,0,0,0,1,0,1,0,0,1
1557,Tata Indica Vista Aura 1.3 Quadrajet,2009.0,135000,90000.0,4,0,1,0,0,0,0,1,0,0,1
1558,Mahindra Bolero Power Plus Plus Non AC BSIV PS,2015.0,500000,110000.0,1,0,1,0,0,0,0,1,0,0,1
1559,Mahindra Scorpio VLX 2WD AIRBAG BSIV,2012.0,550000,120000.0,2,0,1,0,0,0,0,1,0,0,1
1560,Toyota Innova 2.5 Z Diesel 7 Seater BS IV,2014.0,1050000,90000.0,3,0,1,0,0,0,0,1,0,0,1
1561,Honda City i VTEC V,2016.0,500000,20000.0,1,0,0,0,0,1,0,1,0,0,1
1562,Maruti Ritz VDi,2011.0,180000,90000.0,2,0,1,0,0,0,0,1,0,0,1
1563,Hyundai Santro Xing GLS,2010.0,170000,50000.0,2,0,0,0,0,1,0,1,0,0,1
1564,Honda Brio 1.2 S Option MT,2019.0,484999,9000.0,1,0,0,0,0,1,0,1,0,0,1
1565,Maruti A-Star Vxi,2011.0,150000,70000.0,2,0,0,0,0,1,0,1,0,0,1
1566,Maruti Alto K10 VXI Airbag,2018.0,380000,25000.0,1,0,0,0,0,1,0,1,0,0,1
1567,Hyundai Santro Sportz BSIV,2019.0,480000,10000.0,1,0,0,0,0,1,0,1,0,0,1
1569,Volkswagen Polo Diesel Highline 1.2L,2011.0,290000,60000.0,2,0,1,0,0,0,0,1,0,0,1
1570,Fiat Linea Dynamic,2013.0,350000,70000.0,1,0,0,0,0,1,0,1,0,0,1
1571,Maruti Alto 800 LXI,2014.0,110000,25000.0,1,0,0,0,0,1,0,1,0,0,1
1572,Hyundai Santro LE zipPlus,2003.0,70000,80000.0,3,0,0,0,0,1,0,1,0,0,1
1573,Volkswagen Vento Petrol Highline AT,2011.0,300000,70000.0,3,0,0,0,0,1,0,1,0,1,0
1574,Maruti Alto 800 LX,2017.0,180000,60000.0,1,0,0,0,0,1,0,1,0,0,1
1575,Renault KWID RXL,2020.0,300000,20000.0,1,0,0,0,0,1,0,1,0,0,1
1576,Maruti Baleno Delta 1.2,2017.0,509000,60000.0,1,0,0,0,0,1,0,1,0,0,1
1577,Maruti SX4 S Cross DDiS 320 Zeta,2016.0,650000,80000.0,1,0,1,0,0,0,0,1,0,0,1
1578,Maruti Swift VDI BSIV,2015.0,450000,70000.0,3,0,1,0,0,0,0,1,0,0,1
1579,Mahindra Jeep Classic,1999.0,170000,2020.0,2,0,1,0,0,0,0,1,0,0,1
1580,Mahindra Scorpio 2.6 Turbo 7 Str,2007.0,210000,100000.0,2,0,1,0,0,0,0,1,0,0,1
1581,Hyundai i20 Asta 1.4 CRDi,2013.0,360000,80000.0,2,0,1,0,0,0,0,1,0,0,1
1582,Toyota Innova 2.5 GX (Diesel) 7 Seater BS IV,2011.0,495000,120000.0,2,0,1,0,0,0,0,1,0,0,1
1583,Maruti Alto LX,2006.0,105000,100000.0,3,0,0,0,0,1,0,1,0,0,1
1584,Hyundai i20 Magna,2010.0,270000,60000.0,3,0,0,0,0,1,0,1,0,0,1
1585,Ford Figo Petrol LXI,2010.0,130000,110000.0,1,0,0,0,0,1,0,1,0,0,1
1586,Honda City i DTEC S,2014.0,700000,90000.0,2,0,1,0,0,0,0,1,0,0,1
1587,Chevrolet Cruze LTZ,2012.0,400000,40000.0,1,0,1,0,0,0,0,1,0,0,1
1588,Maruti Swift ZXI ABS,2009.0,250000,60000.0,2,0,0,0,0,1,0,1,0,0,1
1589,Honda Amaze VX i-DTEC,2013.0,325000,94000.0,2,0,1,0,0,0,0,1,0,0,1
1590,Maruti Alto LXi,2014.0,69000,100000.0,1,0,0,0,0,1,0,1,0,0,1
1591,Mahindra Scorpio S11 BSIV,2018.0,1380000,25000.0,1,0,1,0,0,0,0,1,0,0,1
1592,Maruti Zen Estilo VXI BSIII,2007.0,90000,90000.0,1,0,0,0,0,1,0,1,0,0,1
1593,Mahindra XUV500 W6 1.99 mHawk,2016.0,1000000,40000.0,1,0,1,0,0,0,0,1,0,0,1
1594,Hyundai Accent GLE CNG,2010.0,145000,90000.0,2,1,0,0,0,0,0,1,0,0,1
1595,Maruti Alto K10 LX,2020.0,250000,1100.0,4,0,0,0,0,1,0,1,0,0,1
1596,Maruti Swift VDI,2011.0,256000,70000.0,3,0,1,0,0,0,0,1,0,0,1
1597,Tata Indica DLS,2005.0,70000,120000.0,1,0,1,0,0,0,0,1,0,0,1
1598,Maruti Wagon R VX,2000.0,50000,88500.0,4,0,0,0,0,1,0,1,0,0,1
1599,Renault KWID RXT,2016.0,240000,70000.0,2,0,0,0,0,1,0,1,0,0,1
1600,Tata Indica Vista Aqua 1.2 Safire BSIV,2010.0,97000,128000.0,1,0,0,0,0,1,0,1,0,0,1
1601,Tata Indigo CR4,2012.0,130000,120000.0,1,0,1,0,0,0,0,1,0,0,1
1602,Maruti Swift 1.3 VXi,2009.0,199000,60000.0,1,0,0,0,0,1,0,1,0,0,1
1603,Honda Civic 1.8 S AT,2006.0,125000,70000.0,1,0,0,0,0,1,0,1,0,1,0
1604,Hyundai Xcent 1.1 CRDi Base,2015.0,420000,60000.0,1,0,1,0,0,0,0,1,0,0,1
1605,Mahindra NuvoSport N8,2016.0,525000,110000.0,1,0,1,0,0,0,0,1,0,0,1
1606,Hyundai Santro Xing GLS,2008.0,125000,85000.0,1,0,0,0,0,1,0,1,0,0,1
1607,Hyundai Verna Transform CRDi VGT SX ABS,2010.0,325000,135000.0,1,0,1,0,0,0,0,1,0,0,1
1608,Volkswagen Vento New Diesel Highline,2012.0,330000,86000.0,4,0,1,0,0,0,0,1,0,0,1
1609,Maruti Wagon R LXI BS IV,2010.0,110000,50000.0,1,0,0,0,0,1,0,1,0,0,1
1610,Maruti S-Presso VXI Plus,2019.0,450000,1950.0,1,0,0,0,0,1,0,1,0,0,1
1611,Maruti Swift 1.3 VXi,2005.0,85000,118400.0,1,0,0,0,0,1,0,1,0,0,1
1612,Honda Civic 1.8 S MT,2007.0,229999,60000.0,2,0,0,0,0,1,0,1,0,0,1
1613,Hyundai i10 Magna,2012.0,250000,60000.0,2,0,0,0,0,1,0,1,0,0,1
1614,Ford Ecosport 1.5 DV5 MT Titanium,2015.0,650000,68000.0,1,0,1,0,0,0,0,1,0,0,1
1616,Toyota Etios Liva 1.2 VX,2017.0,650000,6480.0,1,0,0,0,0,1,0,0,1,0,1
1617,Maruti Vitara Brezza VDi,2017.0,750000,32077.0,1,0,1,0,0,0,0,0,1,0,1
1618,Toyota Yaris G,2018.0,850000,60000.0,1,0,0,0,0,1,0,0,1,0,1
1619,Hyundai EON Era Plus Option,2017.0,315000,18469.0,1,0,0,0,0,1,0,0,1,0,1
1620,Maruti Swift LXI Option,2015.0,415000,28217.0,1,0,0,0,0,1,0,0,1,0,1
1621,Maruti Ciaz ZDi Plus,2016.0,640000,72787.0,1,0,1,0,0,0,0,0,1,0,1
1622,Maruti Ciaz 1.4 Alpha,2017.0,780000,31063.0,1,0,0,0,0,1,0,0,1,0,1
1623,Toyota Fortuner 4x2 AT,2017.0,2595000,79641.0,1,0,1,0,0,0,0,0,1,1,0
1624,Hyundai Creta 1.6 CRDi SX,2015.0,850000,58692.0,1,0,1,0,0,0,0,0,1,0,1
1625,Hyundai Creta 1.6 CRDi SX,2015.0,900000,54784.0,1,0,1,0,0,0,0,0,1,0,1
1626,Toyota Corolla Altis GL MT,2016.0,1150000,64156.0,1,0,0,0,0,1,0,0,1,0,1
1627,Maruti Esteem Lxi - BSIII,2007.0,75000,54000.0,1,0,0,0,0,1,0,1,0,0,1
1628,Volkswagen Vento Diesel Comfortline,2012.0,215000,97000.0,1,0,1,0,0,0,0,1,0,0,1
1629,Maruti SX4 ZXI AT,2009.0,130000,120000.0,2,0,0,0,0,1,0,1,0,1,0
1630,Hyundai Santro Magna AMT BSIV,2019.0,400000,16000.0,1,0,0,0,0,1,0,1,0,1,0
1631,Maruti Swift Dzire AMT ZXI,2019.0,550000,60000.0,1,0,0,0,0,1,0,1,0,1,0
1632,Chevrolet Beat LT,2016.0,245000,52000.0,1,0,0,0,0,1,1,0,0,0,1
1633,Maruti Swift VDI BSIV,2010.0,320000,110000.0,4,0,1,0,0,0,0,1,0,0,1
1634,Mahindra TUV 300 T8 AMT,2016.0,730000,60000.0,2,0,1,0,0,0,0,1,0,1,0
1635,Ford Fusion 1.6 Duratec Petrol,2005.0,120000,100000.0,3,0,0,0,0,1,0,1,0,0,1
1636,Honda City i-VTEC VX,2017.0,950000,35000.0,1,0,0,0,0,1,0,1,0,0,1
1637,Maruti Wagon R VXI BS IV,2017.0,350000,48000.0,3,0,0,0,0,1,0,1,0,0,1
1638,Maruti Esteem Vxi,2005.0,100000,20000.0,2,0,0,0,0,1,0,1,0,0,1
1639,Maruti Wagon R VXI BS IV,2017.0,350000,30000.0,1,0,0,0,0,1,0,1,0,0,1
1640,Maruti Wagon R VXI BSIII,2005.0,80000,40000.0,2,0,0,0,0,1,0,1,0,0,1
1641,Hyundai Verna 1.6 VTVT,2013.0,370000,60000.0,1,0,0,0,0,1,0,1,0,0,1
1642,Hyundai EON D Lite Plus,2012.0,160000,70000.0,2,0,0,0,0,1,0,1,0,0,1
1643,Tata Sumo Victa EX 7/9 Str BSII,2009.0,130000,120000.0,1,0,1,0,0,0,0,1,0,0,1
1644,Chevrolet Sail Hatchback 1.2 LS,2016.0,250000,30000.0,1,0,0,0,0,1,0,1,0,0,1
1645,Tata New Safari DICOR 2.2 GX 4x2 BS IV,2012.0,270000,80000.0,2,0,1,0,0,0,0,1,0,0,1
1646,BMW X1 sDrive 20d xLine,2019.0,2600000,9500.0,1,0,1,0,0,0,0,1,0,1,0
1647,Hyundai EON Era Plus,2013.0,160000,80000.0,1,0,0,0,0,1,0,1,0,0,1
1648,Hyundai EON Magna Plus,2016.0,229999,80000.0,1,0,0,0,0,1,0,1,0,0,1
1649,Mahindra Bolero Power Plus ZLX,2017.0,750000,29000.0,1,0,1,0,0,0,0,1,0,0,1
1650,Chevrolet Optra Magnum 2.0 LS,2011.0,195000,120000.0,1,0,1,0,0,0,0,1,0,0,1
1653,Datsun RediGO S,2016.0,270000,22000.0,1,0,0,0,0,1,0,1,0,0,1
1654,Skoda Fabia 1.2 MPI Ambition Plus,2012.0,300000,50000.0,1,0,0,0,0,1,0,1,0,0,1
1655,Chevrolet Beat Diesel LT,2012.0,200000,50000.0,1,0,1,0,0,0,0,1,0,0,1
1656,Maruti Zen Estilo 1.1 LXI BSIII,2007.0,120000,81366.0,1,0,0,0,0,1,0,1,0,0,1
1657,Maruti Esteem Vxi - BSIII,2006.0,95000,110000.0,1,0,0,0,0,1,0,1,0,0,1
1659,Toyota Innova 2.5 G (Diesel) 8 Seater BS IV,2006.0,229999,60000.0,1,0,1,0,0,0,0,1,0,0,1
1661,Renault Fluence 1.5,2012.0,300000,90000.0,1,0,1,0,0,0,0,1,0,0,1
1664,Renault KWID RXT,2016.0,200000,53000.0,2,0,0,0,0,1,0,1,0,0,1
1665,Maruti Alto 800 LXI,2017.0,250000,30000.0,1,0,0,0,0,1,0,1,0,0,1
1666,Maruti Swift Dzire 1.2 Vxi BSIV,2012.0,368000,90000.0,2,0,0,0,0,1,0,1,0,0,1
1668,Toyota Innova 2.5 GX (Diesel) 7 Seater,2014.0,650000,244000.0,1,0,1,0,0,0,0,1,0,0,1
1669,Mahindra Jeep CL 500 MDI,1997.0,150000,120000.0,3,0,1,0,0,0,0,1,0,0,1
1670,Maruti Wagon R LXI DUO BS IV,2012.0,180000,60000.0,1,0,0,0,1,0,0,1,0,0,1
1671,Hyundai Grand i10 1.2 Kappa Sportz Option,2017.0,525000,15000.0,1,0,0,0,0,1,0,1,0,0,1
1672,Ford Endeavour 4x4 XLT,2005.0,350000,150000.0,2,0,1,0,0,0,0,1,0,0,1
1673,Mahindra TUV 300 Plus P4,2018.0,850000,30000.0,2,0,1,0,0,0,0,1,0,0,1
1674,Volkswagen Jetta 2.0 TDI Comfortline,2011.0,350000,312000.0,3,0,1,0,0,0,0,1,0,0,1
1676,Maruti Swift 1.3 VXi,2005.0,160000,67000.0,1,0,0,0,0,1,0,1,0,0,1
1677,Maruti Swift LDI Optional,2017.0,500000,40000.0,1,0,1,0,0,0,0,1,0,0,1
1678,Hyundai Santro Xing GLS,2008.0,130000,100000.0,1,0,0,0,0,1,0,1,0,0,1
1679,Tata Zest Quadrajet 1.3 75PS XE,2015.0,350000,100000.0,2,0,1,0,0,0,0,1,0,0,1
1680,Maruti Wagon R LXI,2005.0,70000,80000.0,1,0,0,0,0,1,0,1,0,0,1
1681,Toyota Innova 2.5 G (Diesel) 7 Seater,2014.0,750000,145000.0,2,0,1,0,0,0,0,1,0,0,1
1682,Honda Amaze VX i-DTEC,2013.0,450000,53000.0,1,0,1,0,0,0,0,1,0,0,1
1683,Maruti Swift Dzire LDI,2015.0,430000,73000.0,3,0,1,0,0,0,0,1,0,0,1
1684,Maruti SX4 VDI,2011.0,260000,90000.0,3,0,1,0,0,0,0,1,0,0,1
1685,Maruti Swift VDI,2013.0,370000,80000.0,3,0,1,0,0,0,0,1,0,0,1
1686,Chevrolet Aveo 1.4 CNG,2011.0,229999,100000.0,1,1,0,0,0,0,0,1,0,0,1
1687,Ford Figo Diesel EXI,2011.0,140000,90000.0,3,0,1,0,0,0,0,1,0,0,1
1688,Toyota Innova 2.5 G (Diesel) 7 Seater,2013.0,700000,200000.0,1,0,1,0,0,0,0,1,0,0,1
1689,Hyundai Elite i20 Magna Plus BSIV,2020.0,545000,7300.0,1,0,0,0,0,1,0,1,0,0,1
1690,Datsun RediGO T Option,2017.0,200000,30000.0,1,0,0,0,0,1,0,1,0,0,1
1691,Tata Safari Storme VX,2015.0,500000,120000.0,1,0,1,0,0,0,0,1,0,0,1
1692,Maruti Alto LXi,2008.0,70000,90000.0,2,0,0,0,0,1,0,1,0,0,1
1693,Mahindra Thar 4X4,2013.0,580000,25000.0,3,0,1,0,0,0,0,1,0,0,1
1694,Maruti Eeco 5 STR With AC Plus HTR CNG,2012.0,160000,70000.0,2,1,0,0,0,0,0,1,0,0,1
1696,Maruti Alto LXi,2010.0,160000,36000.0,1,0,0,0,0,1,0,1,0,0,1
1697,Maruti Ertiga SHVS ZDI Plus,2016.0,760000,49000.0,1,0,1,0,0,0,0,1,0,0,1
1698,Hyundai EON Magna Optional,2015.0,300000,22000.0,1,0,0,0,0,1,0,1,0,0,1
1699,Maruti Omni 5 Str STD LPG,1998.0,50000,35000.0,2,0,0,0,1,0,0,1,0,0,1
1700,Mahindra Bolero 2011-2019 SLX,2019.0,800000,24000.0,1,0,1,0,0,0,0,1,0,0,1
1701,Maruti Swift Dzire VDI,2018.0,680000,20000.0,1,0,1,0,0,0,0,1,0,0,1
1702,Maruti 800 DUO AC LPG,2014.0,85000,50000.0,2,0,0,0,1,0,0,1,0,0,1
1703,Toyota Innova Crysta 2.4 G MT BSIV,2016.0,1300000,70000.0,1,0,1,0,0,0,0,1,0,0,1
1704,Maruti Swift VXI BSIV,2016.0,500000,60000.0,1,0,0,0,0,1,0,1,0,0,1
1705,Audi Q5 2.0 TDI,2015.0,3500000,35000.0,1,0,1,0,0,0,0,1,0,1,0
1706,Hyundai Accent GLX,2008.0,145000,60000.0,1,0,0,0,0,1,0,1,0,0,1
1707,Mahindra Quanto C6,2014.0,300000,60000.0,1,0,1,0,0,0,0,1,0,0,1
1708,Maruti Swift VDI Optional,2017.0,600000,60000.0,2,0,1,0,0,0,0,1,0,0,1
1709,Maruti Swift Dzire VXI,2015.0,400000,70000.0,2,0,0,0,0,1,0,1,0,0,1
1710,Hyundai Santro Xing XK eRLX EuroIII,2007.0,130000,135000.0,2,0,0,0,0,1,0,1,0,0,1
1711,Maruti 800 AC BSII,2001.0,45000,72539.0,2,0,0,0,0,1,0,1,0,0,1
1712,Maruti Baleno Zeta 1.2,2017.0,641000,25000.0,1,0,0,0,0,1,0,1,0,0,1
1713,Maruti Swift Dzire VDI,2015.0,650000,50000.0,1,0,1,0,0,0,0,1,0,0,1
1714,Ford Freestyle Titanium Diesel,2020.0,784000,101.0,0,0,1,0,0,0,1,0,0,0,1
1715,Ford Figo Titanium,2020.0,635000,101.0,0,0,0,0,0,1,0,1,0,0,1
1716,Ford Ecosport 1.5 Diesel Titanium,2020.0,1000000,101.0,0,0,1,0,0,0,1,0,0,0,1
1717,Ford Figo 1.5D Titanium Opt MT,2015.0,495000,52328.0,1,0,1,0,0,0,1,0,0,0,1
1718,Hyundai Santro Xing GLS,2013.0,324000,30000.0,1,0,0,0,0,1,0,1,0,0,1
1719,Ford Endeavour 3.2 Titanium AT 4X4,2016.0,2100000,91505.0,1,0,1,0,0,0,1,0,0,1,0
1720,Maruti Alto 800 LXI,2018.0,200000,35000.0,1,0,0,0,0,1,0,1,0,0,1
1721,Maruti Swift Dzire VDI,2015.0,320000,60000.0,1,0,1,0,0,0,0,1,0,0,1
1722,Hyundai EON Magna Optional,2015.0,300000,20500.0,1,0,0,0,0,1,0,1,0,0,1
1723,Tata Indica Vista Quadrajet LX,2013.0,180000,200000.0,1,0,1,0,0,0,0,1,0,0,1
1724,Toyota Innova 2.5 V Diesel 8-seater,2008.0,500000,154000.0,3,0,1,0,0,0,0,1,0,0,1
1725,Toyota Etios VX,2011.0,305000,120000.0,2,0,0,0,0,1,0,1,0,0,1
1726,Maruti 800 AC,2009.0,125000,50000.0,4,0,0,0,0,1,0,1,0,0,1
1727,Maruti Swift Dzire ZDI,2015.0,800000,135000.0,1,0,1,0,0,0,0,1,0,0,1
1728,Mahindra Scorpio SLE BSIV,2009.0,420000,100000.0,1,0,1,0,0,0,0,1,0,0,1
1729,Maruti Vitara Brezza ZDi Plus,2014.0,875000,40000.0,1,0,1,0,0,0,0,1,0,0,1
1730,Maruti Swift Dzire ZDI,2014.0,580000,70000.0,1,0,1,0,0,0,0,1,0,0,1
1731,Maruti Swift Ldi BSIV,2011.0,350000,133000.0,2,0,1,0,0,0,0,1,0,0,1
1732,Hyundai Accent GLS,2004.0,120000,110000.0,2,0,0,0,0,1,0,1,0,0,1
1733,Tata Indica Vista TDI LS,2013.0,150000,180000.0,3,0,1,0,0,0,0,1,0,0,1
1734,Renault Duster 110PS Diesel RxZ,2013.0,650000,120000.0,1,0,1,0,0,0,0,1,0,0,1
1735,Maruti Alto K10 2010-2014 VXI,2010.0,225000,80000.0,2,0,0,0,0,1,0,1,0,0,1
1736,Honda Amaze S AT i-Vtech,2014.0,400000,15000.0,1,0,0,0,0,1,0,1,0,1,0
1737,Hyundai Getz GLS,2005.0,250000,70000.0,1,0,0,0,0,1,0,1,0,0,1
1738,Hyundai Santro Xing GL Plus,2014.0,120000,41723.0,2,0,0,0,0,1,0,1,0,0,1
1739,Maruti SX4 Vxi BSIV,2010.0,250000,70000.0,1,0,0,0,0,1,0,1,0,0,1
1740,Maruti Alto K10 LXI,2012.0,175000,20000.0,1,0,0,0,0,1,0,1,0,0,1
1742,Maruti Ignis 1.3 Delta,2018.0,590000,26350.0,1,0,1,0,0,0,1,0,0,0,1
1743,Tata Indigo CS LX (TDI) BS-III,2015.0,225000,68745.0,1,0,1,0,0,0,1,0,0,0,1
1744,Mahindra XUV500 W6 2WD,2016.0,900000,47000.0,1,0,1,0,0,0,0,1,0,0,1
1745,Maruti Alto K10 VXI AGS,2017.0,375000,27289.0,1,0,0,0,0,1,1,0,0,1,0
1746,Hyundai EON Era Plus,2016.0,320000,24662.0,1,0,0,0,0,1,1,0,0,0,1
1747,Maruti Swift Dzire VDI,2013.0,525000,37000.0,1,0,1,0,0,0,1,0,0,0,1
1748,Nissan Evalia XV,2014.0,650000,28245.0,1,0,1,0,0,0,1,0,0,0,1
1749,Hyundai Grand i10 1.2 CRDi Sportz Option,2017.0,575000,27005.0,1,0,1,0,0,0,1,0,0,0,1
1750,Hyundai i10 Magna,2014.0,355000,39227.0,1,0,0,0,0,1,1,0,0,0,1
1751,Mahindra KUV 100 D75 K4 Plus 5Str,2016.0,470000,31367.0,1,0,1,0,0,0,1,0,0,0,1
1752,Maruti Wagon R LXI,2008.0,221000,35008.0,1,0,0,0,0,1,1,0,0,0,1
1753,Hyundai Santro Xing GLS,2009.0,195000,27005.0,1,0,0,0,0,1,1,0,0,0,1
1754,Hyundai Santro Xing XG,2004.0,90000,100005.0,2,0,0,0,0,1,1,0,0,0,1
1755,Hyundai Verna SX Diesel,2013.0,580000,45264.0,1,0,1,0,0,0,1,0,0,0,1
1756,Maruti Eeco 7 Seater Standard BSIV,2014.0,325000,39093.0,1,0,0,0,0,1,1,0,0,0,1
1757,Honda City Corporate Edition,2013.0,495000,45241.0,1,0,0,0,0,1,1,0,0,0,1
1758,Hyundai EON Era,2014.0,290000,12000.0,1,0,1,0,0,0,1,0,0,0,1
1759,Datsun RediGO 1.0 T Option,2018.0,375000,2769.0,1,0,0,0,0,1,1,0,0,0,1
1760,Tata Indica Vista TDI LS,2014.0,211000,43128.0,1,0,1,0,0,0,1,0,0,0,1
1761,Hyundai i20 Asta,2010.0,270000,110000.0,1,0,0,0,0,1,0,1,0,0,1
1762,Maruti Alto LXI,2004.0,70000,50000.0,2,0,0,0,0,1,0,1,0,0,1
1763,Hyundai i10 Magna 1.2,2010.0,225000,60000.0,2,0,0,0,0,1,0,1,0,0,1
1764,Mahindra Scorpio LX,2014.0,420000,70000.0,3,0,1,0,0,0,0,1,0,0,1
1765,Chevrolet Sail Hatchback 1.2 LS,2015.0,280000,22255.0,1,0,0,0,0,1,0,1,0,0,1
1766,Hyundai i20 Sportz 1.2,2013.0,400000,59213.0,1,0,0,0,0,1,0,1,0,0,1
1767,Mahindra XUV500 W6 2WD,2015.0,850000,55000.0,1,0,1,0,0,0,0,1,0,0,1
1768,Ford Fiesta Titanium 1.5 TDCi,2011.0,550000,80000.0,1,0,1,0,0,0,0,1,0,0,1
1770,Renault Captur 1.5 Diesel RXT Mono,2018.0,1000000,40000.0,1,0,1,0,0,0,0,1,0,0,1
1771,Mahindra Xylo D2 Maxx,2014.0,350000,170000.0,1,0,1,0,0,0,0,1,0,0,1
1772,Tata New Safari DICOR 2.2 EX 4x2,2011.0,350000,170000.0,2,0,1,0,0,0,0,1,0,0,1
1773,Honda Civic 1.8 S MT,2007.0,170000,70000.0,3,0,0,0,0,1,0,1,0,0,1
1774,Ford Aspire Titanium BSIV,2020.0,828999,1010.0,0,0,0,0,0,1,1,0,0,0,1
1775,Ford EcoSport 1.5 Ti VCT MT Titanium BE BSIV,2020.0,1119000,1010.0,0,0,0,0,0,1,1,0,0,0,1
1776,Ford Figo Titanium,2020.0,746000,1111.0,0,0,0,0,0,1,1,0,0,0,1
1777,Ford Ecosport 1.5 Petrol Trend,2020.0,1030000,1010.0,0,0,0,0,0,1,1,0,0,0,1
1778,Ford EcoSport 1.5 TDCi Titanium Plus BSIV,2020.0,1334000,1010.0,0,0,1,0,0,0,1,0,0,0,1
1779,Ford Freestyle Titanium,2020.0,811999,1010.0,0,0,0,0,0,1,1,0,0,0,1
1780,Ford Ecosport Thunder Edition Diesel,2020.0,1331000,1010.0,0,0,1,0,0,0,1,0,0,0,1
1781,Ford Freestyle Titanium Plus,2020.0,852000,1010.0,0,0,0,0,0,1,1,0,0,0,1
1782,Tata Indica DLE,2006.0,45000,120000.0,2,0,1,0,0,0,0,1,0,0,1
1783,Renault Duster 85PS Diesel RxL Optional,2013.0,430000,70000.0,3,0,1,0,0,0,0,1,0,0,1
1785,Mahindra Scorpio S2 9 Seater,2015.0,830000,70000.0,1,0,1,0,0,0,0,1,0,0,1
1786,Mahindra Scorpio VLS 2.2 mHawk,2009.0,409999,110000.0,2,0,1,0,0,0,0,1,0,0,1
1787,Maruti Swift VDI,2012.0,190000,80000.0,3,0,1,0,0,0,0,1,0,0,1
1788,Honda Accord VTi-L (MT),2007.0,200000,80000.0,2,0,0,0,0,1,0,1,0,0,1
1789,Hyundai Accent GLX,2006.0,120000,110000.0,2,0,0,0,0,1,0,1,0,0,1
1790,Mahindra Bolero Power Plus Plus AC BSIV PS,2019.0,850000,50000.0,1,0,1,0,0,0,0,1,0,0,1
1791,Tata Indigo CS LE (TDI) BS-III,2011.0,95000,115000.0,4,0,1,0,0,0,0,1,0,0,1
1792,Maruti Wagon R LXI BS IV,2013.0,213000,80000.0,1,0,0,0,0,1,0,1,0,0,1
1793,Volkswagen Ameo 1.5 TDI Highline Plus 16,2018.0,660000,25000.0,1,0,1,0,0,0,0,1,0,0,1
1794,Nissan Micra XL,2017.0,415000,48965.0,1,0,0,0,0,1,1,0,0,0,1
1795,Ford Ecosport 1.5 Petrol Titanium Plus,2019.0,1100000,5166.0,0,0,0,0,0,1,1,0,0,0,1
1796,Mahindra XUV500 W8 4WD,2012.0,650000,76290.0,1,0,1,0,0,0,1,0,0,0,1
1797,Mahindra XUV500 AT W10 AWD,2016.0,969999,70000.0,2,0,1,0,0,0,0,1,0,1,0
1798,Mahindra XUV500 W10 2WD,2016.0,1250000,35000.0,1,0,1,0,0,0,0,1,0,0,1
1799,Maruti Swift Dzire AMT VDI,2017.0,715000,25000.0,1,0,1,0,0,0,0,1,0,1,0
1801,Maruti Swift VDI,2016.0,565000,47000.0,1,0,1,0,0,0,1,0,0,0,1
1802,Mahindra Thar 4X4,2013.0,615000,45766.0,2,0,1,0,0,0,0,1,0,0,1
1803,Tata New Safari 4X4,2007.0,199000,78771.0,2,0,1,0,0,0,1,0,0,0,1
1804,Maruti Swift Vdi BSIII,2010.0,325000,79357.0,1,0,1,0,0,0,1,0,0,0,1
1805,Ford Figo Diesel EXI,2012.0,409999,28000.0,1,0,1,0,0,0,0,1,0,0,1
1806,Hyundai Verna SX CRDi AT,2012.0,500000,72000.0,2,0,1,0,0,0,1,0,0,1,0
1807,Ford Figo Diesel LXI,2011.0,225000,76736.0,2,0,1,0,0,0,1,0,0,0,1
1808,Maruti Alto LX BSIII,2014.0,135000,70000.0,2,0,0,0,0,1,0,1,0,0,1
1809,Renault Koleos 2.0 Diesel,2012.0,750000,80000.0,2,0,1,0,0,0,0,1,0,1,0
1810,Maruti Wagon R LXI DUO BSIII,2009.0,155000,60000.0,2,0,0,0,1,0,0,1,0,0,1
1811,Volkswagen Polo Diesel Highline 1.2L,2012.0,335000,77000.0,3,0,1,0,0,0,1,0,0,0,1
1812,Ford Ikon 1.8 D,2005.0,114999,92645.0,4,0,1,0,0,0,1,0,0,0,1
1813,Mercedes-Benz New C-Class 200 CDI Classic,2007.0,699000,101849.0,2,0,1,0,0,0,1,0,0,0,1
1814,Mahindra Bolero DI,2004.0,110000,120000.0,4,0,1,0,0,0,0,1,0,0,1
1815,Hyundai i20 Asta 1.2,2012.0,300000,80000.0,1,0,0,0,0,1,0,1,0,0,1
1816,Mahindra Scorpio S4 4WD,2014.0,700000,70000.0,2,0,1,0,0,0,0,1,0,0,1
1817,Maruti Ertiga SHVS LDI Option,2017.0,700000,120000.0,1,0,1,0,0,0,0,1,0,0,1
1818,Maruti Alto 800 LXI,2013.0,210000,42000.0,3,0,0,0,0,1,0,1,0,0,1
1819,Maruti Ertiga VDI,2012.0,600000,120000.0,3,0,1,0,0,0,0,1,0,0,1
1820,Tata Manza Aura (ABS) Quadrajet BS IV,2012.0,180000,155836.0,2,0,1,0,0,0,0,1,0,0,1
1821,Maruti Wagon R VXi BSII,2011.0,220000,59000.0,2,0,0,0,0,1,0,1,0,0,1
1822,Chevrolet Spark 1.0 LT,2009.0,70000,60000.0,1,0,0,0,0,1,0,1,0,0,1
1823,Hyundai Creta 1.4 CRDi Base,2018.0,950000,70000.0,2,0,1,0,0,0,0,1,0,0,1
1824,Ford Fiesta 1.5 TDCi Ambiente,2014.0,800000,20000.0,1,0,1,0,0,0,0,1,0,0,1
1825,Mahindra XUV500 W8 4WD,2012.0,700000,120000.0,3,0,1,0,0,0,0,1,0,0,1
1826,Renault KWID 1.0,2016.0,265000,40000.0,1,0,0,0,0,1,0,1,0,0,1
1827,Volkswagen Polo Diesel Trendline 1.2L,2011.0,175000,90000.0,3,0,1,0,0,0,0,1,0,0,1
1828,Mahindra Quanto C6,2012.0,260000,89000.0,2,0,1,0,0,0,0,1,0,0,1
1829,Toyota Innova 2.5 VX (Diesel) 7 Seater,2013.0,950000,80000.0,3,0,1,0,0,0,0,1,0,0,1
1830,Maruti Swift Vdi BSIII,2009.0,250000,200000.0,4,0,1,0,0,0,0,1,0,0,1
1831,Mahindra Scorpio S10 7 Seater,2015.0,630000,60000.0,1,0,1,0,0,0,0,1,0,0,1
1832,Tata Nano LX SE,2012.0,35000,35000.0,3,0,0,0,0,1,0,1,0,0,1
1837,Hyundai Creta 1.6 CRDi SX,2016.0,535000,60000.0,1,0,1,0,0,0,0,1,0,0,1
1839,Hyundai Grand i10 1.2 Kappa Magna AT,2017.0,550000,60000.0,1,0,0,0,0,1,1,0,0,1,0
1852,Chevrolet Enjoy TCDi LS 8 Seater,2014.0,330000,200000.0,3,0,1,0,0,0,0,1,0,0,1
1853,Maruti Alto LXi,2009.0,150000,120000.0,1,0,0,0,0,1,0,1,0,0,1
1854,Tata Indigo LS,2008.0,105000,90000.0,1,0,1,0,0,0,0,1,0,0,1
1855,Tata Indica Vista TDI LX,2013.0,185000,65000.0,1,0,1,0,0,0,0,1,0,0,1
1856,Fiat Grande Punto EVO 1.3 Active,2014.0,260000,50000.0,1,0,1,0,0,0,0,1,0,0,1
1857,Maruti Swift Dzire VDi,2012.0,450000,33000.0,1,0,1,0,0,0,0,1,0,0,1
1858,Maruti Swift VXI Deca,2016.0,500000,38000.0,1,0,0,0,0,1,0,1,0,0,1
1859,Maruti Alto K10 2010-2014 VXI,2012.0,260000,40000.0,1,0,0,0,0,1,0,1,0,0,1
1860,Volkswagen Polo Diesel Trendline 1.2L,2012.0,265000,55000.0,2,0,1,0,0,0,0,1,0,0,1
1861,Mahindra Thar CRDe,2014.0,800000,26000.0,2,0,1,0,0,0,0,1,0,0,1
1862,Tata Safari Storme VX Varicor 400,2016.0,869999,80000.0,1,0,1,0,0,0,0,1,0,0,1
1863,Maruti Baleno Alpha 1.2,2018.0,690000,40000.0,1,0,0,0,0,1,0,1,0,0,1
1864,Mitsubishi Pajero 2.8 SFX BSIV Dual Tone,2011.0,825000,120000.0,1,0,1,0,0,0,0,1,0,0,1
1865,Maruti Alto LX BSIII,2006.0,160000,63230.0,2,0,0,0,0,1,0,1,0,0,1
1866,Mahindra Scorpio 2.6 SLX CRDe,2006.0,300000,120000.0,2,0,1,0,0,0,0,1,0,0,1
1867,Maruti Wagon R VXI,2005.0,100000,100000.0,3,0,0,0,0,1,0,1,0,0,1
1868,Hyundai i20 Asta 1.4 CRDi,2015.0,530000,77000.0,2,0,1,0,0,0,0,1,0,0,1
1869,Maruti Swift VXI Optional,2016.0,360000,30000.0,1,0,0,0,0,1,0,1,0,0,1
1870,Maruti Swift 1.2 DLX,2015.0,220000,40000.0,1,0,0,0,0,1,0,1,0,0,1
1871,Maruti Alto 800 LXI,2017.0,178000,35000.0,1,0,0,0,0,1,0,1,0,0,1
1872,Mahindra Thar DI 4X2,2018.0,515000,5000.0,1,0,1,0,0,0,0,1,0,0,1
1873,Maruti Ritz VXi,2014.0,300000,35000.0,1,0,0,0,0,1,0,1,0,0,1
1876,Tata Indica Vista Quadrajet LS,2012.0,150000,80000.0,2,0,1,0,0,0,0,1,0,0,1
1882,Tata Nexon 1.2 Revotron XZ Plus Dual Tone,2017.0,750000,15000.0,1,0,0,0,0,1,0,1,0,0,1
1883,Mahindra Thar CRDe,2017.0,800000,26000.0,2,0,1,0,0,0,0,1,0,0,1
1885,Toyota Innova 2.5 G1 BSIV,2012.0,950000,80000.0,1,0,1,0,0,0,0,1,0,0,1
1892,Maruti 800 Std BSII,2006.0,90000,40000.0,2,0,0,0,0,1,0,1,0,0,1
1894,Tata Indica GLS BS IV,2008.0,65000,110000.0,3,0,0,0,0,1,0,1,0,0,1
1895,Hyundai Verna 1.6 CRDI,2012.0,312000,90000.0,2,0,1,0,0,0,0,1,0,0,1
1896,Maruti Vitara Brezza LDi,2018.0,700000,25000.0,1,0,1,0,0,0,0,1,0,0,1
1897,Hyundai Santro Xing XL eRLX Euro III,2005.0,150000,47000.0,1,0,0,0,0,1,0,1,0,0,1
1898,Renault Fluence 1.5,2013.0,450000,60000.0,1,0,1,0,0,0,0,1,0,0,1
1899,Hyundai Verna Transform CRDi VGT ABS,2010.0,229999,120000.0,2,0,1,0,0,0,0,1,0,0,1
1900,Maruti Swift Ldi BSIII,2008.0,111000,120000.0,1,0,1,0,0,0,0,1,0,0,1
1901,Maruti Swift Dzire VDi,2012.0,250000,140000.0,2,0,1,0,0,0,0,1,0,0,1
1902,Ford Freestyle Titanium Plus Diesel,2019.0,750000,1001.0,1,0,1,0,0,0,1,0,0,0,1
1903,Ford Figo 1.5P Titanium AT,2017.0,774000,1758.0,1,0,0,0,0,1,1,0,0,1,0
1904,Ford Figo 1.5P Titanium AT,2018.0,711000,1452.0,1,0,0,0,0,1,1,0,0,1,0
1905,Ford Figo 1.5D Titanium MT,2017.0,600000,35122.0,1,0,1,0,0,0,1,0,0,0,1
1906,Maruti Swift Dzire VDI,2015.0,455000,92621.0,1,0,1,0,0,0,1,0,0,0,1
1907,Datsun GO T Petrol,2015.0,225000,92198.0,2,0,0,0,0,1,1,0,0,0,1
1908,Maruti Swift Dzire VDI,2019.0,650000,5000.0,1,0,1,0,0,0,0,1,0,0,1
1909,Chevrolet Beat LT,2013.0,200000,60000.0,1,0,0,0,0,1,0,1,0,0,1
1910,Hyundai Creta 1.6 CRDi AT SX Plus,2016.0,875000,74000.0,1,0,1,0,0,0,0,1,0,1,0
1911,Skoda Rapid 1.5 TDI AT Ambition BSIV,2017.0,750000,40000.0,1,0,1,0,0,0,0,1,0,1,0
1912,Maruti Swift Dzire AMT VDI,2019.0,725000,22000.0,1,0,1,0,0,0,0,1,0,1,0
1913,Maruti Alto LXi,2007.0,100000,100000.0,2,0,0,0,0,1,0,1,0,0,1
1914,Tata Hexa XT,2019.0,1100000,40000.0,1,0,1,0,0,0,0,1,0,0,1
1915,Ford Endeavour 3.2 Titanium AT 4X4,2017.0,2700000,30000.0,1,0,1,0,0,0,0,1,0,1,0
1916,Renault KWID RXT Optional,2016.0,280000,23000.0,1,0,0,0,0,1,0,1,0,0,1
1917,Tata Indica Vista Aqua TDI BSIII,2009.0,150000,30000.0,1,0,1,0,0,0,0,1,0,0,1
1918,Tata Manza Aura Safire,2010.0,200000,50000.0,1,0,0,0,0,1,0,1,0,0,1
1919,Maruti Ritz VDi,2010.0,148000,100000.0,2,0,1,0,0,0,0,1,0,0,1
1920,Maruti Swift Dzire VXi,2011.0,254999,70000.0,2,0,0,0,0,1,0,1,0,0,1
1921,Maruti Swift Dzire ZXI,2013.0,360000,60000.0,2,0,0,0,0,1,0,1,0,0,1
1922,Maruti Alto LX,2006.0,95000,90000.0,2,0,0,0,0,1,0,1,0,0,1
1923,Mahindra Bolero SLE BSIII,2007.0,185000,230000.0,2,0,1,0,0,0,0,1,0,0,1
1924,Tata Indica Vista Quadrajet VX,2012.0,185000,40000.0,1,0,1,0,0,0,0,1,0,0,1
1925,Renault KWID RXL,2019.0,300000,15000.0,1,0,0,0,0,1,0,1,0,0,1
1926,Hyundai Verna VTVT 1.6 SX,2018.0,800000,40000.0,1,0,0,0,0,1,0,1,0,0,1
1927,Maruti Zen LX,2000.0,60000,50000.0,1,0,0,0,0,1,0,1,0,0,1
1928,Fiat Punto 1.2 Active,2010.0,80000,50000.0,2,0,0,0,0,1,0,1,0,0,1
1929,Hyundai Xcent 1.2 VTVT S,2018.0,500000,8000.0,1,0,0,0,0,1,0,1,0,0,1
1930,Hyundai EON Era Plus,2013.0,250000,35000.0,1,0,0,0,0,1,0,1,0,0,1
1931,Tata New Safari DICOR 2.2 EX 4x2,2010.0,250000,80000.0,1,0,1,0,0,0,0,1,0,0,1
1932,Maruti Wagon R LXI BSIII,2005.0,125000,50000.0,2,0,0,0,0,1,0,1,0,0,1
1933,Maruti Alto LXi BSII,2002.0,100000,80000.0,4,0,0,0,0,1,0,1,0,0,1
1934,Mahindra Scorpio M2DI,2010.0,480000,90000.0,1,0,1,0,0,0,0,1,0,0,1
1935,Mahindra KUV 100 G80 K2,2018.0,320000,30000.0,2,0,0,0,0,1,0,1,0,0,1
1936,Maruti A-Star Vxi,2010.0,130000,70000.0,2,0,0,0,0,1,0,1,0,0,1
1937,Tata Indica DLS,2006.0,57000,60000.0,2,0,1,0,0,0,0,1,0,0,1
1938,Hyundai Santro GLS I - Euro I,2005.0,75000,60000.0,1,0,0,0,0,1,0,1,0,0,1
1939,Maruti 800 DX,2003.0,60000,35000.0,1,0,0,0,0,1,0,1,0,0,1
1940,Maruti Alto LXi BSIII,2008.0,125000,70000.0,1,0,0,0,0,1,0,1,0,0,1
1941,Honda City 1.5 EXI S,2004.0,105000,100000.0,3,0,1,0,0,0,0,1,0,0,1
1942,Maruti Wagon R LXI DUO BSIII,2008.0,125000,152000.0,2,0,0,0,1,0,0,1,0,0,1
1943,Maruti Zen LXI,1998.0,69000,70000.0,2,0,0,0,0,1,0,1,0,0,1
1944,Tata Indigo LX,2012.0,130000,90000.0,2,0,1,0,0,0,0,1,0,0,1
1945,Maruti Baleno Zeta 1.2,2019.0,630000,40000.0,1,0,1,0,0,0,0,1,0,0,1
1946,Honda Amaze E i-VTEC,2016.0,330000,50000.0,2,0,0,0,0,1,0,1,0,0,1
1947,Maruti Wagon R VXI BS IV,2014.0,340000,15000.0,2,0,0,0,0,1,0,1,0,0,1
1948,Hyundai Santro Xing XG eRLX Euro III,2006.0,60000,120000.0,3,0,0,0,0,1,0,1,0,0,1
1949,Tata Safari Storme EX,2014.0,550000,78322.0,1,0,1,0,0,0,0,1,0,0,1
1950,Maruti Ertiga VDI,2014.0,480000,110000.0,2,0,1,0,0,0,0,1,0,0,1
1951,Hyundai Verna 1.6 SX CRDi (O),2013.0,315000,80000.0,2,0,1,0,0,0,0,1,0,0,1
1952,Ford Fiesta Titanium 1.5 TDCi,2012.0,165000,120000.0,1,0,1,0,0,0,0,1,0,0,1
1953,Chevrolet Beat LS,2016.0,170000,125000.0,1,0,0,0,0,1,0,1,0,0,1
1954,Maruti Baleno Delta 1.2,2018.0,550000,8000.0,1,0,0,0,0,1,0,1,0,0,1
1955,Volkswagen Ameo 1.2 MPI Trendline,2018.0,465000,13000.0,1,0,0,0,0,1,0,1,0,0,1
1956,Tata Indica Vista Quadrajet LX,2012.0,120000,80000.0,3,0,1,0,0,0,0,1,0,0,1
1957,Hyundai Verna 1.6 Xi ABS,2008.0,220000,54309.0,1,0,0,0,0,1,0,1,0,0,1
1958,Ford Figo Diesel LXI,2011.0,180000,70000.0,2,0,1,0,0,0,0,1,0,0,1
1959,Chevrolet Aveo 1.6 LT,2006.0,150000,34600.0,3,0,0,0,0,1,0,1,0,0,1
1960,Tata Zest Revotron 1.2T XMS,2016.0,520000,25000.0,1,0,0,0,0,1,0,1,0,0,1
1961,Tata Safari Storme EX,2013.0,430000,80000.0,1,0,1,0,0,0,0,1,0,0,1
1962,Mahindra Bolero DI DX 8 Seater,2009.0,300000,55000.0,2,0,1,0,0,0,0,1,0,0,1
1963,Hyundai Venue SX Opt Diesel,2020.0,1000000,5000.0,1,0,1,0,0,0,0,1,0,0,1
1964,Honda WR-V i-DTEC VX,2017.0,725000,30000.0,1,0,1,0,0,0,0,1,0,0,1
1965,Hyundai Verna 1.4 EX,2011.0,500000,31000.0,1,0,1,0,0,0,0,1,0,0,1
1966,Maruti Wagon R LXI BS IV,2011.0,250000,50000.0,1,0,0,0,0,1,0,1,0,0,1
1967,Maruti Swift Dzire VDI,2018.0,700000,38217.0,1,0,1,0,0,0,0,1,0,0,1
1968,Ford Figo Petrol ZXI,2011.0,185000,50000.0,3,0,0,0,0,1,0,1,0,0,1
1969,Maruti Ritz VDi,2011.0,200000,120000.0,1,0,1,0,0,0,0,1,0,0,1
1970,Mahindra Bolero DI,2004.0,315000,110000.0,3,0,1,0,0,0,0,1,0,0,1
1974,Tata Harrier XZ BSIV,2019.0,1700000,10000.0,1,0,1,0,0,0,0,1,0,0,1
1976,Mahindra KUV 100 mFALCON G80 K8 5str,2016.0,370000,60000.0,1,0,0,0,0,1,0,1,0,0,1
1978,Renault KWID RXT Optional,2016.0,280000,60000.0,1,0,0,0,0,1,0,1,0,0,1
1980,Hyundai i10 Sportz,2011.0,250000,50000.0,1,0,0,0,0,1,0,1,0,0,1
1982,Maruti Ignis 1.2 Delta BSIV,2019.0,500000,15000.0,1,0,0,0,0,1,0,1,0,0,1
1989,Toyota Corolla Altis 1.8 J,2008.0,400000,35000.0,1,0,0,0,0,1,0,1,0,0,1
1991,Tata Manza Club Class Quadrajet90 LS,2014.0,200000,100000.0,1,0,1,0,0,0,0,1,0,0,1
1992,Maruti Swift Dzire VDI,2016.0,284000,60000.0,2,0,1,0,0,0,0,1,0,0,1
1993,Maruti Wagon R VXI Minor,2007.0,80000,60000.0,3,0,0,0,0,1,0,1,0,0,1
1994,Chevrolet Beat PS,2014.0,170000,77000.0,1,0,0,0,0,1,0,1,0,0,1
1995,Hyundai Accent Executive,2011.0,150000,60000.0,1,0,0,0,0,1,0,1,0,0,1
1996,Tata Manza Aura (ABS) Safire BS IV,2010.0,110000,77073.0,2,0,0,0,0,1,0,1,0,0,1
1997,Ford Figo Aspire 1.5 TDCi Titanium,2016.0,400000,70000.0,1,0,1,0,0,0,0,1,0,0,1
1998,Hyundai i10 Magna LPG,2013.0,275000,90000.0,2,0,0,0,1,0,0,1,0,0,1
1999,Toyota Innova 2.5 G (Diesel) 7 Seater,2013.0,800000,186000.0,3,0,1,0,0,0,0,1,0,0,1
2000,Mahindra Scorpio M2DI,2014.0,550000,90000.0,1,0,1,0,0,0,0,1,0,0,1
2001,Maruti Alto LX BSIII,2007.0,125000,100000.0,2,0,0,0,0,1,0,1,0,0,1
2002,Chevrolet Beat LT,2010.0,135000,60000.0,2,0,0,0,0,1,0,1,0,0,1
2003,Mahindra Scorpio LX BSIV,2012.0,349000,150000.0,1,0,1,0,0,0,0,1,0,0,1
2004,Maruti Swift VDI BSIV,2014.0,458000,80000.0,1,0,1,0,0,0,0,1,0,0,1
2005,Maruti Alto K10 VXI,2018.0,300000,35000.0,1,0,0,0,0,1,0,1,0,0,1
2006,Maruti Alto LXi,2008.0,95000,70000.0,1,0,0,0,0,1,0,1,0,0,1
2007,Maruti S-Cross Zeta DDiS 200 SH,2018.0,850000,50000.0,1,0,1,0,0,0,0,1,0,0,1
2008,Ford Freestyle Titanium Diesel,2019.0,750000,25000.0,1,0,1,0,0,0,0,1,0,0,1
2009,Ford Figo Diesel Celebration Edition,2013.0,190000,120000.0,1,0,1,0,0,0,0,1,0,0,1
2010,Maruti Wagon R LXI Minor,2009.0,150000,70000.0,1,0,0,0,0,1,0,1,0,0,1
2011,Hyundai Accent GLE,2009.0,114999,106000.0,3,0,0,0,0,1,0,1,0,0,1
2012,Toyota Innova 2.0 VX 7 Seater,2010.0,320000,120000.0,3,0,0,0,0,1,0,1,0,0,1
2013,Maruti Alto 800 CNG LXI Optional,2019.0,300000,120000.0,1,1,0,0,0,0,0,1,0,0,1
2014,Maruti Ritz LXi,2016.0,275000,160000.0,1,0,0,0,0,1,0,1,0,0,1
2015,Chevrolet Aveo 1.6 LT with ABS,2010.0,140000,120000.0,2,0,0,0,0,1,0,1,0,0,1
2016,Tata Altroz XZ,2020.0,830000,10000.0,1,0,0,0,0,1,0,1,0,0,1
2017,Volkswagen Polo SR Petrol 1.2L,2013.0,380000,50000.0,1,0,0,0,0,1,0,1,0,0,1
2018,Hyundai i10 Magna 1.2,2010.0,150000,90000.0,2,0,0,0,0,1,0,1,0,0,1
2019,Chevrolet Spark 1.0 LS,2008.0,50000,70000.0,1,0,0,0,0,1,0,1,0,0,1
2020,Mahindra Bolero SLX,2008.0,155000,100000.0,1,0,1,0,0,0,0,1,0,0,1
2022,Skoda Superb 1.8 TFSI MT,2010.0,300000,80000.0,1,0,0,0,0,1,0,1,0,0,1
2023,Maruti Alto 800 LXI,2018.0,300000,16584.0,1,0,0,0,0,1,1,0,0,0,1
2024,Tata Tiago 2019-2020 XE Diesel,2016.0,385000,38000.0,1,0,1,0,0,0,1,0,0,0,1
2025,Maruti Wagon R LXI,2010.0,221000,51000.0,1,0,0,0,0,1,1,0,0,0,1
2026,Tata Tiago 1.05 Revotorq XE,2016.0,381000,38000.0,1,0,1,0,0,0,1,0,0,0,1
2027,Maruti Alto 800 LXI,2015.0,250999,35000.0,1,0,0,0,0,1,1,0,0,0,1
2028,Hyundai Santro LS zipPlus,2002.0,60000,60000.0,3,0,0,0,0,1,0,1,0,0,1
2029,Tata Tiago 1.05 Revotorq XE,2016.0,380000,38000.0,1,0,1,0,0,0,1,0,0,0,1
2030,Skoda Laura L n K 1.9 PD,2008.0,180000,144000.0,3,0,1,0,0,0,0,1,0,0,1
2031,Maruti Ciaz ZDi Plus,2017.0,751000,64000.0,1,0,1,0,0,0,1,0,0,0,1
2032,Mahindra XUV500 AT W10 FWD,2015.0,1250000,60000.0,1,0,1,0,0,0,1,0,0,1,0
2033,Hyundai EON 1.0 Era Plus,2014.0,229999,65000.0,1,0,0,0,0,1,1,0,0,0,1
2034,Tata Safari Storme EX,2019.0,1250000,24000.0,1,0,1,0,0,0,0,1,0,0,1
2035,Mahindra Scorpio VLX 2WD BSIV,2014.0,782000,58000.0,2,0,1,0,0,0,1,0,0,0,1
2036,Mahindra Scorpio VLX 2.2 mHawk Airbag BSIV,2014.0,780000,58000.0,2,0,1,0,0,0,1,0,0,0,1
2037,Maruti Alto 800 LXI,2016.0,245000,68000.0,1,0,0,0,0,1,1,0,0,0,1
2038,Hyundai i20 1.4 CRDi Sportz,2011.0,321000,81257.0,1,0,1,0,0,0,1,0,0,0,1
2039,Hyundai Grand i10 1.2 CRDi Sportz Option,2017.0,509999,44000.0,1,0,1,0,0,0,1,0,0,0,1
2040,Tata Nano CX SE,2015.0,110000,45000.0,1,0,0,0,0,1,1,0,0,0,1
2041,Volkswagen Polo Diesel Highline 1.2L,2013.0,400000,75000.0,1,0,1,0,0,0,1,0,0,0,1
2042,Maruti Swift VXI,2013.0,370000,90000.0,1,0,0,0,0,1,0,1,0,0,1
2043,Hyundai Verna CRDi ABS,2007.0,175000,80000.0,2,0,1,0,0,0,0,1,0,0,1
2044,Mercedes-Benz E-Class 230,1998.0,1000000,35000.0,2,0,0,0,0,1,0,1,0,1,0
2045,Maruti Alto 800 LXI,2013.0,92800,25000.0,2,0,0,0,0,1,0,1,0,0,1
2046,Tata Xenon XT EX 4X2,2014.0,291000,90000.0,1,0,1,0,0,0,0,1,0,0,1
2048,Hyundai Verna 1.6 SX CRDi (O),2013.0,335000,110000.0,3,0,1,0,0,0,0,1,0,0,1
2049,Maruti Omni 8 Seater BSIV,2013.0,170000,35000.0,1,0,0,0,0,1,0,1,0,0,1
2050,Maruti Alto 800 LXI,2019.0,295000,10000.0,1,0,0,0,0,1,0,1,0,0,1
2051,Renault KWID RXL,2019.0,375000,10000.0,1,0,0,0,0,1,0,1,0,0,1
2052,Hyundai EON Era Plus,2012.0,215000,70000.0,2,0,0,0,0,1,0,1,0,0,1
2053,Ford Fiesta 1.4 ZXi TDCi ABS,2009.0,150000,60000.0,2,0,1,0,0,0,0,1,0,0,1
2054,Maruti Alto LXI,2003.0,60000,5000.0,2,0,0,0,0,1,0,1,0,0,1
2055,Maruti Alto LX,2006.0,52000,120000.0,3,0,0,0,0,1,0,1,0,0,1
2056,Maruti Omni LPG CARGO BSIII W IMMOBILISER,2009.0,80000,90000.0,2,0,0,0,1,0,0,1,0,0,1
2060,Tata New Safari Dicor EX 4X2 BS IV,2012.0,280000,110000.0,4,0,1,0,0,0,0,1,0,0,1
2061,Toyota Etios VD,2016.0,450000,50000.0,2,0,1,0,0,0,0,1,0,0,1
2062,Mahindra XUV500 W7,2018.0,1150000,58000.0,1,0,1,0,0,0,0,1,0,0,1
2063,Maruti Baleno Delta 1.3,2018.0,650000,60000.0,1,0,1,0,0,0,0,1,0,0,1
2064,Tata Zest Revotron 1.2T XE,2015.0,300000,60000.0,2,0,0,0,0,1,0,1,0,0,1
2065,Tata Nano Twist XT,2015.0,73000,57000.0,1,0,0,0,0,1,0,1,0,0,1
2066,Maruti Swift VDI BSIV,2015.0,400000,87000.0,3,0,1,0,0,0,0,1,0,0,1
2067,Renault KWID 1.0 RXT Optional,2017.0,300000,70000.0,1,0,1,0,0,0,0,1,0,0,1
2068,Maruti Wagon R AX,2012.0,300000,30000.0,2,0,0,0,0,1,0,1,0,1,0
2069,Maruti Swift Dzire VDI,2012.0,450000,80000.0,1,0,1,0,0,0,0,1,0,0,1
2070,Hyundai Santro Xing GLS,2009.0,200000,100000.0,2,0,0,0,0,1,0,1,0,0,1
2071,Maruti Swift VXI,2019.0,580000,40000.0,1,0,0,0,0,1,0,1,0,0,1
2072,Hyundai Grand i10 1.2 Kappa Asta,2017.0,550000,3917.0,1,0,0,0,0,1,0,1,0,0,1
2073,Mahindra Scorpio SLX 2.6 Turbo 8 Str,2007.0,190000,160000.0,2,0,1,0,0,0,0,1,0,0,1
2074,Tata Tiago 1.05 Revotorq XT Option,2017.0,450000,35000.0,1,0,1,0,0,0,0,1,0,0,1
2075,Chevrolet Spark 1.0 LS,2014.0,220000,70000.0,1,0,0,0,0,1,0,1,0,0,1
2076,Maruti SX4 ZXI MT BSIV,2012.0,310000,69069.0,1,0,0,0,0,1,1,0,0,0,1
2077,Hyundai Elite i20 Sportz Plus BSIV,2019.0,650000,13500.0,1,0,0,0,0,1,0,1,0,0,1
2078,Maruti Wagon R Stingray VXI,2014.0,300000,59059.0,1,0,0,0,0,1,1,0,0,0,1
2079,Hyundai Accent Executive,2013.0,200000,70000.0,1,0,0,0,0,1,0,1,0,0,1
2080,Honda Brio S MT,2012.0,285000,39039.0,1,0,0,0,0,1,1,0,0,0,1
2081,Honda Brio Exclusive Edition,2014.0,335000,33033.0,1,0,0,0,0,1,1,0,0,0,1
2082,Hyundai Verna Transform SX VTVT,2011.0,370000,55168.0,2,0,0,0,0,1,0,1,0,0,1
2083,Hyundai i20 1.2 Sportz,2013.0,375000,41041.0,1,0,0,0,0,1,1,0,0,0,1
2084,Hyundai i10 Magna,2009.0,235000,67067.0,1,0,0,0,0,1,1,0,0,0,1
2085,Hyundai i10 Sportz 1.2 AT,2013.0,345000,66066.0,1,0,0,0,0,1,1,0,0,1,0
2086,Mahindra Quanto C8,2013.0,365000,82082.0,1,0,1,0,0,0,1,0,0,0,1
2087,Hyundai Grand i10 Sportz,2014.0,400000,48000.0,1,0,1,0,0,0,0,1,0,0,1
2088,Hyundai EON D Lite Plus,2015.0,250000,30000.0,1,0,0,0,0,1,0,1,0,0,1
2089,Hyundai Verna SX CRDi AT,2012.0,465000,70070.0,1,0,1,0,0,0,1,0,0,1,0
2090,Renault KWID RXT,2017.0,300000,10000.0,1,0,0,0,0,1,0,1,0,0,1
2091,Maruti Swift Dzire ZXI 1.2 BS IV,2018.0,655000,60000.0,1,0,0,0,0,1,0,1,0,0,1
2092,Maruti Wagon R LXI CNG,2016.0,350000,30000.0,2,1,0,0,0,0,0,1,0,0,1
2093,Hyundai i10 Sportz 1.2 AT,2015.0,500000,50000.0,1,0,0,0,0,1,1,0,0,1,0
2094,Hyundai Grand i10 AT Asta,2015.0,465000,63063.0,1,0,0,0,0,1,1,0,0,1,0
2095,Maruti Swift VDi BSIII W/ ABS,2008.0,263000,70000.0,1,0,1,0,0,0,0,1,0,0,1
2096,Maruti Omni MPI STD BSIV,2012.0,250000,90000.0,1,0,0,0,0,1,0,1,0,0,1
2097,Hyundai Accent GLE 1,1999.0,60000,90000.0,4,0,0,0,0,1,0,1,0,0,1
2098,Hyundai Getz GLX,2005.0,70000,90000.0,3,0,0,0,0,1,0,1,0,0,1
2103,Honda WR-V i-DTEC VX,2017.0,650000,140000.0,1,0,1,0,0,0,0,1,0,0,1
2104,Hyundai i20 Asta 1.4 CRDi,2014.0,370000,80000.0,2,0,1,0,0,0,0,1,0,0,1
2105,Maruti Swift VDI Optional,2016.0,509999,40000.0,1,0,1,0,0,0,0,1,0,0,1
2106,Maruti Zen Estilo VXI BSIV,2011.0,280000,33000.0,1,0,0,0,0,1,0,1,0,0,1
2107,Maruti A-Star Vxi,2010.0,180000,40000.0,1,0,0,0,0,1,0,1,0,0,1
2113,Maruti Alto 800 LXI,2015.0,240000,50000.0,1,0,0,0,0,1,0,1,0,0,1
2115,Ford Ecosport 1.5 Petrol Ambiente,2017.0,650000,6000.0,1,0,0,0,0,1,0,1,0,0,1
2116,Hyundai Verna SX Diesel,2010.0,200000,78000.0,2,0,1,0,0,0,1,0,0,0,1
2117,Hyundai Verna SX Diesel,2011.0,210000,72000.0,3,0,1,0,0,0,1,0,0,0,1
2118,Tata Nano Cx BSIV,2011.0,75000,9528.0,1,0,0,0,0,1,1,0,0,0,1
2119,Toyota Innova 2.5 G (Diesel) 8 Seater,2011.0,450000,135200.0,1,0,1,0,0,0,1,0,0,0,1
2120,Hyundai i20 1.2 Sportz,2011.0,220000,58000.0,2,0,0,0,0,1,1,0,0,0,1
2121,Hyundai i20 Magna 1.4 CRDi (Diesel),2013.0,325000,78000.0,2,0,1,0,0,0,1,0,0,0,1
2122,Tata Zest Revotron 1.2T XE,2018.0,450000,45000.0,1,0,0,0,0,1,0,1,0,0,1
2123,Ford EcoSport 1.5 Diesel Titanium Plus BSIV,2017.0,825000,35000.0,1,0,1,0,0,0,0,1,0,0,1
2124,Hyundai Accent GLS,2007.0,125000,76000.0,3,0,0,0,0,1,1,0,0,0,1
2125,Mahindra Xylo D2 BS IV,2015.0,434999,100000.0,3,0,1,0,0,0,0,1,0,0,1
2126,Mahindra Scorpio SLE BSIV,2011.0,484999,99000.0,2,0,1,0,0,0,0,1,0,0,1
2127,Maruti Ritz VDi,2009.0,175000,60000.0,3,0,1,0,0,0,0,1,0,0,1
2128,Honda Civic 1.8 S MT,2006.0,220000,120000.0,3,0,0,0,0,1,0,1,0,0,1
2129,Honda BR-V i-VTEC VX MT,2020.0,1250000,1100.0,1,0,1,0,0,0,1,0,0,0,1
2130,Maruti Omni E MPI STD BS IV,2017.0,215000,34000.0,1,0,0,0,0,1,1,0,0,0,1
2131,Mahindra XUV500 W6 2WD,2014.0,625000,68000.0,1,0,1,0,0,0,1,0,0,0,1
2132,Ford EcoSport 1.5 Diesel Titanium BSIV,2018.0,615000,15000.0,1,0,1,0,0,0,0,1,0,0,1
2133,Chevrolet Beat Diesel PS,2012.0,130000,58000.0,1,0,1,0,0,0,1,0,0,0,1
2134,Tata Indigo CS eLX BS IV,2013.0,175000,50300.0,1,0,1,0,0,0,0,1,0,0,1
2135,Tata Indigo CR4,2011.0,150000,70000.0,2,0,1,0,0,0,0,1,0,0,1
2136,Tata Indica Vista TDI LS,2011.0,195000,60000.0,3,0,1,0,0,0,0,1,0,0,1
2137,Maruti Ertiga 1.5 VDI,2020.0,550000,90000.0,1,0,1,0,0,0,0,1,0,0,1
2138,Isuzu D-Max V-Cross Standard,2018.0,1500000,40000.0,1,0,1,0,0,0,0,1,0,0,1
2139,Skoda Superb 1.8 TFSI MT,2010.0,400000,80000.0,2,0,0,0,0,1,0,1,0,0,1
2140,Nissan Kicks XV Premium D BSIV,2019.0,1350000,15000.0,1,0,1,0,0,0,0,1,0,0,1
2141,Maruti Swift 1.2 DLX,2015.0,217000,45000.0,1,0,0,0,0,1,0,1,0,0,1
2142,Maruti Swift VDI BSIV,2011.0,290000,130000.0,2,0,1,0,0,0,0,1,0,0,1
2143,Mahindra Bolero Power Plus SLX,2018.0,700000,80000.0,1,0,1,0,0,0,0,1,0,0,1
2144,Maruti Alto 800 Base,2014.0,175000,40000.0,1,0,0,0,0,1,0,1,0,0,1
2145,Volkswagen Ameo 1.5 TDI Highline 16 Alloy,2017.0,575000,80000.0,1,0,1,0,0,0,0,1,0,0,1
2146,Maruti Ritz LDi,2016.0,380000,100000.0,2,0,1,0,0,0,0,1,0,0,1
2147,Mahindra Xylo D4 BSIV,2013.0,350000,151624.0,2,0,1,0,0,0,0,1,0,0,1
2148,Renault Duster 85PS Diesel RxL Optional,2012.0,450000,160000.0,1,0,1,0,0,0,0,1,0,0,1
2149,Hyundai Santro AT CNG,2005.0,130000,110000.0,2,1,0,0,0,0,0,1,0,0,1
2150,Maruti Swift VDI BSIV,2015.0,320000,74820.0,1,0,1,0,0,0,0,1,0,0,1
2151,Mahindra XUV500 W6 2WD,2014.0,550000,82000.0,1,0,1,0,0,0,0,1,0,0,1
2152,Maruti Wagon R VXI BS IV,2015.0,370000,50000.0,2,0,0,0,0,1,0,1,0,0,1
2153,Chevrolet Beat LT,2010.0,114999,70000.0,2,0,0,0,0,1,0,1,0,0,1
2154,Ford Ecosport Sports Petrol,2020.0,1100000,1000.0,1,0,0,0,0,1,0,1,0,0,1
2155,Hyundai Tucson CRDi,2006.0,170000,170000.0,1,0,1,0,0,0,0,1,0,0,1
2156,Tata Indigo TDI,2008.0,80000,150000.0,3,0,1,0,0,0,0,1,0,0,1
2157,Ford EcoSport 1.5 Diesel Titanium BSIV,2019.0,950000,17000.0,1,0,1,0,0,0,0,1,0,0,1
2158,Maruti Swift Dzire VDI,2014.0,425000,150000.0,1,0,1,0,0,0,0,1,0,0,1
2159,Hyundai i20 Asta Option 1.4 CRDi,2015.0,500000,80000.0,1,0,1,0,0,0,0,1,0,0,1
2160,Hyundai Santro Xing XG eRLX Euro III,2005.0,70000,170000.0,3,0,0,0,0,1,0,1,0,0,1
2161,Honda Amaze S i-Dtech,2013.0,349000,120000.0,1,0,1,0,0,0,0,1,0,0,1
2162,Hyundai i20 1.2 Sportz,2012.0,330000,90000.0,3,0,0,0,0,1,0,1,0,0,1
2163,Hyundai Santro Xing GLS,2010.0,120000,90000.0,3,0,0,0,0,1,0,1,0,0,1
2164,Hyundai Verna 1.6 SX CRDi (O),2013.0,430000,100000.0,2,0,1,0,0,0,0,1,0,0,1
2165,Maruti Swift VDI BSIV,2014.0,390000,90000.0,1,0,1,0,0,0,0,1,0,0,1
2166,Nissan Micra Diesel XV Primo,2012.0,225000,129000.0,1,0,1,0,0,0,0,1,0,0,1
2167,Mahindra Scorpio VLS AT 2.2 mHAWK,2010.0,350000,186000.0,2,0,1,0,0,0,0,1,0,1,0
2168,Tata Sumo LX,2009.0,100000,66778.0,1,0,1,0,0,0,0,1,0,0,1
2169,Hyundai EON Era Plus,2014.0,190000,50000.0,1,0,0,0,0,1,0,1,0,0,1
2170,Hyundai i20 Sportz 1.4 CRDi,2014.0,315000,60000.0,2,0,1,0,0,0,0,1,0,0,1
2171,Hyundai Grand i10 CRDi Magna,2015.0,300000,60000.0,2,0,1,0,0,0,0,1,0,0,1
2172,Renault KWID RXT,2016.0,280000,40000.0,1,0,0,0,0,1,0,1,0,0,1
2191,Tata Tiago 1.2 Revotron XZ,2018.0,539000,60000.0,1,0,0,0,0,1,0,1,0,0,1
2192,Maruti Celerio ZXI,2017.0,420000,50000.0,1,0,0,0,0,1,0,1,0,0,1
2193,Maruti Omni E 8 Str STD,2001.0,85000,70000.0,3,0,0,0,0,1,0,1,0,0,1
2194,OpelCorsa 1.6Gls,2004.0,142000,73000.0,4,0,0,0,0,1,0,1,0,0,1
2195,Hyundai EON D Lite,2014.0,180000,76000.0,2,0,0,0,0,1,0,1,0,0,1
2196,Chevrolet Tavera Neo 3 Max 9 Str BSIII,2014.0,400000,120000.0,2,0,1,0,0,0,0,1,0,0,1
2197,Mahindra Scorpio VLX 2WD ABS AT BSIII,2009.0,360000,170000.0,3,0,1,0,0,0,0,1,0,1,0
2198,Hyundai Santro Xing XG,2003.0,85000,110000.0,2,0,0,0,0,1,0,1,0,0,1
2199,Honda Brio 1.2 S MT,2016.0,350000,63400.0,1,0,0,0,0,1,0,1,0,0,1
2200,Datsun GO Plus T BSIV,2015.0,380000,25000.0,1,0,0,0,0,1,0,1,0,0,1
2201,Hyundai i10 Era,2009.0,140000,80000.0,3,0,0,0,0,1,0,1,0,0,1
2202,Maruti Wagon R VXI BS IV,2012.0,200000,90000.0,1,0,0,0,0,1,0,1,0,0,1
2203,Hyundai Santro Xing GL,2011.0,150000,157000.0,1,0,0,0,0,1,0,1,0,0,1
2206,Mahindra Bolero SLX 2WD,2007.0,300000,100000.0,2,0,1,0,0,0,0,1,0,0,1
2207,Renault KWID RXT,2017.0,280000,50000.0,1,0,0,0,0,1,0,1,0,0,1
2208,Maruti Alto K10 2010-2014 VXI,2011.0,200000,60000.0,1,0,0,0,0,1,0,1,0,0,1
2209,Chevrolet Aveo U-VA 1.2 LT WO ABS Airbag,2009.0,110000,38500.0,2,0,0,0,0,1,0,1,0,0,1
2210,Hyundai i10 Magna,2008.0,140000,103921.0,2,0,0,0,0,1,0,1,0,0,1
2212,Honda City i-VTEC VX,2018.0,1150000,14825.0,1,0,0,0,0,1,1,0,0,0,1
2213,Honda BR-V i-DTEC VX MT,2016.0,910000,43377.0,1,0,1,0,0,0,1,0,0,0,1
2214,Ford Figo Diesel Titanium,2010.0,160000,102307.0,1,0,1,0,0,0,1,0,0,0,1
2215,Maruti Zen LX,2004.0,105000,79000.0,2,0,0,0,0,1,0,1,0,0,1
2216,Skoda Octavia Elegance 2.0 TDI AT,2014.0,1200000,135000.0,3,0,1,0,0,0,0,1,0,1,0
2218,Maruti Wagon R LXI,2004.0,70000,90000.0,4,0,0,0,0,1,0,1,0,0,1
2219,Chevrolet Beat Diesel,2012.0,160000,110000.0,1,0,1,0,0,0,0,1,0,0,1
2221,Chevrolet Sail Hatchback LT ABS,2013.0,225000,80000.0,1,0,1,0,0,0,0,1,0,0,1
2223,Honda City 1.3 EXI,2002.0,145000,100000.0,1,0,0,0,0,1,0,1,0,0,1
2225,Ford EcoSport 1.5 Diesel Titanium Plus BSIV,2018.0,930000,20000.0,1,0,1,0,0,0,0,1,0,0,1
2227,Hyundai Getz 1.5 CRDi GVS,2008.0,110000,60000.0,3,0,1,0,0,0,0,1,0,0,1
2230,Renault Lodgy Stepway 85PS RXZ 8S,2017.0,650000,40000.0,1,0,1,0,0,0,0,1,0,0,1
2231,Maruti Swift VXI,2019.0,550000,51000.0,1,0,0,0,0,1,0,1,0,0,1
2232,Maruti Alto LX BSIII,2008.0,85000,120000.0,2,0,0,0,0,1,0,1,0,0,1
2235,Toyota Etios 1.5 V,2016.0,509999,35000.0,1,0,0,0,0,1,0,1,0,0,1
2241,Maruti SX4 Vxi BSIV,2014.0,225000,110000.0,2,0,0,0,0,1,0,1,0,0,1
2257,Audi A4 3.0 TDI Quattro,2014.0,1580000,86000.0,1,0,1,0,0,0,1,0,0,1,0
2274,Maruti Baleno Alpha 1.3,2017.0,650000,70000.0,1,0,1,0,0,0,0,1,0,0,1
2275,Chevrolet Spark 1.0 LS,2011.0,140000,60000.0,2,0,0,0,0,1,0,1,0,0,1
2276,Maruti Alto LXi,2011.0,150000,70000.0,1,0,0,0,0,1,0,1,0,0,1
2277,Datsun GO Plus A Option Petrol,2018.0,450000,10000.0,2,0,0,0,0,1,0,1,0,0,1
2278,Hyundai Accent CRDi,2006.0,170000,245244.0,4,0,1,0,0,0,0,1,0,0,1
2279,Renault KWID 1.0 RXT Optional,2017.0,400000,60000.0,1,0,0,0,0,1,0,1,0,0,1
2280,Tata Tiago 1.2 Revotron XE,2016.0,300000,30000.0,1,0,0,0,0,1,0,1,0,0,1
2281,Maruti Alto 800 Base,2012.0,250000,8000.0,1,0,0,0,0,1,0,1,0,0,1
2282,Tata Tigor 1.2 Revotron XM,2019.0,500000,10000.0,1,0,1,0,0,0,0,1,0,0,1
2283,Hyundai Accent CRDi,2002.0,85000,100000.0,3,0,1,0,0,0,0,1,0,0,1
2284,Nissan Sunny Diesel XL,2012.0,300000,110000.0,1,0,1,0,0,0,0,1,0,0,1
2286,Mahindra XUV500 AT W8 FWD,2015.0,740000,45000.0,1,0,1,0,0,0,1,0,0,1,0
2287,Hyundai Santro Xing XG,2005.0,70000,68500.0,1,0,0,0,0,1,1,0,0,0,1
2288,Hyundai Santro Sportz AMT,2019.0,484999,5007.0,1,0,0,0,0,1,1,0,0,1,0
2289,Nissan Micra Active XV S,2013.0,164000,30000.0,1,0,0,0,0,1,0,1,0,0,1
2290,Honda City 1.5 V AT,2008.0,140000,70000.0,1,0,0,0,0,1,0,1,0,1,0
2291,Mercedes-Benz E-Class E250 CDI Elegance,2011.0,999000,49600.0,1,0,1,0,0,0,1,0,0,1,0
2292,Maruti Alto LXI,2005.0,56000,23000.0,2,0,0,0,0,1,0,1,0,0,1
2293,BMW 7 Series 730Ld,2006.0,1050000,60000.0,1,0,1,0,0,0,1,0,0,1,0
2294,Hyundai Verna 1.6 VTVT,2010.0,190000,38000.0,1,0,0,0,0,1,1,0,0,0,1
2295,Audi Q5 3.0 TDI Quattro Technology,2018.0,3899000,22000.0,1,0,1,0,0,0,1,0,0,1,0
2296,Hyundai i10 Sportz 1.2,2011.0,235000,43100.0,1,0,0,0,0,1,1,0,0,0,1
2297,Datsun GO Plus T,2017.0,350000,10171.0,1,0,0,0,0,1,1,0,0,0,1
2298,Renault Duster 110PS Diesel RxL,2015.0,465000,41123.0,1,0,1,0,0,0,1,0,0,0,1
2299,Toyota Camry Hybrid 2.5,2017.0,1900000,20118.0,1,0,0,0,0,1,1,0,0,1,0
2300,Honda City i DTec SV,2014.0,450000,40000.0,1,0,1,0,0,0,1,0,0,0,1
2301,Volkswagen Jetta 2.0L TDI Highline,2015.0,790000,52517.0,1,0,1,0,0,0,1,0,0,0,1
2302,Mahindra Marazzo M2 8Str,2019.0,900000,20000.0,1,0,1,0,0,0,0,1,0,0,1
2303,Ford Ecosport 1.5 DV5 MT Titanium Optional,2014.0,450000,99117.0,1,0,1,0,0,0,1,0,0,0,1
2304,Chevrolet Spark 1.0 LS,2009.0,135000,90000.0,1,0,0,0,0,1,0,1,0,0,1
2305,Maruti Celerio ZXI MT BSIV,2019.0,425000,3700.0,1,0,0,0,0,1,0,1,0,0,1
2306,Tata Indica Vista Terra 1.4 TDI,2010.0,100000,80000.0,1,0,1,0,0,0,0,1,0,0,1
2307,Ford EcoSport 1.5 TDCi Titanium BSIV,2015.0,650000,100000.0,2,0,1,0,0,0,0,1,0,0,1
2308,Tata Indica Vista Aqua 1.4 TDI,2011.0,90000,54000.0,1,0,1,0,0,0,0,1,0,0,1
2309,Hyundai EON Era Plus,2017.0,250000,19000.0,1,0,0,0,0,1,0,1,0,0,1
2310,Maruti Swift Dzire VDI,2014.0,300000,120000.0,1,0,1,0,0,0,0,1,0,0,1
2311,Maruti Wagon R VXI BS IV,2014.0,275000,30000.0,1,0,0,0,0,1,0,1,0,0,1
2312,Honda BRV i-VTEC V MT,2017.0,600000,43500.0,1,0,0,0,0,1,0,1,0,0,1
2313,Renault KWID RXT,2016.0,270000,60000.0,2,0,0,0,0,1,0,1,0,0,1
2314,Renault KWID RXT Optional,2016.0,240000,70000.0,2,0,0,0,0,1,0,1,0,0,1
2330,Hyundai Grand i10 Asta Option,2017.0,540000,20000.0,2,0,0,0,0,1,0,1,0,0,1
2338,Maruti Alto 800 LXI,2013.0,92800,60000.0,2,0,0,0,0,1,0,1,0,0,1
2340,Maruti Alto 800 LXI,2013.0,92800,25000.0,1,0,1,0,0,0,0,1,0,0,1
2341,Renault KWID 1.0 RXT Optional,2014.0,350000,20000.0,1,0,0,0,0,1,0,1,0,0,1
2342,Maruti Omni 5 Str STD,1998.0,65000,60000.0,3,0,0,0,0,1,1,0,0,0,1
2343,Maruti Swift Dzire VDI,2015.0,650000,58000.0,1,0,1,0,0,0,0,1,0,0,1
2344,Maruti Wagon R LX BS IV,2014.0,350000,40000.0,1,0,0,0,0,1,1,0,0,0,1
2345,Maruti Wagon R LXI,2005.0,75000,70000.0,2,0,0,0,0,1,0,1,0,0,1
2346,Hyundai i20 Asta (o) 1.4 CRDi (Diesel),2012.0,440000,70000.0,1,0,1,0,0,0,1,0,0,0,1
2347,Hyundai Santro Xing GLS,2013.0,270000,60000.0,1,0,0,0,0,1,0,1,0,0,1
2348,Toyota Innova 2.5 V Diesel 7-seater,2014.0,1150000,135000.0,1,0,1,0,0,0,1,0,0,0,1
2349,Maruti Omni 8 Seater BSII,2015.0,238000,70000.0,1,0,0,0,0,1,1,0,0,0,1
2350,Mercedes-Benz B Class B180 Sports,2013.0,1100000,40000.0,2,0,0,0,0,1,0,1,0,1,0
2351,Mahindra XUV500 W10 2WD,2015.0,1200000,75000.0,2,0,1,0,0,0,1,0,0,0,1
2352,Skoda Fabia 1.2L Diesel Ambiente,2010.0,260000,150000.0,1,0,1,0,0,0,0,1,0,0,1
2353,Toyota Etios VD,2012.0,350000,140000.0,3,0,1,0,0,0,0,1,0,0,1
2354,Toyota Etios Liva VD,2015.0,480000,70000.0,1,0,1,0,0,0,0,1,0,0,1
2355,Toyota Etios Liva GD,2012.0,345000,137250.0,2,0,1,0,0,0,0,1,0,0,1
2356,Mahindra Scorpio M2DI,2013.0,500000,110000.0,2,0,1,0,0,0,0,1,0,0,1
2357,Hyundai Grand i10 Asta Option,2017.0,595000,27000.0,1,0,0,0,0,1,1,0,0,0,1
2358,Hyundai Verna CRDi 1.6 SX Option,2019.0,1295000,9000.0,1,0,1,0,0,0,1,0,0,0,1
2359,Volkswagen Vento 1.5 TDI Highline BSIV,2019.0,1350000,5400.0,0,0,1,0,0,0,1,0,0,0,1
2360,Renault KWID Climber 1.0 MT Opt BSIV,2020.0,541000,1000.0,0,0,0,0,0,1,1,0,0,0,1
2361,Hyundai Santro Asta,2018.0,515000,16000.0,1,0,0,0,0,1,1,0,0,0,1
2362,Ford Figo Aspire Titanium Plus Diesel,2019.0,894999,13000.0,0,0,1,0,0,0,1,0,0,0,1
2363,Renault Pulse RxZ Optional,2012.0,325000,47000.0,1,0,1,0,0,0,1,0,0,0,1
2364,Maruti Ciaz 1.4 Alpha,2018.0,925000,22000.0,1,0,0,0,0,1,0,1,0,0,1
2365,Nissan Terrano XL P,2017.0,844999,30000.0,1,0,1,0,0,0,0,1,0,0,1
2366,Maruti Ciaz 1.4 Alpha,2018.0,925000,20000.0,1,0,0,0,0,1,0,1,0,0,1
2367,Tata Manza Club Class Quadrajet90 LX,2013.0,300000,60000.0,1,0,1,0,0,0,0,1,0,0,1
2368,Toyota Camry M/t,2008.0,650000,75000.0,2,0,0,0,0,1,0,1,0,0,1
2369,Maruti Alto K10 LXI,2010.0,175000,64000.0,1,0,0,0,0,1,1,0,0,0,1
2370,Maruti SX4 S Cross DDiS 320 Delta,2015.0,325000,60000.0,1,0,1,0,0,0,0,1,0,0,1
2371,Renault Duster 85PS Diesel RxZ,2017.0,600000,90000.0,1,0,1,0,0,0,0,1,0,0,1
2372,Maruti Swift ZXI Plus,2018.0,700000,30000.0,1,0,0,0,0,1,0,1,0,0,1
2373,Toyota Corolla H3,2003.0,95000,120000.0,2,0,0,0,0,1,0,1,0,1,0
2374,Maruti Celerio ZXI,2019.0,490000,20000.0,1,0,0,0,0,1,1,0,0,0,1
2375,Tata Safari DICOR 2.2 EX 4x2,2013.0,380000,100000.0,1,0,1,0,0,0,0,1,0,0,1
2376,Hyundai Grand i10 1.2 Kappa Sportz Dual Tone,2018.0,550000,31000.0,1,0,0,0,0,1,1,0,0,0,1
2377,Maruti Alto 800 LXI,2013.0,225000,47000.0,1,0,0,0,0,1,1,0,0,0,1
2378,Tata Nexon 1.2 Revotron XM,2018.0,570000,11200.0,1,0,0,0,0,1,0,1,0,0,1
2379,Maruti Alto 800 LXI,2018.0,305000,35000.0,1,0,0,0,0,1,1,0,0,0,1
2380,Maruti Wagon R Duo Lxi,2010.0,240000,60000.0,1,0,0,0,1,0,1,0,0,0,1
2381,Maruti Ertiga SHVS VDI,2015.0,700000,55000.0,1,0,1,0,0,0,1,0,0,0,1
2382,Maruti Omni E MPI STD BS IV,2018.0,288000,20000.0,1,0,0,0,0,1,1,0,0,0,1
2383,Mahindra Bolero B4,2017.0,800000,75000.0,1,0,1,0,0,0,1,0,0,0,1
2384,Maruti Celerio VXI,2017.0,430000,93000.0,1,0,0,0,0,1,1,0,0,0,1
2385,Chevrolet Beat Diesel LT Option,2009.0,195000,57000.0,2,0,1,0,0,0,1,0,0,0,1
2386,Maruti Eeco Smiles 5 Seater AC,2014.0,325000,30000.0,1,0,0,0,0,1,1,0,0,0,1
2387,Renault Duster 85PS Diesel RxE,2013.0,450000,60000.0,1,0,1,0,0,0,1,0,0,0,1
2388,Maruti Swift Dzire VDI,2016.0,630000,65000.0,1,0,1,0,0,0,1,0,0,0,1
2389,Maruti Swift 1.3 VXi,2009.0,250000,62000.0,2,0,1,0,0,0,1,0,0,0,1
2390,Hyundai Santro GLS I - Euro II,2007.0,135000,85000.0,1,0,0,0,0,1,1,0,0,0,1
2391,Chevrolet Spark 1.0 PS,2010.0,110000,73000.0,1,0,0,0,0,1,0,1,0,0,1
2392,Maruti Swift ZDi,2012.0,350000,55000.0,1,0,1,0,0,0,1,0,0,0,1
2393,Maruti Omni E MPI STD BS IV,2014.0,240000,5800.0,2,0,0,0,0,1,0,1,0,0,1
2394,Toyota Innova 2.5 V Diesel 8-seater,2009.0,350000,350000.0,1,0,1,0,0,0,0,1,0,0,1
2395,Maruti Swift ZXI Plus,2014.0,600000,30000.0,1,0,0,0,0,1,0,1,0,0,1
2396,Maruti Swift Dzire VDI,2018.0,750000,20000.0,1,0,1,0,0,0,0,1,0,0,1
2397,Hyundai EON Era Plus,2018.0,270000,20000.0,1,0,0,0,0,1,0,1,0,0,1
2398,Maruti Alto LXi,2007.0,90000,100000.0,2,0,0,0,0,1,0,1,0,0,1
2399,Maruti Wagon R Stingray VXI,2013.0,350000,65000.0,1,0,0,0,0,1,0,1,0,0,1
2400,Ford Figo Diesel Celebration Edition,2013.0,285000,90000.0,2,0,1,0,0,0,0,1,0,0,1
2401,Toyota Innova 2.5 E Diesel MS 7-seater,2011.0,665000,267000.0,2,0,1,0,0,0,0,1,0,0,1
2402,Mahindra Scorpio 2.6 CRDe,2005.0,175000,250000.0,2,0,1,0,0,0,0,1,0,0,1
2403,Mahindra Xylo D2,2011.0,350000,140000.0,2,0,1,0,0,0,0,1,0,0,1
2404,Honda City i-VTEC CVT ZX,2018.0,1225000,22000.0,1,0,0,0,0,1,1,0,0,1,0
2405,Honda Jazz Select Edition Active,2010.0,285000,60000.0,2,0,0,0,0,1,1,0,0,0,1
2406,Honda City i-VTEC VX,2018.0,1000000,28635.0,1,0,0,0,0,1,1,0,0,0,1
2407,Honda Amaze VX Diesel BSIV,2018.0,780000,32114.0,1,0,1,0,0,0,1,0,0,0,1
2408,Maruti Celerio VXI,2014.0,300000,82000.0,2,0,0,0,0,1,1,0,0,0,1
2409,Maruti Swift VXI BSIII,2006.0,160000,95149.0,2,0,0,0,0,1,1,0,0,0,1
2410,Honda Amaze VX i-VTEC,2018.0,625000,68458.0,1,0,0,0,0,1,1,0,0,0,1
2411,Maruti Ritz VXi,2010.0,265000,42000.0,1,0,0,0,0,1,0,1,0,0,1
2412,Honda City i DTEC V,2014.0,515000,90000.0,2,0,1,0,0,0,0,1,0,0,1
2419,Toyota Etios Liva GD,2012.0,409999,56000.0,1,0,1,0,0,0,0,1,0,0,1
2420,Hyundai EON 1.0 Era Plus,2018.0,100000,21302.0,1,0,1,0,0,0,0,1,0,0,1
2421,Hyundai i20 Active 1.4 SX,2016.0,650000,100000.0,1,0,1,0,0,0,0,1,0,0,1
2422,Mahindra TUV 300 T8,2017.0,650000,80000.0,1,0,1,0,0,0,0,1,0,0,1
2423,Hyundai Getz 1.3 GLS,2010.0,150000,105546.0,1,0,0,0,0,1,0,1,0,0,1
2424,Toyota Etios Liva 1.2 V,2018.0,500000,10000.0,1,0,0,0,0,1,0,1,0,0,1
2425,Toyota Innova 2.5 GX 7 STR BSIV,2012.0,1000000,80000.0,2,0,1,0,0,0,0,1,0,0,1
2426,Hyundai i20 Magna Optional 1.2,2013.0,340000,35000.0,1,0,0,0,0,1,0,1,0,0,1
2428,Toyota Innova 2.5 G (Diesel) 8 Seater,2013.0,1010000,120000.0,1,0,1,0,0,0,0,1,0,0,1
2429,Toyota Etios GD,2011.0,350000,120000.0,3,0,1,0,0,0,0,1,0,0,1
2430,Maruti Swift VDI BSIV,2016.0,595000,70000.0,1,0,1,0,0,0,0,1,0,0,1
2431,Mahindra Scorpio VLX 2WD BSIV,2014.0,700000,60000.0,3,0,1,0,0,0,0,1,0,0,1
2432,Renault KWID RXL,2019.0,265000,40000.0,1,0,0,0,0,1,0,1,0,0,1
2433,Maruti Alto K10 VXI,2015.0,320000,60000.0,2,0,0,0,0,1,0,1,0,0,1
2434,Honda City 1.5 S MT,2011.0,310000,110000.0,1,0,0,0,0,1,0,1,0,0,1
2435,Honda City i DTEC VX,2014.0,700000,130000.0,1,0,1,0,0,0,0,1,0,0,1
2436,Maruti Alto LXi BSIII,2009.0,130000,80000.0,2,0,0,0,0,1,0,1,0,0,1
2437,Maruti Swift Dzire VDi,2009.0,150000,120000.0,2,0,1,0,0,0,0,1,0,0,1
2438,Honda Amaze E i-Dtech,2015.0,300000,104000.0,2,0,1,0,0,0,0,1,0,0,1
2439,Maruti Swift Dzire LXi,2011.0,150000,100000.0,2,0,0,0,0,1,0,1,0,0,1
2440,Honda City 1.3 EXI,2003.0,120000,132343.0,2,0,0,0,0,1,0,1,0,0,1
2441,Hyundai Creta 1.4 CRDi S Plus,2016.0,950000,90000.0,2,0,1,0,0,0,0,1,0,0,1
2442,Maruti Wagon R VXI BS IV,2007.0,100000,60000.0,2,0,0,0,0,1,0,1,0,0,1
2443,Honda Jazz 1.5 SV i DTEC,2015.0,450000,76000.0,1,0,1,0,0,0,0,1,0,0,1
2444,Maruti 800 EX,2004.0,30000,60000.0,3,0,0,0,0,1,0,1,0,0,1
2445,Mahindra Renault Logan 1.6 Petrol GLSX,2009.0,200000,30000.0,2,0,0,0,0,1,0,1,0,0,1
2446,Tata Indigo LS,2010.0,250000,96000.0,2,0,1,0,0,0,0,1,0,0,1
2460,Maruti Alto VXi,2015.0,280000,26134.0,1,0,0,0,0,1,1,0,0,0,1
2464,Maruti Ritz VDi,2011.0,260000,52895.0,1,0,1,0,0,0,1,0,0,0,1
2465,Hyundai Verna SX Diesel,2013.0,550000,42324.0,2,0,1,0,0,0,1,0,0,0,1
2466,Mahindra XUV500 W10 1.99 mHawk,2016.0,1044999,65000.0,1,0,1,0,0,0,1,0,0,0,1
2467,Mahindra Scorpio EX,2012.0,550000,60236.0,1,0,1,0,0,0,1,0,0,0,1
2468,Maruti Wagon R VXI BS IV,2014.0,210000,60000.0,2,0,0,0,0,1,0,1,0,0,1
2469,Maruti Wagon R VXI BS IV,2014.0,210000,70000.0,3,0,0,0,0,1,0,1,0,0,1
2470,Mahindra Xylo E8,2009.0,290000,100000.0,2,0,1,0,0,0,0,1,0,0,1
2471,Fiat 500 Lounge,2008.0,250999,110000.0,1,0,1,0,0,0,0,1,0,0,1
2472,Renault Triber RXT BSIV,2019.0,600000,10300.0,1,0,0,0,0,1,0,1,0,0,1
2473,Fiat Grande Punto EVO 1.3 Active,2014.0,270000,60000.0,2,0,1,0,0,0,0,1,0,0,1
2474,Tata New Safari 4X4 EX,2012.0,550000,142000.0,1,0,1,0,0,0,0,1,0,0,1
2475,Mahindra TUV 300 mHAWK100 T8,2017.0,800000,25000.0,1,0,1,0,0,0,0,1,0,0,1
2476,Tata Altroz XE,2020.0,500000,60000.0,1,0,0,0,0,1,0,1,0,0,1
2478,Hyundai Grand i10 1.2 Kappa Sportz BSIV,2016.0,396000,28643.0,1,0,0,0,0,1,1,0,0,0,1
2479,Honda City i DTEC VX,2014.0,600000,50000.0,1,0,1,0,0,0,0,1,0,0,1
2480,Maruti Wagon R ZXI 1.2,2019.0,575000,30000.0,1,0,0,0,0,1,1,0,0,0,1
2481,Hyundai Santro Sportz BSIV,2020.0,520000,5000.0,1,0,0,0,0,1,0,1,0,0,1
2482,Mahindra XUV500 AT W10 FWD,2018.0,1400000,30000.0,1,0,1,0,0,0,0,1,0,1,0
2483,Maruti Baleno Delta Automatic,2018.0,600000,7600.0,1,0,0,0,0,1,0,1,0,1,0
2484,Chevrolet Beat Diesel LS,2013.0,195000,47253.0,1,0,1,0,0,0,1,0,0,0,1
2485,Maruti Alto K10 VXI AGS,2015.0,281000,4432.0,2,0,0,0,0,1,1,0,0,1,0
2486,Tata Indica GLS BS IV,2010.0,75000,110000.0,2,0,0,0,0,1,0,1,0,0,1
2487,Hyundai Grand i10 Sportz,2014.0,400000,25000.0,1,0,0,0,0,1,0,1,0,0,1
2488,Tata Indica Vista Terra 1.4 TDI,2009.0,93000,70000.0,2,0,1,0,0,0,0,1,0,0,1
2489,Hyundai i20 Active S Petrol,2016.0,560000,68523.0,1,0,1,0,0,0,1,0,0,0,1
2490,Hyundai EON 1.0 Era Plus,2019.0,400000,5000.0,1,0,0,0,0,1,0,1,0,0,1
2491,Tata Tigor 1.2 Revotron XT,2018.0,459999,40000.0,1,0,0,0,0,1,0,1,0,0,1
2492,Hyundai Xcent 1.2 CRDi E,2017.0,450000,43000.0,1,0,1,0,0,0,0,1,0,0,1
2493,Maruti Alto Green LXi (CNG),2010.0,88000,60000.0,2,1,0,0,0,0,1,0,0,0,1
2494,Hyundai i20 1.2 Era,2010.0,250000,34500.0,2,0,0,0,0,1,0,1,0,0,1
2495,Ford Ikon 1.4 ZXi,2000.0,22000,42743.0,3,0,0,0,0,1,1,0,0,0,1
2496,Chevrolet Beat Diesel LS,2013.0,130000,93900.0,2,0,1,0,0,0,0,1,0,0,1
2497,Maruti Zen VXi - BS III,2004.0,79000,80000.0,1,0,0,0,0,1,0,1,0,0,1
2498,Chevrolet Beat Diesel LS,2012.0,120000,110000.0,1,0,1,0,0,0,0,1,0,0,1
2499,BMW 7 Series 730Ld,2011.0,1700000,100000.0,2,0,1,0,0,0,0,1,0,1,0
2500,Chevrolet Optra Magnum 2.0 LT,2012.0,300000,25000.0,1,0,1,0,0,0,0,1,0,0,1
2502,Maruti A-Star Lxi,2009.0,145000,25000.0,1,0,0,0,0,1,0,1,0,0,1
2503,Ford Endeavour 3.2 Titanium AT 4X4,2019.0,3200000,20000.0,1,0,1,0,0,0,0,1,0,1,0
2504,Chevrolet Spark 1.0 LT,2013.0,240000,10000.0,1,0,0,0,0,1,0,1,0,0,1
2505,Honda WR-V i-DTEC VX,2018.0,700000,60000.0,1,0,1,0,0,0,0,1,0,0,1
2506,Hyundai Accent GLX,2010.0,145000,110000.0,2,0,0,0,0,1,0,1,0,0,1
2507,Maruti Ertiga VDI Limited Edition,2014.0,535000,80000.0,2,0,1,0,0,0,0,1,0,0,1
2508,Mahindra KUV 100 mFALCON G80 K2 Plus,2016.0,420000,21000.0,1,0,0,0,0,1,0,1,0,0,1
2509,Maruti Alto K10 VXI,2016.0,350000,20000.0,1,0,0,0,0,1,0,1,0,0,1
2510,Maruti Swift VDI BSIV,2015.0,550000,32000.0,1,0,1,0,0,0,0,1,0,0,1
2511,Mitsubishi Montero 3.2 MT,2007.0,750000,180000.0,1,0,1,0,0,0,0,1,0,0,1
2512,Tata Indica Vista Aqua 1.3 Quadrajet ABS BSIV,2012.0,198000,70000.0,2,0,1,0,0,0,0,1,0,0,1
2513,Hyundai i20 Magna Optional 1.4 CRDi,2013.0,420000,50000.0,1,0,1,0,0,0,0,1,0,0,1
2515,Ford Endeavour 4x2 XLT,2004.0,195000,120000.0,1,0,1,0,0,0,0,1,0,0,1
2516,Hyundai EON Sportz,2012.0,150000,55766.0,2,0,0,0,0,1,0,1,0,0,1
2517,Nissan Micra XL,2011.0,275000,40000.0,2,0,0,0,0,1,0,1,0,0,1
2518,Maruti 800 Std,2001.0,65000,60000.0,3,0,0,0,0,1,0,1,0,0,1
2519,Maruti Swift LXi BSIV,2008.0,200000,50000.0,1,0,0,0,0,1,0,1,0,0,1
2520,Maruti Swift Dzire VDi,2010.0,250000,110000.0,2,0,1,0,0,0,0,1,0,0,1
2528,Tata Indigo TDI,2013.0,182000,100000.0,1,0,1,0,0,0,0,1,0,0,1
2533,Hyundai EON Era Plus,2016.0,320000,24662.0,1,0,0,0,0,1,0,1,0,0,1
2535,Nissan Evalia XV,2014.0,650000,28245.0,1,0,1,0,0,0,0,1,0,0,1
2541,Maruti Zen VX,2001.0,85000,86000.0,2,0,0,0,0,1,0,1,0,0,1
2542,Maruti Swift VDI,2013.0,400000,50000.0,1,0,1,0,0,0,0,1,0,0,1
2543,Maruti Baleno Delta 1.3,2017.0,650000,20000.0,1,0,1,0,0,0,0,1,0,0,1
2544,Hyundai i10 Magna 1.2,2010.0,400000,50000.0,1,0,0,0,0,1,0,1,0,0,1
2545,Tata Manza Aura (ABS) Quadrajet BS IV,2012.0,295000,80000.0,2,0,1,0,0,0,0,1,0,0,1
2546,Maruti Omni LPG STD BSIV,2006.0,60000,135000.0,4,0,0,0,1,0,0,1,0,0,1
2547,Maruti Zen D PS,2003.0,110000,60000.0,3,0,1,0,0,0,0,1,0,0,1
2548,Fiat Linea 1.3 Multijet Emotion,2015.0,550000,113600.0,1,0,1,0,0,0,0,1,0,0,1
2549,Hyundai Santro Xing GLS,2008.0,190000,70000.0,3,0,0,0,0,1,0,1,0,0,1
2550,Ford Aspire Titanium Plus Diesel BSIV,2018.0,861999,20000.0,1,0,1,0,0,0,1,0,0,0,1
2551,Ford Aspire Titanium Plus BSIV,2018.0,782000,14000.0,1,0,0,0,0,1,1,0,0,0,1
2552,Ford Freestyle Titanium Plus Diesel BSIV,2018.0,836000,26000.0,1,0,1,0,0,0,1,0,0,0,1
2553,Honda City i VTEC V,2016.0,696000,138925.0,1,0,0,0,0,1,1,0,0,0,1
2554,Honda Jazz 1.5 VX i DTEC,2014.0,596000,121764.0,1,0,1,0,0,0,1,0,0,0,1
2555,Honda Jazz 1.2 VX i VTEC,2016.0,612000,105429.0,1,0,0,0,0,1,1,0,0,0,1
2556,Maruti Alto 800 LXI,2015.0,114999,35000.0,1,0,0,0,0,1,0,1,0,0,1
2557,Tata Bolt Quadrajet XE,2017.0,340000,60000.0,1,0,1,0,0,0,0,1,0,0,1
2558,Maruti Swift ZXI Plus,2020.0,550000,5000.0,1,0,0,0,0,1,0,1,0,0,1
2559,Chevrolet Aveo U-VA 1.2 LT,2008.0,114999,70000.0,3,0,0,0,0,1,0,1,0,0,1
2560,Maruti Wagon R VXI,2000.0,105000,80000.0,1,0,0,0,0,1,0,1,0,0,1
2561,Maruti Vitara Brezza ZDi,2019.0,890000,20000.0,1,0,1,0,0,0,0,1,0,0,1
2562,Tata Nexon 1.2 Revotron XZ Plus,2019.0,715000,8000.0,1,0,0,0,0,1,0,1,0,0,1
2563,Hyundai i20 Asta (o),2014.0,525000,54000.0,1,0,0,0,0,1,1,0,0,0,1
2564,Volkswagen Jetta 2.0L TDI Highline AT,2012.0,735000,55300.0,1,0,1,0,0,0,0,1,0,1,0
2569,Hyundai i20 Asta 1.2,2014.0,475000,23122.0,2,0,0,0,0,1,1,0,0,0,1
2571,Mahindra Bolero 2011-2019 SLE,2013.0,325000,62200.0,1,0,1,0,0,0,1,0,0,0,1
2574,Audi A8 4.2 TDI,2013.0,2800000,49000.0,1,0,1,0,0,0,1,0,0,1,0
2576,Chevrolet Cruze LT,2012.0,349000,44500.0,2,0,1,0,0,0,1,0,0,0,1
2581,Volkswagen Polo GTI,2017.0,825000,13599.0,1,0,0,0,0,1,1,0,0,1,0
2584,Mahindra Scorpio SLE BSIV,2014.0,550000,100000.0,2,0,1,0,0,0,0,1,0,0,1
2585,Maruti Swift 1.3 VXI ABS,2006.0,95000,110000.0,3,0,0,0,0,1,0,1,0,0,1
2586,Toyota Innova 2.5 G (Diesel) 7 Seater,2014.0,725000,90000.0,2,0,1,0,0,0,0,1,0,0,1
2587,Tata Tigor 1.2 Revotron XZ Option,2019.0,670000,17000.0,1,0,0,0,0,1,0,1,0,0,1
2588,Maruti Alto LX,2008.0,65000,140000.0,1,0,0,0,0,1,0,1,0,0,1
2589,Mahindra Xylo D4,2015.0,500000,50000.0,2,0,1,0,0,0,0,1,0,0,1
2590,Mahindra KUV 100 mFALCON G80 K8 5str,2017.0,600000,53000.0,1,0,0,0,0,1,0,1,0,0,1
2591,Maruti Wagon R VXI Optional,2017.0,350000,70000.0,2,0,0,0,0,1,0,1,0,0,1
2592,Chevrolet Beat Diesel LT,2012.0,200000,70000.0,2,0,1,0,0,0,0,1,0,0,1
2593,Hyundai Getz 1.5 CRDi GVS,2008.0,110000,154000.0,3,0,1,0,0,0,0,1,0,0,1
2594,Hyundai EON Sportz,2012.0,150000,80000.0,1,0,0,0,0,1,0,1,0,0,1
2595,Maruti Zen D PS,2003.0,75000,110000.0,2,0,1,0,0,0,0,1,0,0,1
2596,Honda Amaze EX i-Dtech,2013.0,350000,90000.0,2,0,1,0,0,0,0,1,0,0,1
2597,Toyota Innova Crysta 2.4 VX MT 8S BSIV,2018.0,1700000,15000.0,1,0,1,0,0,0,0,1,0,0,1
2598,BMW X1 sDrive20d,2011.0,890000,86000.0,2,0,1,0,0,0,0,1,0,1,0
2599,Mahindra Scorpio M2DI,2014.0,500000,120000.0,1,0,1,0,0,0,0,1,0,0,1
2600,Hyundai Elite i20 Sportz Plus Dual Tone BSIV,2019.0,600000,5200.0,1,0,0,0,0,1,0,1,0,0,1
2601,Chevrolet Beat LS,2010.0,99000,60000.0,2,0,0,0,0,1,0,1,0,0,1
2602,Hyundai i10 Era 1.1 iTech SE,2011.0,235000,46000.0,1,0,0,0,0,1,0,1,0,0,1
2603,Tata Indigo GLX,2006.0,75000,40000.0,2,0,0,0,0,1,0,1,0,0,1
2604,Honda City i DTEC VX,2014.0,600000,90000.0,2,0,1,0,0,0,0,1,0,0,1
2605,Hyundai Verna CRDi 1.6 SX,2019.0,1000000,60000.0,2,0,1,0,0,0,0,1,0,0,1
2606,Hyundai Verna 1.6 SX,2012.0,390000,90000.0,1,0,1,0,0,0,0,1,0,0,1
2607,Volkswagen Polo 1.5 TDI Highline,2015.0,600000,70000.0,1,0,1,0,0,0,0,1,0,0,1
2608,Hyundai i20 1.2 Spotz,2017.0,600000,70000.0,2,0,0,0,0,1,0,1,0,0,1
2609,Hyundai Elite i20 Magna Plus Diesel,2019.0,730000,35000.0,2,0,1,0,0,0,0,1,0,0,1
2610,Hyundai Grand i10 1.2 Kappa Magna AT,2017.0,450000,12700.0,1,0,0,0,0,1,0,1,0,1,0
2611,Maruti Ritz LDi,2011.0,250000,80000.0,1,0,1,0,0,0,0,1,0,0,1
2612,Mahindra XUV500 W10 2WD,2018.0,1400000,20000.0,1,0,1,0,0,0,0,1,0,0,1
2613,Renault KWID 1.0 RXT Optional,2018.0,300000,20000.0,1,0,0,0,0,1,0,1,0,0,1
2614,Ford EcoSport 1.5 Petrol Titanium BSIV,2017.0,800000,19000.0,1,0,0,0,0,1,0,1,0,0,1
2615,Fiat Grande Punto Active (Diesel),2009.0,125000,95000.0,2,0,1,0,0,0,0,1,0,0,1
2618,Volkswagen Polo Diesel Trendline 1.2L,2012.0,295000,90000.0,1,0,1,0,0,0,0,1,0,0,1
2619,Ford Ecosport 1.0 Ecoboost Platinum Edition BSIV,2013.0,650000,45839.0,1,0,0,0,0,1,1,0,0,0,1
2620,Chevrolet Aveo 1.4 LS,2010.0,200000,60000.0,1,0,0,0,0,1,1,0,0,0,1
2621,Chevrolet Aveo U-VA 1.2 LS,2009.0,130000,87293.0,1,0,0,0,0,1,1,0,0,0,1
2622,Ford Figo Diesel EXI,2012.0,250000,156040.0,1,0,1,0,0,0,1,0,0,0,1
2623,Ford Endeavour 2.5L 4X2 MT,2004.0,400000,93415.0,1,0,1,0,0,0,1,0,0,0,1
2624,Ford Aspire Titanium BSIV,2017.0,430000,101159.0,1,0,0,0,0,1,1,0,0,0,1
2625,Hyundai EON 1.0 Kappa Magna Plus,2015.0,170000,80000.0,2,0,0,0,0,1,0,1,0,0,1
2626,Tata Tiago 2019-2020 XZ,2019.0,450000,12000.0,1,0,0,0,0,1,0,1,0,0,1
2627,Maruti Swift ZXI,2013.0,350000,90000.0,1,0,0,0,0,1,0,1,0,0,1
2628,Chevrolet Spark 1.0 LT,2011.0,130000,68519.0,1,0,0,0,0,1,1,0,0,0,1
2629,Chevrolet Beat Diesel LS,2012.0,180000,55130.0,1,0,1,0,0,0,1,0,0,0,1
2630,Ford Ecosport 1.0 Ecoboost Titanium Optional,2014.0,475000,65239.0,1,0,0,0,0,1,1,0,0,0,1
2631,Volkswagen Polo 1.2 MPI Comfortline,2015.0,470000,58182.0,1,0,0,0,0,1,1,0,0,0,1
2632,Ford Fiesta Diesel Trend,2012.0,200000,91245.0,1,0,1,0,0,0,1,0,0,0,1
2633,Mahindra XUV500 W8 2WD,2013.0,650000,102989.0,1,0,1,0,0,0,1,0,0,0,1
2634,Honda City 1.5 E MT,2010.0,400000,50000.0,1,0,0,0,0,1,0,1,0,0,1
2635,Maruti Zen VXI,2000.0,100000,120000.0,1,0,0,0,0,1,0,1,0,0,1
2636,Maruti Swift Dzire VDI,2014.0,409999,90000.0,1,0,1,0,0,0,0,1,0,0,1
2637,Maruti Swift VDI BSIV,2018.0,640000,25000.0,1,0,1,0,0,0,0,1,0,0,1
2638,Maruti Wagon R LXI Minor,2007.0,160000,80000.0,2,0,0,0,0,1,0,1,0,0,1
2640,Maruti Baleno Zeta 1.3,2018.0,750000,70000.0,1,0,1,0,0,0,0,1,0,0,1
2641,Mahindra Jeep MM 550 XDB,2002.0,150000,50000.0,3,0,1,0,0,0,0,1,0,0,1
2642,Maruti Alto STD,2008.0,80000,100000.0,2,0,0,0,0,1,0,1,0,0,1
2643,Maruti Celerio VDi,2016.0,240000,90000.0,3,0,1,0,0,0,0,1,0,0,1
2644,Maruti Esteem Lxi,2005.0,60000,60000.0,3,0,0,0,0,1,0,1,0,0,1
2645,Maruti Alto LX,2007.0,70000,120000.0,3,0,0,0,0,1,0,1,0,0,1
2646,Volkswagen Jetta 1.9 Highline TDI,2008.0,285000,90000.0,2,0,1,0,0,0,0,1,0,1,0
2647,Maruti Swift VDI BSIV,2015.0,350000,60000.0,2,0,1,0,0,0,0,1,0,0,1
2648,Hyundai i20 Active 1.4 SX with AVN,2015.0,699000,30000.0,2,0,1,0,0,0,0,1,0,0,1
2649,Ford Figo Diesel ZXI,2011.0,275000,108000.0,2,0,1,0,0,0,0,1,0,0,1
2650,Hyundai i20 1.4 CRDi Magna,2012.0,350000,160000.0,2,0,1,0,0,0,0,1,0,0,1
2651,Maruti Alto LXi BSIII,2006.0,135000,90000.0,3,0,0,0,0,1,0,1,0,0,1
2652,Mahindra Xylo E4 8S,2010.0,325000,120000.0,3,0,1,0,0,0,0,1,0,0,1
2653,Mahindra XUV500 W8 2WD,2012.0,650000,102000.0,2,0,1,0,0,0,0,1,0,0,1
2654,Mahindra Bolero SLE,2009.0,300000,178000.0,2,0,1,0,0,0,0,1,0,0,1
2655,Toyota Innova 2.5 VX (Diesel) 8 Seater,2014.0,1200000,200000.0,2,0,1,0,0,0,0,1,0,0,1
2656,Ford Fiesta Petrol Trend,2012.0,450000,60000.0,1,0,0,0,0,1,1,0,0,0,1
2657,Tata Tiago 1.2 Revotron XE,2019.0,425000,3000.0,1,0,0,0,0,1,0,1,0,0,1
2658,Maruti Alto LXi,2006.0,150000,75118.0,2,0,0,0,0,1,0,1,0,0,1
2659,Maruti Ritz LDi,2013.0,290000,60000.0,2,0,1,0,0,0,0,1,0,0,1
2660,Hyundai Xcent 1.2 Kappa Base,2014.0,335000,60000.0,2,0,0,0,0,1,0,1,0,0,1
2661,Chevrolet Optra 1.6,2006.0,120000,79000.0,4,0,0,0,0,1,1,0,0,0,1
2662,Ford Ikon 1.6 ZXI NXt,2005.0,20000,25000.0,2,0,0,0,0,1,0,1,0,0,1
2663,Hyundai Getz GLS,2005.0,250000,60000.0,1,0,0,0,0,1,0,1,0,0,1
2664,Hyundai Santro Xing GL Plus,2008.0,120000,60000.0,2,0,0,0,0,1,0,1,0,0,1
2666,Tata Indigo LS,2012.0,220000,70000.0,2,0,1,0,0,0,0,1,0,0,1
2667,Ford Ikon 1.3 Flair,2005.0,61000,4637.0,2,0,0,0,0,1,0,1,0,0,1
2668,Maruti Swift VDI BSIV,2016.0,620000,70000.0,1,0,1,0,0,0,0,1,0,0,1
2669,Maruti Swift Dzire LDIX Limited Edition,2014.0,425000,100000.0,1,0,1,0,0,0,0,1,0,0,1
2670,Tata Indica Vista Aqua 1.3 Quadrajet,2009.0,85000,120000.0,2,0,1,0,0,0,0,1,0,0,1
2671,Maruti Swift 1.3 DLX,2015.0,270000,40000.0,2,0,1,0,0,0,0,1,0,0,1
2672,Maruti Swift Vdi BSIII,2009.0,180000,220000.0,1,0,1,0,0,0,0,1,0,0,1
2676,Mahindra KUV 100 mFALCON G80 K2,2017.0,450000,30000.0,1,0,0,0,0,1,0,1,0,0,1
2677,Tata New Safari DICOR 2.2 VX 4x4,2012.0,450000,42655.0,1,0,1,0,0,0,0,1,0,0,1
2678,Renault KWID 1.0 RXL,2017.0,250000,43000.0,2,0,0,0,0,1,0,1,0,0,1
2679,Toyota Innova 2.5 VX 8 STR BSIV,2012.0,725000,70000.0,1,0,1,0,0,0,0,1,0,0,1
2680,Hyundai i20 Magna,2010.0,250000,55000.0,1,0,0,0,0,1,0,1,0,0,1
2681,Fiat Punto 1.3 Active,2010.0,99000,80000.0,2,0,1,0,0,0,0,1,0,0,1
2682,Renault KWID 1.0,2017.0,350000,55000.0,1,0,0,0,0,1,0,1,0,0,1
2683,Hyundai Xcent 1.2 VTVT E Plus,2018.0,511000,70000.0,1,0,0,0,0,1,0,1,0,0,1
2684,Maruti Ritz VDi,2012.0,300000,80000.0,1,0,1,0,0,0,0,1,0,0,1
2685,Audi Q5 2.0 TFSI Quattro,2010.0,1100000,110000.0,1,0,0,0,0,1,0,1,0,1,0
2686,Hyundai i10 Sportz 1.2,2010.0,125000,60000.0,3,0,0,0,0,1,0,1,0,0,1
2687,Tata Tiago 1.2 Revotron XZ,2018.0,500000,30000.0,1,0,0,0,0,1,0,1,0,0,1
2688,Renault Duster 85PS Diesel RxL,2013.0,385000,80000.0,2,0,1,0,0,0,0,1,0,0,1
2689,Skoda Rapid 1.6 MPI Elegance,2012.0,350000,60000.0,1,0,0,0,0,1,0,1,0,0,1
2690,Maruti 800 Std BSIII,2003.0,60000,50000.0,1,0,0,0,0,1,0,1,0,0,1
2691,Hyundai Santro Xing GLS,2012.0,300000,50000.0,1,0,0,0,0,1,0,1,0,0,1
2692,Hyundai i20 1.4 CRDi Asta,2012.0,400000,70000.0,1,0,1,0,0,0,0,1,0,0,1
2693,Ford Ecosport 1.5 DV5 MT Titanium,2014.0,550000,110000.0,1,0,1,0,0,0,0,1,0,0,1
2694,Nissan Sunny XL,2012.0,300000,80000.0,2,0,0,0,0,1,0,1,0,0,1
2695,Maruti Swift VDI,2012.0,250000,156000.0,1,0,1,0,0,0,0,1,0,0,1
2696,Toyota Innova 2.5 GX 7 STR,2012.0,800000,180000.0,1,0,1,0,0,0,0,1,0,0,1
2697,Maruti Eeco 5 Seater AC BSIV,2018.0,300000,25000.0,1,0,0,0,0,1,0,1,0,0,1
2698,Maruti Alto LX,2004.0,80000,120000.0,1,0,0,0,0,1,0,1,0,0,1
2699,Mahindra Scorpio S5 BSIV,2020.0,1200000,11000.0,1,0,1,0,0,0,0,1,0,0,1
2700,Renault KWID AMT,2017.0,355000,40000.0,1,0,0,0,0,1,0,1,0,1,0
2701,Maruti Swift Dzire VDI,2015.0,520000,50000.0,1,0,1,0,0,0,0,1,0,0,1
2702,Hyundai Verna 1.6 CRDI,2012.0,500000,26000.0,1,0,1,0,0,0,0,1,0,0,1
2703,Maruti Alto LXi,2008.0,114999,30000.0,1,0,0,0,0,1,0,1,0,0,1
2704,Toyota Fortuner 4x2 Manual,2014.0,1800000,60000.0,1,0,1,0,0,0,0,1,0,0,1
2705,Mahindra TUV 300 T6 Plus,2018.0,800000,20000.0,1,0,1,0,0,0,0,1,0,0,1
2706,Maruti Alto LXi BSIII,2008.0,105000,30000.0,2,0,0,0,0,1,0,1,0,0,1
2707,Maruti Alto LXi,2011.0,135000,78000.0,1,0,0,0,0,1,0,1,0,0,1
2708,Maruti Wagon R VXI BS IV,2011.0,170000,40000.0,2,0,0,0,0,1,0,1,0,0,1
2709,Hyundai Verna 1.6 SX VTVT,2014.0,550000,100000.0,1,0,0,0,0,1,0,1,0,0,1
2710,Honda City 1.5 V MT,2009.0,250000,70000.0,3,0,0,0,0,1,0,1,0,0,1
2711,Hyundai Elantra CRDi SX,2014.0,650000,30000.0,2,0,1,0,0,0,0,1,0,0,1
2712,Honda City 1.5 V AT Exclusive,2008.0,210000,77000.0,3,0,0,0,0,1,0,1,0,1,0
2713,Volkswagen Vento Diesel Highline,2011.0,260000,150000.0,1,0,1,0,0,0,0,1,0,0,1
2714,Maruti Swift Dzire ZDI,2016.0,750000,69000.0,1,0,1,0,0,0,0,1,0,0,1
2715,Toyota Innova Crysta 2.8 GX AT BSIV,2016.0,1350000,120000.0,1,0,1,0,0,0,0,1,0,1,0
2716,Maruti Ritz VDi,2012.0,220000,120000.0,2,0,1,0,0,0,0,1,0,0,1
2717,Hyundai Getz 1.3 GLS,2008.0,110000,110000.0,2,0,0,0,0,1,0,1,0,0,1
2718,Mahindra XUV500 AT W8 FWD,2017.0,1230000,70000.0,1,0,1,0,0,0,0,1,0,1,0
2719,Mahindra Quanto C6,2013.0,220000,110000.0,1,0,1,0,0,0,0,1,0,0,1
2720,Tata Indigo LX Dicor,2009.0,130000,50000.0,1,0,1,0,0,0,0,1,0,0,1
2721,Hyundai i20 1.2 Magna,2012.0,330000,44000.0,1,0,0,0,0,1,0,1,0,0,1
2722,Honda City 1.5 S MT,2010.0,254999,90000.0,2,0,0,0,0,1,0,1,0,0,1
2723,Hyundai Verna 1.6 SX VTVT (O),2014.0,600000,50000.0,2,0,0,0,0,1,0,1,0,0,1
2724,Hyundai i10 Magna,2012.0,210000,50000.0,1,0,0,0,0,1,0,1,0,0,1
2725,Chevrolet Enjoy TCDi LT 7 Seater,2014.0,300000,146000.0,1,0,1,0,0,0,0,1,0,0,1
2726,Tata Tiago 1.2 Revotron XTA,2018.0,426000,15000.0,1,0,0,0,0,1,0,1,0,1,0
2727,Maruti Alto K10 VXI,2015.0,265000,60000.0,1,0,0,0,0,1,0,1,0,0,1
2728,Hyundai Xcent 1.2 Kappa SX,2016.0,450000,35000.0,2,0,0,0,0,1,0,1,0,0,1
2729,Hyundai Verna 1.6 SX,2012.0,480000,80000.0,1,0,1,0,0,0,0,1,0,0,1
2730,Tata Nano Lx,2010.0,40000,90000.0,1,0,0,0,0,1,0,1,0,0,1
2731,Honda City 1.5 S MT,2011.0,395000,70000.0,2,0,0,0,0,1,0,1,0,0,1
2732,Maruti Wagon R VXI BS IV,2013.0,229999,62000.0,2,0,0,0,0,1,0,1,0,0,1
2733,Ford Ecosport 1.5 Petrol Titanium Plus AT,2018.0,875000,10000.0,1,0,0,0,0,1,0,1,0,1,0
2734,Maruti Eeco 5 STR With AC Plus HTR CNG,2010.0,170000,80000.0,4,1,0,0,0,0,0,1,0,0,1
2735,Hyundai i20 Sportz 1.2,2015.0,500000,35000.0,2,0,0,0,0,1,0,1,0,0,1
2754,Maruti Swift Dzire VDI,2017.0,600000,60000.0,1,0,1,0,0,0,0,0,1,0,1
2755,Maruti Ignis 1.2 Sigma BSIV,2019.0,450000,40000.0,1,0,0,0,0,1,0,1,0,0,1
2757,Maruti Ertiga VDI,2012.0,550000,120000.0,3,0,1,0,0,0,0,1,0,0,1
2758,Tata Manza Aura Safire BS IV,2013.0,200000,60000.0,1,0,0,0,0,1,0,1,0,0,1
2759,Tata Indica GLS BS IV,2008.0,80000,90000.0,2,0,0,0,0,1,0,1,0,0,1
2760,Tata New Safari DICOR 2.2 EX 4x2,2010.0,300000,250000.0,2,0,1,0,0,0,0,1,0,0,1
2761,Ford Aspire Titanium Plus Diesel BSIV,2019.0,675000,15000.0,1,0,1,0,0,0,0,1,0,0,1
2762,Maruti Eeco 7 Seater Standard BSIV,2017.0,260000,30000.0,1,0,0,0,0,1,0,1,0,0,1
2766,Maruti Wagon R LXI,2001.0,70000,117000.0,2,0,0,0,0,1,0,1,0,0,1
2767,Maruti Alto LX,2004.0,100000,70000.0,1,0,0,0,0,1,0,1,0,0,1
2768,Toyota Innova 2.5 VX (Diesel) 7 Seater,2012.0,730000,110000.0,2,0,1,0,0,0,0,1,0,0,1
2769,Nissan Terrano XL 85 PS,2016.0,525000,100000.0,2,0,1,0,0,0,0,1,0,0,1
2770,Nissan Terrano XL 85 PS,2016.0,525000,105000.0,2,0,1,0,0,0,0,1,0,0,1
2771,Toyota Innova 2.5 V Diesel 7-seater,2009.0,550000,182000.0,3,0,1,0,0,0,0,1,0,0,1
2772,Toyota Corolla Altis Diesel D4DJ,2012.0,420000,95000.0,2,0,1,0,0,0,0,1,0,0,1
2773,Honda Amaze SX i-VTEC,2015.0,500000,70000.0,1,0,0,0,0,1,0,1,0,0,1
2774,Maruti Wagon R LXI Minor,2009.0,165000,76000.0,2,0,0,0,0,1,0,1,0,0,1
2775,Hyundai Verna 1.6 SX,2014.0,650000,70000.0,2,0,1,0,0,0,0,1,0,0,1
2776,Chevrolet Beat Diesel LT,2013.0,195000,46000.0,1,0,1,0,0,0,0,1,0,0,1
2777,Maruti Zen LX,1999.0,75000,70000.0,1,0,0,0,0,1,0,1,0,0,1
2778,Hyundai Accent CRDi,2005.0,100000,60000.0,2,0,1,0,0,0,0,1,0,0,1
2780,Maruti Esteem Lxi - BSIII,2006.0,90000,90000.0,1,0,0,0,0,1,0,1,0,0,1
2781,Hyundai Xcent 1.1 CRDi Base,2016.0,515000,50000.0,1,0,1,0,0,0,0,1,0,0,1
2782,Honda Jazz 1.5 VX i DTEC,2017.0,700000,24585.0,0,0,1,0,0,0,1,0,0,0,1
2783,Maruti Zen LX,2001.0,62000,70000.0,1,0,0,0,0,1,0,1,0,0,1
2784,Toyota Etios GD SP,2011.0,220000,110000.0,3,0,1,0,0,0,0,1,0,0,1
2785,Hyundai Santro Magna CNG BSIV,2019.0,520000,10000.0,1,1,0,0,0,0,0,1,0,0,1
2786,Fiat Linea Emotion,2010.0,170000,100000.0,1,0,0,0,0,1,0,1,0,0,1
2787,Ford Figo Diesel Titanium,2011.0,190000,110000.0,2,0,1,0,0,0,0,1,0,0,1
2788,Ford Figo Diesel Titanium,2011.0,150000,100000.0,2,0,1,0,0,0,0,1,0,0,1
2789,Maruti Zen Estilo LXI BS IV,2009.0,125000,65000.0,1,0,0,0,0,1,0,1,0,0,1
2790,Honda Amaze EX i-Dtech,2015.0,290000,40000.0,3,0,1,0,0,0,0,1,0,0,1
2791,Maruti Celerio X ZXI BSIV,2019.0,490000,13900.0,1,0,0,0,0,1,0,1,0,0,1
2792,Tata Tigor 1.2 Revotron XZ Option,2017.0,434999,17563.0,1,0,0,0,0,1,0,1,0,0,1
2793,Tata Zest Revotron 1.2T XE,2016.0,380000,15000.0,1,0,0,0,0,1,0,1,0,0,1
2794,Volkswagen Polo Diesel Trendline 1.2L,2012.0,200000,60000.0,2,0,1,0,0,0,0,1,0,0,1
2795,Ford Figo 1.5D Trend MT,2016.0,495000,40000.0,1,0,1,0,0,0,0,1,0,0,1
2796,Toyota Innova 2.5 Z Diesel 7 Seater BS IV,2014.0,894999,173000.0,3,0,1,0,0,0,0,1,0,0,1
2797,Mahindra XUV500 W6 2WD,2014.0,600000,151000.0,2,0,1,0,0,0,0,1,0,0,1
2798,Honda Brio S MT,2015.0,300000,60000.0,1,0,0,0,0,1,0,1,0,0,1
2799,Honda Amaze E i-VTEC,2017.0,430000,15000.0,1,0,0,0,0,1,0,1,0,0,1
2800,Honda Amaze E i-DTEC,2017.0,370000,60000.0,1,0,1,0,0,0,0,1,0,0,1
2801,Maruti Baleno Zeta 1.2,2019.0,750000,11000.0,1,0,0,0,0,1,0,1,0,0,1
2802,Maruti Alto K10 LXI CNG Optional,2016.0,300000,50000.0,1,1,0,0,0,0,0,1,0,0,1
2803,BMW X1 sDrive20d,2012.0,700000,120000.0,2,0,1,0,0,0,0,1,0,1,0
2804,Maruti Wagon R LXI DUO BSIII,2007.0,100000,70000.0,3,0,0,0,1,0,0,1,0,0,1
2805,Hyundai Grand i10 Sportz,2015.0,300000,90000.0,1,0,0,0,0,1,0,1,0,0,1
2806,Tata Indica Vista Quadrajet VX,2012.0,130000,185000.0,2,0,1,0,0,0,0,1,0,0,1
2807,Hyundai i20 Asta Option 1.4 CRDi,2016.0,650000,40000.0,1,0,1,0,0,0,0,1,0,0,1
2808,Maruti Swift VDI BSIV,2017.0,509999,25000.0,1,0,1,0,0,0,0,1,0,0,1
2809,Toyota Innova 2.5 VX (Diesel) 7 Seater,2013.0,1000000,117780.0,2,0,1,0,0,0,0,1,0,0,1
2810,Hyundai Verna CRDi SX,2010.0,280000,120000.0,2,0,1,0,0,0,0,1,0,0,1
2811,Maruti Swift DDiS VDI,2017.0,600000,120000.0,1,0,1,0,0,0,0,1,0,0,1
2812,Skoda Rapid 1.6 TDI Ambition,2013.0,210000,120000.0,3,0,1,0,0,0,0,1,0,0,1
2813,Audi Q3 2.0 TDI Quattro Premium Plus,2014.0,1150000,110000.0,2,0,1,0,0,0,0,1,0,1,0
2815,Hyundai EON Magna Plus,2018.0,245000,30000.0,1,0,0,0,0,1,0,1,0,0,1
2817,Hyundai Grand i10 Sportz,2016.0,375000,25000.0,1,0,0,0,0,1,0,1,0,0,1
2818,Mahindra Scorpio 1.99 S10,2015.0,150000,55000.0,2,0,1,0,0,0,0,1,0,0,1
2819,Mahindra XUV500 W10 2WD,2018.0,1450000,20000.0,1,0,1,0,0,0,0,1,0,0,1
2820,Maruti Ertiga VDI,2014.0,500000,100000.0,2,0,1,0,0,0,0,1,0,0,1
2821,Maruti Alto LXi,2007.0,75000,40000.0,2,0,0,0,0,1,0,1,0,0,1
2822,Hyundai Sonata AT Leather,2006.0,225000,80000.0,3,0,0,0,0,1,0,1,0,1,0
2823,Hyundai Sonata 2.4L AT,2006.0,275000,80000.0,4,0,0,0,0,1,0,1,0,1,0
2824,Mahindra Bolero Power Plus SLX,2018.0,620000,35000.0,1,0,1,0,0,0,0,1,0,0,1
2825,Nissan X-Trail SLX MT,2010.0,600000,110000.0,2,0,1,0,0,0,0,1,0,0,1
2826,Mahindra Xylo E8 ABS Airbag BSIV,2011.0,275000,160000.0,1,0,1,0,0,0,0,1,0,0,1
2827,Tata Indigo TDI,2013.0,125000,125000.0,1,0,1,0,0,0,0,1,0,0,1
2828,Tata Indigo GLS,2011.0,80000,62000.0,2,0,0,0,0,1,0,1,0,0,1
2829,Nissan Micra Diesel XV,2011.0,199000,120000.0,2,0,1,0,0,0,0,1,0,0,1
2830,Nissan Micra XL,2016.0,440000,33000.0,2,0,0,0,0,1,0,1,0,0,1
2831,Maruti Swift Dzire LDI,2013.0,250000,80000.0,4,0,1,0,0,0,0,1,0,0,1
2832,Hyundai i20 1.4 Sportz,2017.0,700000,35000.0,1,0,1,0,0,0,0,1,0,0,1
2833,Hyundai Grand i10 CRDi Asta Option,2015.0,450000,50000.0,1,0,1,0,0,0,0,1,0,0,1
2834,Maruti Alto 800 Std Optional,2019.0,240000,5000.0,1,0,0,0,0,1,0,1,0,0,1
2836,Ford EcoSport 1.5 TDCi Titanium BSIV,2016.0,650000,81595.0,1,0,1,0,0,0,1,0,0,0,1
2837,Hyundai Getz GLS ABS,2005.0,71000,22000.0,1,0,0,0,0,1,0,1,0,0,1
2838,Maruti Swift VXI Optional,2015.0,400000,40000.0,1,0,0,0,0,1,0,1,0,0,1
2839,Maruti Alto LXi BSIII,2008.0,130000,40000.0,2,0,0,0,0,1,0,1,0,0,1
2840,Mahindra Scorpio 2.6 CRDe SLE,2013.0,300000,60000.0,2,0,1,0,0,0,0,1,0,0,1
2841,Nissan Kicks XL D BSIV,2019.0,1100000,4000.0,1,0,1,0,0,0,0,1,0,0,1
2842,BMW 3 Series 320d Luxury Line,2015.0,2200000,24000.0,1,0,1,0,0,0,0,1,0,1,0
2843,Honda Amaze VX i-VTEC,2018.0,800000,13500.0,1,0,0,0,0,1,1,0,0,0,1
2844,Maruti Ritz VDI (ABS) BS IV,2013.0,490000,40000.0,1,0,1,0,0,0,0,1,0,0,1
2845,Honda Jazz 1.2 VX i VTEC,2018.0,836000,9700.0,1,0,0,0,0,1,1,0,0,0,1
2846,Volkswagen Polo Petrol Comfortline 1.2L,2012.0,375000,62000.0,2,0,0,0,0,1,0,1,0,0,1
2847,Honda BR-V i-DTEC VX MT,2016.0,1249000,24000.0,1,0,1,0,0,0,1,0,0,0,1
2848,Honda WR-V i-DTEC VX,2019.0,1240000,13000.0,1,0,1,0,0,0,1,0,0,0,1
2849,Tata Nano Std BSII,2009.0,35000,50000.0,3,0,0,0,0,1,0,1,0,0,1
2850,Honda BR-V i-VTEC VX MT,2017.0,1068000,36000.0,1,0,0,0,0,1,1,0,0,0,1
2851,Honda BR-V i-DTEC VX MT,2017.0,1189000,40000.0,1,0,1,0,0,0,1,0,0,0,1
2852,Hyundai Elite i20 Petrol Asta Option,2018.0,700000,27000.0,1,0,0,0,0,1,0,1,0,0,1
2853,Maruti Alto K10 VXI,2016.0,350000,40000.0,1,0,0,0,0,1,0,1,0,0,1
2854,Hyundai i10 Magna 1.2,2009.0,254999,80000.0,2,0,0,0,0,1,0,1,0,0,1
2855,Mahindra Scorpio 2.6 CRDe,2005.0,229999,221000.0,3,0,1,0,0,0,0,1,0,0,1
2856,Hyundai i20 Asta Option 1.4 CRDi,2016.0,750000,80000.0,1,0,1,0,0,0,0,1,0,0,1
2857,Maruti Ritz VDi,2012.0,325000,119000.0,2,0,1,0,0,0,0,1,0,0,1
2858,Toyota Innova 2.5 G4 Diesel 7-seater,2009.0,760000,190000.0,2,0,1,0,0,0,0,1,0,0,1
2859,Maruti Celerio ZXI AT,2017.0,509999,25000.0,1,0,0,0,0,1,0,1,0,1,0
2860,Nissan Micra XL,2013.0,363000,28740.0,1,0,0,0,0,1,0,1,0,0,1
2861,Maruti Alto K10 LXI,2010.0,229999,48500.0,1,0,0,0,0,1,0,1,0,0,1
2862,Nissan Sunny XL,2012.0,290000,110000.0,2,0,0,0,0,1,0,1,0,0,1
2863,Maruti Swift VXI,2018.0,550000,30000.0,1,0,0,0,0,1,0,1,0,0,1
2864,Tata Indica Vista TDI LX,2011.0,125000,120000.0,2,0,1,0,0,0,0,1,0,0,1
2865,Volvo XC60 D5 Inscription,2014.0,2000000,130000.0,1,0,1,0,0,0,0,1,0,1,0
2866,Toyota Innova 2.5 G4 Diesel 7-seater,2008.0,350000,140000.0,2,0,1,0,0,0,0,1,0,0,1
2867,Hyundai Verna 1.6 SX CRDi (O),2011.0,390000,90000.0,1,0,1,0,0,0,0,1,0,0,1
2869,Maruti Omni BSIII 8-STR W/ IMMOBILISER,2008.0,150000,50000.0,2,0,0,0,0,1,0,1,0,0,1
2871,Maruti Alto 800 LXI,2015.0,280000,15000.0,2,0,0,0,0,1,0,1,0,0,1
2872,Maruti Celerio VXI,2015.0,220000,45000.0,1,0,0,0,0,1,0,1,0,0,1
2873,Hyundai Santro Xing XG,2005.0,140000,80000.0,3,0,0,0,0,1,0,1,0,0,1
2874,Maruti Wagon R AMT VXI Option,2018.0,370000,15000.0,1,0,0,0,0,1,0,1,0,1,0
2875,Maruti Swift Dzire VDI,2019.0,650000,20000.0,1,0,1,0,0,0,0,1,0,0,1
2876,Maruti Alto 800 LX,2017.0,280000,37000.0,1,0,0,0,0,1,0,1,0,0,1
2877,Maruti Swift Dzire VDI,2016.0,540000,80000.0,1,0,1,0,0,0,0,1,0,0,1
2878,Ambassador Classic 2000 Dsz,2002.0,50000,120000.0,4,0,1,0,0,0,0,1,0,0,1
2879,Maruti Ciaz Sigma BSIV,2018.0,800000,20000.0,1,0,0,0,0,1,0,1,0,0,1
2880,Ford Figo 1.5D Titanium MT,2016.0,515000,25000.0,1,0,1,0,0,0,0,1,0,0,1
2881,Hyundai i20 1.2 Magna,2010.0,220000,96000.0,3,0,0,0,0,1,0,1,0,0,1
2882,Hyundai i20 Asta (o),2014.0,525000,54000.0,2,0,0,0,0,1,1,0,0,0,1
2883,Chevrolet Spark 1.0 LT Option Pack w/ Airbag,2013.0,165000,53000.0,1,0,0,0,0,1,1,0,0,0,1
2884,Fiat Linea 1.3 Emotion,2010.0,221000,65000.0,1,0,1,0,0,0,1,0,0,0,1
2885,Chevrolet Beat LT,2015.0,245000,43000.0,1,0,0,0,0,1,1,0,0,0,1
2886,Ford Figo 1.2P Titanium Plus MT,2012.0,260000,60000.0,1,0,0,0,0,1,1,0,0,0,1
2887,Skoda Superb Elegance 2.0 TDI CR AT,2011.0,550000,73000.0,1,0,1,0,0,0,1,0,0,1,0
2888,Hyundai Grand i10 1.2 Kappa Era,2015.0,434999,29000.0,1,0,0,0,0,1,1,0,0,0,1
2889,Tata Safari Storme EX,2013.0,450000,95000.0,1,0,1,0,0,0,1,0,0,0,1
2890,Chevrolet Sail 1.2 Base,2014.0,290000,25000.0,1,0,0,0,0,1,0,1,0,0,1
2891,Volkswagen Vento 1.0 TSI Highline Plus,2011.0,305000,53000.0,2,0,0,0,0,1,1,0,0,0,1
2892,Ford Classic 1.6 Duratec LXI,2011.0,265000,20000.0,1,0,0,0,0,1,1,0,0,0,1
2893,Honda Brio 1.2 S MT,2014.0,325000,57000.0,1,0,0,0,0,1,1,0,0,0,1
2894,Chevrolet Cruze LTZ,2014.0,550000,52000.0,1,0,1,0,0,0,1,0,0,0,1
2895,Maruti Zen Estilo LXI BSIII,2008.0,105000,40000.0,1,0,0,0,0,1,0,1,0,0,1
2896,Honda Brio 1.2 S MT,2012.0,275000,47000.0,1,0,0,0,0,1,1,0,0,0,1
2897,Honda City 1.5 V MT,2012.0,434999,47000.0,2,0,0,0,0,1,1,0,0,0,1
2898,Hyundai Verna 1.6 CRDi SX,2016.0,690000,73000.0,1,0,1,0,0,0,1,0,0,0,1
2899,Honda Brio V MT,2012.0,249000,42000.0,2,0,0,0,0,1,1,0,0,0,1
2900,Hyundai EON D Lite Plus,2012.0,204999,60000.0,3,0,0,0,0,1,1,0,0,0,1
2902,Maruti Wagon R VXI Optional,2015.0,190000,120000.0,1,0,0,0,0,1,0,1,0,0,1
2903,Maruti Alto LXi,2012.0,150000,50000.0,1,0,0,0,0,1,0,1,0,0,1
2904,Maruti Zen LX,1999.0,70000,70000.0,4,0,0,0,0,1,0,1,0,0,1
2905,Mahindra Bolero Power Plus SLX,2018.0,900000,25000.0,1,0,1,0,0,0,0,1,0,0,1
2906,Maruti Ertiga ZXI AT Petrol,2019.0,950000,11000.0,1,0,0,0,0,1,0,1,0,1,0
2907,Maruti Swift Dzire VXI,2013.0,475000,80000.0,1,0,0,0,0,1,0,1,0,0,1
2908,Maruti 800 Std,1998.0,55000,80000.0,4,0,0,0,0,1,0,1,0,0,1
2909,Ford Fiesta Titanium 1.5 TDCi,2013.0,450000,75000.0,2,0,1,0,0,0,0,1,0,0,1
2910,BMW 5 Series 525d Sedan,2009.0,1200000,45000.0,3,0,1,0,0,0,0,1,0,1,0
2911,Mahindra Bolero SLX,2014.0,300000,100000.0,2,0,1,0,0,0,0,1,0,0,1
2912,Honda City i DTEC E,2014.0,350000,60000.0,2,0,1,0,0,0,0,1,0,0,1
2913,Tata Indica Vista Quadrajet LS,2011.0,229999,160000.0,2,0,1,0,0,0,0,1,0,0,1
2914,Hyundai Creta 1.6 Gamma SX Plus,2015.0,821000,50000.0,1,0,0,0,0,1,0,1,0,0,1
2915,Maruti Alto K10 VXI,2014.0,200000,80000.0,2,0,0,0,0,1,0,1,0,0,1
2916,Mahindra Scorpio 1.99 S10,2017.0,1000000,60000.0,2,0,1,0,0,0,0,1,0,0,1
2917,Maruti Alto 800 VXI,2016.0,220000,60000.0,2,0,0,0,0,1,0,1,0,0,1
2918,Ford Figo Aspire 1.5 TDCi Trend,2015.0,459999,148620.0,1,0,1,0,0,0,1,0,0,0,1
2919,Maruti SX4 ZDI,2012.0,310000,70000.0,2,0,1,0,0,0,0,1,0,0,1
2920,Hyundai Elite i20 Diesel Asta Option,2018.0,815000,42000.0,1,0,1,0,0,0,0,1,0,0,1
2921,Hyundai Verna 1.6 CRDI SX Option,2017.0,1200000,40000.0,1,0,1,0,0,0,0,1,0,0,1
2922,Chevrolet Optra Magnum 2.0 LT,2011.0,170000,60000.0,2,0,1,0,0,0,0,1,0,0,1
2923,Maruti S-Cross Alpha DDiS 200 SH,2017.0,1000000,30000.0,1,0,1,0,0,0,0,1,0,0,1
2924,Hyundai Santro Xing GLS,2010.0,155000,90000.0,4,0,0,0,0,1,0,1,0,0,1
2925,Mahindra TUV 300 T6 Plus,2017.0,400000,120000.0,1,0,1,0,0,0,0,1,0,0,1
2926,Mahindra Quanto C4,2016.0,400000,80000.0,2,0,1,0,0,0,0,1,0,0,1
2927,Tata Indica Vista Aura 1.3 Quadrajet BSIV,2010.0,250000,80000.0,2,0,1,0,0,0,0,1,0,0,1
2928,Tata Indigo GLX,2008.0,150000,50000.0,3,0,0,0,0,1,0,1,0,0,1
2929,Hyundai Santro LP zipPlus,2002.0,80000,70000.0,2,0,0,0,0,1,0,1,0,0,1
2930,Maruti SX4 ZXI AT,2009.0,130000,120000.0,2,0,1,0,0,0,0,1,0,1,0
2931,Volkswagen Vento 1.5 TDI Comfortline AT,2014.0,325000,70000.0,1,0,1,0,0,0,0,1,0,1,0
2935,Volkswagen Jetta 1.9 Highline TDI,2010.0,290000,87620.0,1,0,1,0,0,0,1,0,0,1,0
2943,Hyundai Grand i10 Asta Option,2015.0,490000,60000.0,1,0,0,0,0,1,1,0,0,0,1
2952,Hyundai Elite i20 Sportz Plus CVT BSIV,2019.0,738000,8000.0,1,0,0,0,0,1,0,1,0,1,0
2953,Maruti Alto K10 VXI,2016.0,300000,30000.0,1,0,0,0,0,1,0,1,0,0,1
2954,Tata Indica Vista Quadrajet LX,2012.0,150000,110000.0,1,0,1,0,0,0,0,1,0,0,1
2955,Toyota Innova 2.5 G4 Diesel 7-seater,2007.0,440000,223000.0,4,0,1,0,0,0,0,1,0,0,1
2956,Volkswagen Vento IPL II Diesel Trendline,2011.0,280000,110000.0,1,0,1,0,0,0,0,1,0,0,1
2957,Hyundai Santro GS,2006.0,100000,120000.0,2,0,0,0,0,1,0,1,0,0,1
2958,Maruti Swift VXi BSIV,2008.0,150000,100000.0,2,0,0,0,0,1,0,1,0,0,1
2959,Maruti Swift Dzire VDI,2014.0,380000,100000.0,2,0,1,0,0,0,0,1,0,0,1
2960,Maruti Alto LX,2006.0,90000,60000.0,2,0,1,0,0,0,0,1,0,0,1
2961,Mahindra Scorpio VLS 2.2 mHawk,2008.0,300000,270000.0,3,0,1,0,0,0,0,1,0,0,1
2962,Skoda Fabia 1.2 TDI Active,2011.0,275000,60000.0,2,0,1,0,0,0,0,1,0,0,1
2963,Maruti Zen Estilo Sports,2009.0,180000,41090.0,1,0,0,0,0,1,0,1,0,0,1
2964,Maruti Swift VDI,2012.0,225000,296823.0,1,0,1,0,0,0,0,1,0,0,1
2965,Maruti Alto 800 LXI,2014.0,200000,40000.0,1,0,0,0,0,1,0,1,0,0,1
2966,Toyota Corolla Altis G,2011.0,500000,40000.0,2,0,0,0,0,1,0,1,0,0,1
2967,Ford Fiesta 1.6 Duratec S,2010.0,300000,70000.0,2,0,0,0,0,1,0,1,0,0,1
2968,Hyundai Verna 1.6 CRDi SX,2015.0,765000,80000.0,2,0,1,0,0,0,0,1,0,0,1
2969,Maruti Swift Dzire VDI,2017.0,650000,90000.0,1,0,1,0,0,0,0,1,0,0,1
2970,Maruti Wagon R VXI Plus Optional,2017.0,380000,19000.0,1,0,0,0,0,1,0,1,0,0,1
2971,Maruti Swift Dzire VDI,2014.0,480000,110000.0,2,0,1,0,0,0,0,1,0,0,1
2972,Mahindra Jeep MM 540,1996.0,200000,60000.0,1,0,1,0,0,0,0,1,0,0,1
2974,Maruti Zen Estilo LXI Green (CNG),2010.0,145000,68000.0,2,1,0,0,0,0,0,1,0,0,1
2975,Maruti Ritz VDi,2011.0,280000,120000.0,2,0,1,0,0,0,0,1,0,0,1
2976,Maruti Swift Dzire VDI,2014.0,254999,30000.0,1,0,1,0,0,0,0,1,0,0,1
2977,Tata Bolt Revotron XE,2016.0,300000,90000.0,2,0,0,0,0,1,0,1,0,0,1
2978,Maruti Swift VDI BSIV,2015.0,480000,140000.0,3,0,1,0,0,0,0,1,0,0,1
2979,Skoda Rapid Monte Carlo 1.6 MPI AT BSIV,2014.0,850000,44500.0,1,0,0,0,0,1,0,1,0,1,0
2980,Hyundai i20 Asta 1.4 CRDi,2014.0,350000,52000.0,2,0,1,0,0,0,0,1,0,0,1
2981,Hyundai i20 Active 1.2 SX,2016.0,650000,26000.0,1,0,0,0,0,1,0,1,0,0,1
2983,Tata New Safari 4X2,2007.0,550000,80000.0,2,0,0,0,0,1,0,1,0,0,1
2984,Maruti Celerio VXI,2015.0,300000,35000.0,1,0,0,0,0,1,0,1,0,0,1
2985,Maruti Swift 1.3 VXi,2008.0,150000,60000.0,2,0,0,0,0,1,0,1,0,0,1
2986,Hyundai Grand i10 Sportz,2014.0,300000,60000.0,1,0,0,0,0,1,0,1,0,0,1
2987,Hyundai Santro Xing XG,2004.0,80000,58000.0,1,0,0,0,0,1,0,1,0,0,1
2991,Tata Manza ELAN Quadrajet BS IV,2011.0,180000,80000.0,3,0,1,0,0,0,0,1,0,0,1
2992,Hyundai EON Era Plus,2017.0,290000,20000.0,1,0,1,0,0,0,0,1,0,0,1
2998,Ford Fiesta 1.4 ZXi TDCi ABS,2009.0,110000,100000.0,4,0,1,0,0,0,0,1,0,0,1
2999,Maruti Alto 800 LXI,2014.0,180000,56207.0,2,0,0,0,0,1,1,0,0,0,1
3000,Hyundai i20 Sportz Petrol,2010.0,250000,40000.0,1,0,1,0,0,0,0,1,0,0,1
3003,Hyundai Grand i10 Sportz,2015.0,425000,12000.0,1,0,0,0,0,1,0,1,0,0,1
3005,Honda Amaze VX i-DTEC,2016.0,700000,35000.0,1,0,1,0,0,0,0,1,0,0,1
3006,Maruti Zen Estilo VXI BSIV,2010.0,130000,50000.0,2,0,0,0,0,1,0,1,0,0,1
3008,Maruti Swift Dzire ZDI,2017.0,650000,67000.0,1,0,1,0,0,0,0,1,0,0,1
3009,Renault Duster Petrol RxL,2013.0,400000,100000.0,2,0,0,0,0,1,0,1,0,0,1
3010,Mahindra TUV 300 mHAWK100 T8,2017.0,800000,60000.0,1,0,1,0,0,0,0,1,0,0,1
3011,Mahindra Bolero Power Plus SLX,2017.0,675000,70000.0,1,0,1,0,0,0,0,1,0,0,1
3012,Maruti Omni E MPI STD BS IV,2017.0,210000,50000.0,4,0,0,0,0,1,0,1,0,0,1
3013,Tata New Safari DICOR 2.2 EX 4x2,2009.0,150000,120000.0,3,0,1,0,0,0,0,1,0,0,1
3014,Maruti Omni CNG,2007.0,45000,100000.0,4,1,0,0,0,0,0,1,0,0,1
3015,Hyundai i20 Sportz 1.2,2015.0,516000,90000.0,1,0,0,0,0,1,0,1,0,0,1
3016,Hyundai i20 Sportz 1.2,2014.0,450000,80000.0,1,0,0,0,0,1,0,1,0,0,1
3017,Chevrolet Spark 1.0 LS,2012.0,134000,90000.0,2,0,0,0,0,1,0,1,0,0,1
3018,Toyota Etios VD,2014.0,509999,157000.0,2,0,1,0,0,0,0,1,0,0,1
3019,Volkswagen Polo 1.2 MPI Comfortline,2016.0,500000,20000.0,1,0,0,0,0,1,0,1,0,0,1
3020,Maruti Zen Estilo 1.1 LXI BSIII,2008.0,130000,80000.0,4,0,0,0,0,1,0,1,0,0,1
3021,Maruti Swift ZDi BSIV,2015.0,575000,60000.0,1,0,1,0,0,0,0,1,0,0,1
3022,Hyundai Elite i20 Sportz Plus BSIV,2015.0,550000,49000.0,1,0,0,0,0,1,0,1,0,0,1
3023,Tata Indica Vista Terra TDI BSIII,2009.0,145000,89255.0,1,0,1,0,0,0,0,1,0,0,1
3024,Maruti Alto 800 LXI,2020.0,347000,5000.0,1,0,0,0,0,1,0,1,0,0,1
3025,Tata Indica Vista Quadrajet VX,2013.0,275000,110000.0,1,0,1,0,0,0,0,1,0,0,1
3026,Toyota Innova 2.5 V Diesel 8-seater,2010.0,630000,200000.0,3,0,1,0,0,0,0,1,0,0,1
3027,Chevrolet Beat Diesel,2012.0,160000,90000.0,2,0,1,0,0,0,0,1,0,0,1
3028,Fiat Grande Punto 1.3 Dynamic (Diesel),2010.0,150000,63000.0,3,0,1,0,0,0,0,1,0,0,1
3029,Honda Mobilio S i VTEC,2015.0,550000,60000.0,1,0,0,0,0,1,0,1,0,0,1
3030,Mahindra Quanto C6,2013.0,349000,100000.0,1,0,1,0,0,0,0,1,0,0,1
3031,Mahindra Bolero DI DX 8 Seater,2004.0,229999,168000.0,4,0,1,0,0,0,0,1,0,0,1
3032,Tata Indica Vista Aqua 1.4 TDI,2008.0,110000,90000.0,3,0,1,0,0,0,0,1,0,0,1
3033,Maruti Wagon R LXI Minor,2008.0,110000,60000.0,3,0,0,0,0,1,0,1,0,0,1
3034,Renault KWID RXE,2018.0,245000,5550.0,2,0,0,0,0,1,0,1,0,0,1
3035,Maruti Alto K10 VXI,2014.0,180000,100000.0,2,0,0,0,0,1,0,1,0,0,1
3036,Maruti Wagon R VXI BS IV,2014.0,290000,80000.0,2,0,0,0,0,1,0,1,0,0,1
3037,Hyundai i20 Magna,2010.0,250000,40000.0,1,0,0,0,0,1,0,1,0,0,1
3038,Tata Indigo TDI,2010.0,150000,100000.0,1,0,1,0,0,0,0,1,0,0,1
3039,Maruti 800 AC BSII,2004.0,55000,35000.0,3,0,0,0,0,1,0,1,0,0,1
3040,Skoda Laura L n K 1.9 PD,2006.0,500000,75000.0,2,0,1,0,0,0,0,1,0,0,1
3041,Mahindra Quanto C4,2013.0,290000,150000.0,4,0,1,0,0,0,0,1,0,0,1
3043,Maruti Alto STD,2009.0,72000,70000.0,1,0,0,0,0,1,0,1,0,0,1
3044,Maruti Ritz VDi,2014.0,250000,115000.0,1,0,1,0,0,0,0,1,0,0,1
3045,Maruti Swift AMT VXI,2019.0,575000,25000.0,1,0,0,0,0,1,0,1,0,1,0
3046,Kia Seltos HTK Plus AT D,2019.0,1300000,10000.0,1,0,1,0,0,0,0,1,0,1,0
3047,Hyundai Santro Magna BSIV,2019.0,425000,15000.0,1,0,0,0,0,1,0,1,0,0,1
3048,Maruti Eeco CNG 5 Seater AC BSIV,2019.0,470000,10000.0,1,1,0,0,0,0,0,1,0,0,1
3049,Toyota Etios VX,2012.0,220000,80000.0,3,0,0,0,0,1,0,1,0,0,1
3050,Maruti Alto 800 LXI,2020.0,310000,1700.0,1,0,0,0,0,1,0,1,0,0,1
3051,Ford Figo 1.5D Trend MT,2016.0,400000,45217.0,1,0,1,0,0,0,1,0,0,0,1
3053,Hyundai EON Magna Plus,2018.0,310000,20000.0,1,0,0,0,0,1,0,1,0,0,1
3054,Maruti Ciaz ZDi Plus SHVS,2017.0,750000,50000.0,1,0,1,0,0,0,0,1,0,0,1
3055,Tata New Safari DICOR 2.2 EX 4x2,2009.0,204999,120000.0,2,0,1,0,0,0,0,1,0,0,1
3056,Maruti Swift 1.3 VXi,2010.0,260000,50000.0,1,0,0,0,0,1,0,1,0,0,1
3057,Maruti Alto LXi,2012.0,180000,40000.0,2,0,0,0,0,1,0,1,0,0,1
3058,Mahindra Renault Logan 1.5 DLE Diesel,2007.0,125000,110000.0,2,0,1,0,0,0,0,1,0,0,1
3059,Maruti Swift VDI BSIV,2014.0,420000,155000.0,1,0,1,0,0,0,0,1,0,0,1
3060,Maruti Alto K10 LXI,2011.0,220000,70000.0,2,0,0,0,0,1,0,1,0,0,1
3061,Maruti Alto K10 2010-2014 VXI,2010.0,200000,70000.0,3,0,0,0,0,1,0,1,0,0,1
3062,Ford Ikon 1.4 TDCi DuraTorq,2009.0,130000,100000.0,3,0,1,0,0,0,0,1,0,0,1
3063,Tata Tiago XT,2016.0,335000,41000.0,1,0,0,0,0,1,1,0,0,0,1
3064,Ford Endeavour Titanium Plus 4X4,2017.0,2650000,60000.0,1,0,1,0,0,0,1,0,0,1,0
3065,Ford Endeavour 3.2 Titanium AT 4X4,2018.0,2675000,56000.0,1,0,1,0,0,0,1,0,0,1,0
3066,Ford Endeavour Titanium Plus 4X4,2017.0,2675000,60000.0,1,0,1,0,0,0,1,0,0,1,0
3067,Honda City V AT,2011.0,434999,97000.0,2,0,0,0,0,1,1,0,0,1,0
3068,Honda City i VTEC S,2014.0,500000,60000.0,1,0,0,0,0,1,0,1,0,0,1
3069,Maruti Alto K10 VXI Airbag,2017.0,290000,60000.0,1,0,0,0,0,1,0,1,0,0,1
3070,Ford Ecosport 1.5 Ti VCT AT Titanium,2014.0,475000,48000.0,2,0,0,0,0,1,1,0,0,1,0
3071,Maruti Swift Dzire VDi,2009.0,270000,190000.0,3,0,1,0,0,0,0,1,0,0,1
3072,Hyundai Xcent 1.2 VTVT S,2019.0,600000,80000.0,1,0,0,0,0,1,0,1,0,0,1
3073,Hyundai i20 Asta 1.4 CRDi,2013.0,300000,70000.0,2,0,1,0,0,0,0,1,0,0,1
3074,Volkswagen Jetta 2.0L TDI Comfortline,2012.0,415000,80000.0,2,0,1,0,0,0,0,1,0,0,1
3075,Maruti Vitara Brezza ZDi Plus AMT,2018.0,800000,30000.0,2,0,1,0,0,0,0,1,0,1,0
3076,Hyundai Grand i10 Sportz,2016.0,420000,44440.0,2,0,0,0,0,1,0,1,0,0,1
3077,Hyundai Creta 1.6 CRDi SX Plus,2018.0,1250000,30000.0,1,0,1,0,0,0,0,1,0,0,1
3078,Maruti Swift VDI BSIV,2011.0,270000,120000.0,1,0,1,0,0,0,0,1,0,0,1
3079,Hyundai Grand i10 CRDi Sportz,2015.0,390000,80000.0,2,0,1,0,0,0,0,1,0,0,1
3080,Skoda Laura Ambiente 2.0 TDI CR MT,2012.0,400000,110000.0,1,0,1,0,0,0,0,1,0,0,1
3081,Ford Fiesta 1.4 ZXi Leather,2007.0,100000,170000.0,1,0,0,0,0,1,0,1,0,0,1
3082,Audi A6 2.7 TDI,2010.0,850000,46000.0,1,0,1,0,0,0,0,1,0,1,0
3083,Chevrolet Cruze LTZ AT,2012.0,359000,120000.0,3,0,1,0,0,0,0,1,0,1,0
3084,Maruti Swift Dzire ZDI,2015.0,470000,91365.0,1,0,1,0,0,0,1,0,0,0,1
3085,Maruti Swift Dzire VDI,2013.0,360000,90010.0,2,0,1,0,0,0,1,0,0,0,1
3086,Maruti Ertiga VDI,2013.0,250999,80000.0,1,0,1,0,0,0,0,1,0,0,1
3087,Tata Nano Lx BSIV,2012.0,45000,35000.0,2,0,0,0,0,1,0,1,0,0,1
3088,Maruti Wagon R VXI BSII,2006.0,75000,80000.0,2,0,0,0,0,1,0,1,0,0,1
3089,Maruti Swift Dzire VDI,2013.0,495000,31800.0,1,0,1,0,0,0,1,0,0,0,1
3090,Maruti Wagon R CNG LXI,2013.0,310000,59100.0,1,1,0,0,0,0,1,0,0,0,1
3091,Honda Jazz 1.2 V i VTEC,2016.0,540000,31200.0,1,0,0,0,0,1,1,0,0,0,1
3092,Maruti Ciaz VDi Plus SHVS,2016.0,665000,51000.0,1,0,1,0,0,0,1,0,0,0,1
3093,Hyundai i20 Magna 1.4 CRDi (Diesel),2013.0,425000,22700.0,2,0,1,0,0,0,1,0,0,0,1
3094,Audi A4 2.0 TDI,2011.0,1295000,58000.0,1,0,1,0,0,0,1,0,0,1,0
3095,Maruti Ciaz VDI SHVS,2016.0,675000,50900.0,1,0,1,0,0,0,1,0,0,0,1
3096,Maruti Vitara Brezza ZDi Plus Dual Tone,2018.0,980000,10000.0,1,0,1,0,0,0,0,1,0,0,1
3097,Chevrolet Beat Diesel LS,2014.0,320000,60000.0,1,0,1,0,0,0,0,1,0,0,1
3098,Maruti Ritz VXI,2011.0,250000,80000.0,2,0,0,0,0,1,0,1,0,0,1
3099,Maruti Baleno Zeta 1.3,2016.0,600000,72000.0,1,0,1,0,0,0,0,1,0,0,1
3100,Hyundai Xcent 1.2 Kappa S,2016.0,300000,96000.0,1,0,0,0,0,1,0,1,0,0,1
3101,Chevrolet Beat Diesel LS,2014.0,305000,66000.0,1,0,1,0,0,0,0,1,0,0,1
3104,Maruti Wagon R LXI Minor,2009.0,106000,70000.0,1,0,0,0,0,1,0,1,0,0,1
3105,Hyundai Accent GLS 1.6 ABS,2006.0,90000,75000.0,3,0,1,0,0,0,0,1,0,0,1
3106,Tata Tiago 1.2 Revotron XZ,2019.0,539000,2417.0,1,0,0,0,0,1,0,1,0,0,1
3108,Hyundai EON Era Plus Option,2016.0,250000,30000.0,2,0,0,0,0,1,0,1,0,0,1
3110,Mahindra Scorpio BSIV,2018.0,707000,60000.0,1,0,1,0,0,0,0,1,0,0,1
3111,Hyundai Getz GLS,2007.0,95000,120000.0,4,0,0,0,0,1,0,1,0,0,1
3112,Maruti Eeco CNG 5 Seater AC BSIV,2020.0,495000,7000.0,1,1,0,0,0,0,0,1,0,0,1
3113,Tata Indigo TDI,2012.0,200000,35000.0,1,0,1,0,0,0,0,1,0,0,1
3114,Maruti A-Star Vxi,2009.0,110000,110000.0,4,0,0,0,0,1,0,1,0,0,1
3115,Maruti Alto LXi,2008.0,100000,130000.0,4,0,0,0,0,1,0,1,0,0,1
3116,Maruti Alto 800 LX,2016.0,150000,25000.0,2,0,0,0,0,1,0,1,0,0,1
3118,Ford Ikon 1.3 Flair,2005.0,50000,80000.0,3,0,0,0,0,1,0,1,0,0,1
3119,Chevrolet Aveo 1.4,2007.0,85000,70000.0,2,0,0,0,0,1,0,1,0,0,1
3120,Hyundai Grand i10 1.2 Kappa Magna BSIV,2018.0,475000,23000.0,1,0,0,0,0,1,0,1,0,0,1
3121,Volkswagen Polo 1.2 MPI Highline,2014.0,425000,40000.0,1,0,0,0,0,1,0,1,0,0,1
3122,BMW 5 Series 530i,2006.0,480000,110000.0,2,0,0,0,0,1,0,1,0,1,0
3123,Maruti S-Cross Delta DDiS 200 SH,2019.0,950000,10000.0,1,0,1,0,0,0,0,1,0,0,1
3124,Maruti Swift Dzire VDI,2015.0,535000,80000.0,1,0,1,0,0,0,0,1,0,0,1
3125,Hyundai Verna CRDi SX ABS,2009.0,325000,25000.0,3,0,1,0,0,0,0,1,0,0,1
3126,Maruti Wagon R Stingray VXI,2013.0,270000,74000.0,3,0,0,0,0,1,0,1,0,0,1
3127,Maruti Celerio VXI,2015.0,300000,60000.0,3,0,0,0,0,1,0,1,0,0,1
3128,Volkswagen Vento Diesel Trendline,2011.0,325000,70000.0,1,0,1,0,0,0,0,1,0,0,1
3129,Tata New Safari DICOR 2.2 EX 4x2,2010.0,350000,100000.0,1,0,1,0,0,0,0,1,0,0,1
3130,Hyundai Verna CRDi SX,2008.0,229999,146000.0,3,0,1,0,0,0,0,1,0,0,1
3131,Maruti Swift Dzire LDi,2012.0,325000,60000.0,2,0,1,0,0,0,0,1,0,0,1
3132,Maruti Wagon R LXI,2005.0,70000,70000.0,2,0,0,0,0,1,0,1,0,0,1
3133,Skoda Laura Ambiente,2008.0,190000,120000.0,3,0,1,0,0,0,0,1,0,0,1
3134,Chevrolet Cruze LTZ,2011.0,345000,65500.0,1,0,1,0,0,0,0,1,0,0,1
3135,Mahindra Scorpio 1.99 S10,2016.0,1025000,70000.0,1,0,1,0,0,0,0,1,0,0,1
3136,Maruti Alto 800 LXI,2012.0,120000,50000.0,1,0,0,0,0,1,0,1,0,0,1
3137,Maruti Alto LXi BSIII,2009.0,114999,90000.0,2,0,0,0,0,1,0,1,0,0,1
3138,Honda City 1.5 S MT,2009.0,300000,120000.0,2,0,0,0,0,1,0,1,0,0,1
3139,Maruti Celerio VXI,2016.0,340000,56000.0,1,0,0,0,0,1,1,0,0,0,1
3140,Maruti Wagon R LXI,2005.0,90000,70000.0,2,0,0,0,0,1,0,1,0,0,1
3141,Maruti Alto LX,2006.0,150000,140300.0,1,0,0,0,0,1,0,1,0,0,1
3142,Maruti Alto K10 2010-2014 VXI,2010.0,115999,70000.0,1,0,0,0,0,1,0,1,0,0,1
3151,Mahindra XUV500 W8 2WD,2014.0,750000,41988.0,1,0,1,0,0,0,1,0,0,0,1
3152,Renault KWID Climber 1.0 AMT BSIV,2017.0,350000,7658.0,1,0,1,0,0,0,1,0,0,1,0
3154,Maruti Swift Dzire VDI,2017.0,611000,60000.0,1,0,1,0,0,0,1,0,0,0,1
3161,Maruti Wagon R VXI,2016.0,375000,23000.0,2,0,0,0,0,1,1,0,0,0,1
3162,Maruti Zen Estilo LXI BSIII,2007.0,275000,10211.0,1,0,0,0,0,1,0,1,0,0,1
3163,Mahindra Scorpio 2.6 SLX Turbo 7 Seater,2005.0,120000,120000.0,3,0,1,0,0,0,0,1,0,0,1
3164,Maruti Celerio ZDi,2015.0,350000,120000.0,1,0,1,0,0,0,0,1,0,0,1
3165,Maruti Celerio ZXI,2017.0,409999,35000.0,1,0,0,0,0,1,0,1,0,0,1
3166,Hyundai Verna 1.6 SX,2012.0,500000,130000.0,1,0,1,0,0,0,0,1,0,0,1
3167,Nissan Sunny Diesel XL,2013.0,220000,90000.0,2,0,1,0,0,0,0,1,0,0,1
3168,Ford Fiesta 1.6 Duratec EXI Ltd,2008.0,120000,80000.0,2,0,0,0,0,1,0,1,0,0,1
3169,Hyundai Santro Xing XK,2007.0,70000,55000.0,2,0,0,0,0,1,0,1,0,0,1
3170,Maruti Swift Dzire ZXI Plus,2017.0,800000,15000.0,1,0,0,0,0,1,0,1,0,0,1
3171,Maruti Swift Dzire VDI,2014.0,450000,260000.0,2,0,1,0,0,0,0,1,0,0,1
3172,Mahindra Scorpio SLE BSIV,2012.0,525000,145000.0,1,0,1,0,0,0,0,1,0,0,1
3173,Datsun GO Plus Remix Limited Edition,2016.0,300000,35000.0,1,0,0,0,0,1,0,1,0,0,1
3174,Hyundai i10 Magna,2008.0,195000,56000.0,2,0,0,0,0,1,0,1,0,0,1
3175,Ford Fiesta Classic 1.4 SXI Duratorq,2007.0,130000,98000.0,2,0,1,0,0,0,0,1,0,0,1
3176,Toyota Etios VD,2011.0,300000,135000.0,2,0,1,0,0,0,0,1,0,0,1
3177,Maruti Alto VXi,2002.0,120000,60000.0,3,0,0,0,0,1,0,1,0,0,1
3178,Toyota Innova 2.5 G3,2010.0,450000,120000.0,3,0,1,0,0,0,0,1,0,0,1
3179,Tata Indigo LS,2010.0,160000,102000.0,2,0,1,0,0,0,0,1,0,0,1
3180,Mahindra Bolero Power Plus Plus AC BSIV PS,2018.0,800000,35000.0,1,0,1,0,0,0,0,1,0,0,1
3181,Maruti 800 AC,2013.0,100000,80000.0,1,0,0,0,0,1,0,1,0,0,1
3183,Maruti Alto 800 LXI,2015.0,265000,32933.0,1,0,0,0,0,1,1,0,0,0,1
3184,Maruti Wagon R LXI,2008.0,175000,54551.0,1,0,0,0,0,1,1,0,0,0,1
3185,Maruti Omni 8 Seater BSIV,2014.0,250999,57112.0,1,0,0,0,0,1,1,0,0,0,1
3186,Hyundai Xcent 1.2 VTVT S AT,2015.0,471000,41025.0,1,0,0,0,0,1,1,0,0,1,0
3187,Maruti Swift Dzire LDI,2019.0,650000,5000.0,1,0,1,0,0,0,0,1,0,0,1
3188,Maruti Swift Dzire LDI,2019.0,650000,60000.0,1,0,1,0,0,0,0,1,0,0,1
3189,Hyundai EON Magna,2012.0,225000,53122.0,2,0,0,0,0,1,1,0,0,0,1
3190,Maruti Alto 800 LXI CNG,2013.0,245000,64111.0,1,1,0,0,0,0,1,0,0,0,1
3191,Maruti Ritz LXi,2011.0,221000,78892.0,1,0,0,0,0,1,1,0,0,0,1
3192,Hyundai i20 1.2 Asta,2011.0,271000,74113.0,1,0,0,0,0,1,1,0,0,0,1
3193,Maruti Wagon R VXI,2012.0,290000,80000.0,1,0,0,0,0,1,1,0,0,0,1
3194,Maruti Swift VXi BSIV,2017.0,525000,39000.0,1,0,0,0,0,1,1,0,0,0,1
3195,Volkswagen Vento 1.6 Highline,2012.0,377000,84775.0,1,0,0,0,0,1,1,0,0,0,1
3196,Tata Nano LX SE,2012.0,95000,20778.0,1,0,0,0,0,1,1,0,0,0,1
3197,Maruti Ertiga VDI,2015.0,763000,64441.0,1,0,1,0,0,0,1,0,0,0,1
3198,Honda Amaze S i-Vtech,2015.0,450000,43192.0,1,0,0,0,0,1,1,0,0,0,1
3199,Tata Nano Twist XE,2014.0,140000,44416.0,1,0,0,0,0,1,1,0,0,0,1
3200,Maruti Ciaz VDi Plus SHVS,2016.0,701000,60000.0,1,0,1,0,0,0,1,0,0,0,1
3201,Nissan Micra Diesel XV,2011.0,277000,62601.0,2,0,1,0,0,0,1,0,0,0,1
3202,Maruti Baleno Delta Automatic,2018.0,520000,50000.0,1,0,0,0,0,1,0,1,0,1,0
3203,Ford Figo Aspire 1.5 TDCi Ambiente ABS,2017.0,550000,100000.0,1,0,1,0,0,0,0,1,0,0,1
3204,Volkswagen Vento Diesel Highline,2011.0,260000,60000.0,3,0,1,0,0,0,0,1,0,0,1
3205,Renault Pulse RxZ,2015.0,420000,100000.0,1,0,1,0,0,0,0,1,0,0,1
3206,OpelCorsa 1.4 GL,2002.0,35000,100000.0,3,0,0,0,0,1,0,1,0,0,1
3207,Mahindra XUV500 W7 BSIV,2018.0,1150000,20000.0,1,0,1,0,0,0,0,1,0,0,1
3208,Maruti Ciaz 1.4 Zeta,2017.0,680000,46000.0,1,0,0,0,0,1,0,1,0,0,1
3209,Maruti Swift VDI,2012.0,425000,40000.0,1,0,1,0,0,0,0,1,0,0,1
3210,Maruti Swift Dzire LDI,2014.0,450000,70000.0,2,0,1,0,0,0,0,1,0,0,1
3211,Toyota Innova 2.5 GX (Diesel) 8 Seater BS IV,2008.0,590000,89600.0,3,0,1,0,0,0,0,1,0,0,1
3212,Volkswagen Jetta 1.4 TSI Comfortline,2017.0,936999,60800.0,1,0,0,0,0,1,0,1,0,0,1
3213,Honda Mobilio S i DTEC,2015.0,420000,104000.0,2,0,1,0,0,0,0,1,0,0,1
3214,Volkswagen Polo 1.5 TDI Highline,2014.0,450000,80000.0,2,0,1,0,0,0,0,1,0,0,1
3215,Maruti 800 AC,2004.0,40000,69111.0,3,0,0,0,0,1,0,1,0,0,1
3216,Toyota Innova 2.5 G (Diesel) 8 Seater,2014.0,520000,70000.0,2,0,1,0,0,0,0,1,0,0,1
3217,Maruti 800 AC,2007.0,80000,120000.0,1,0,0,0,0,1,0,1,0,0,1
3218,Tata Nano CX,2014.0,55000,40000.0,1,0,0,0,0,1,0,1,0,0,1
3219,Mahindra Bolero DI DX 7 Seater,2001.0,80000,100000.0,3,0,1,0,0,0,0,1,0,0,1
3220,Maruti Alto 800 LXI,2019.0,210000,20000.0,1,0,0,0,0,1,0,1,0,0,1
3222,Tata Tiago 1.05 Revotorq XM,2017.0,260000,50000.0,1,0,1,0,0,0,0,1,0,0,1
3223,Tata Zest Quadrajet 1.3,2016.0,250000,60000.0,1,0,1,0,0,0,0,1,0,0,1
3224,Tata Indica Vista Aqua TDI BSIII,2008.0,80000,90000.0,1,0,1,0,0,0,0,1,0,0,1
3225,Toyota Innova 2.5 GX (Diesel) 7 Seater BS IV,2010.0,450000,150000.0,2,0,1,0,0,0,0,1,0,0,1
3226,Toyota Innova 2.5 G (Diesel) 8 Seater BS IV,2005.0,310000,120000.0,2,0,1,0,0,0,0,1,0,0,1
3227,Toyota Innova 2.5 GX (Diesel) 8 Seater,2014.0,500000,100000.0,1,0,1,0,0,0,0,1,0,0,1
3229,Hyundai Creta 1.6 CRDi SX,2016.0,840000,70000.0,1,0,1,0,0,0,0,1,0,0,1
3233,Chevrolet Cruze LTZ,2015.0,1000000,3600.0,1,0,1,0,0,0,1,0,0,0,1
3234,Ford Figo Aspire 1.2 Ti-VCT Titanium Plus,2015.0,530000,14272.0,1,0,0,0,0,1,1,0,0,0,1
3241,Hyundai Santro LP zipPlus,2003.0,75000,57000.0,1,0,0,0,0,1,0,1,0,0,1
3244,Hyundai EON Era Plus,2013.0,280000,3240.0,2,0,0,0,0,1,0,1,0,0,1
3245,Hyundai i20 Magna 1.2,2015.0,540000,60000.0,1,0,0,0,0,1,0,1,0,0,1
3247,Ford Figo Petrol EXI,2014.0,350000,90000.0,2,0,0,0,0,1,0,1,0,0,1
3248,Maruti SX4 VDI,2011.0,320000,100000.0,1,0,1,0,0,0,0,1,0,0,1
3249,Honda Amaze S i-DTEC,2016.0,475000,90000.0,1,0,1,0,0,0,0,1,0,0,1
3250,Tata Manza Aura (ABS) Quadrajet BS IV,2011.0,220000,140000.0,2,0,1,0,0,0,0,1,0,0,1
3259,Maruti 800 AC,2014.0,60000,70000.0,1,0,0,0,0,1,0,1,0,0,1
3271,Tata Indica GLS BS IV,2008.0,70000,60000.0,1,0,0,0,0,1,0,1,0,0,1
3272,Chevrolet Sail Hatchback 1.3 TCDi,2015.0,281000,40000.0,1,0,1,0,0,0,0,1,0,0,1
3273,Tata Indigo Grand Dicor,2013.0,211000,80000.0,1,0,1,0,0,0,0,1,0,0,1
3274,Hyundai Elite i20 Petrol Magna Exective,2018.0,550000,11000.0,1,0,0,0,0,1,0,1,0,0,1
3275,Chevrolet Enjoy TCDi LT 8 Seater,2014.0,350000,110000.0,1,0,1,0,0,0,0,1,0,0,1
3276,Maruti Wagon R VXI AMT,2017.0,420000,19890.0,1,0,0,0,0,1,1,0,0,1,0
3277,Renault KWID RXT,2015.0,270000,20969.0,1,0,0,0,0,1,0,1,0,0,1
3278,Maruti Celerio VXI,2016.0,399000,20194.0,1,0,0,0,0,1,1,0,0,0,1
3279,Ford Figo Trend,2016.0,440000,34982.0,1,0,0,0,0,1,1,0,0,0,1
3280,Hyundai EON Magna,2012.0,250000,44588.0,1,0,0,0,0,1,1,0,0,0,1
3281,Ford Ecosport 1.5 Diesel Titanium,2016.0,650000,57904.0,1,0,1,0,0,0,1,0,0,0,1
3282,Maruti Alto K10 VXI,2015.0,270000,59258.0,1,0,0,0,0,1,1,0,0,0,1
3283,Ford Figo Trend,2016.0,390000,60826.0,1,0,0,0,0,1,1,0,0,0,1
3284,Mahindra XUV500 W10 2WD,2014.0,1500000,50000.0,1,0,1,0,0,0,0,1,0,0,1
3285,Maruti 800 AC,2014.0,225000,35000.0,1,0,0,0,0,1,0,1,0,0,1
3286,Mahindra XUV500 W8 2WD,2015.0,900000,110000.0,2,0,1,0,0,0,0,1,0,0,1
3287,Hyundai Tucson 2.0 e-VGT 2WD AT GL,2018.0,1600000,40000.0,1,0,1,0,0,0,0,1,0,1,0
3288,Tata Nexon 1.2 Revotron XZ Plus Dual Tone,2019.0,800000,10000.0,1,0,0,0,0,1,0,1,0,0,1
3289,Honda Amaze E i-Dtech,2013.0,320000,50000.0,1,0,1,0,0,0,0,1,0,0,1
3290,Maruti Alto 800 LXI,2016.0,300000,25000.0,1,0,0,0,0,1,0,1,0,0,1
3291,Hyundai i20 1.2 Asta Dual Tone,2018.0,740000,25000.0,1,0,0,0,0,1,0,1,0,0,1
3292,Datsun RediGO SV 1.0,2019.0,350000,1300.0,1,0,0,0,0,1,0,1,0,0,1
3293,Datsun GO T BSIV,2014.0,280000,40000.0,1,0,0,0,0,1,0,1,0,0,1
3294,Maruti Swift Dzire AMT VDI,2018.0,675000,50000.0,1,0,1,0,0,0,0,1,0,1,0
3295,Hyundai i10 Era 1.1 iTech SE,2011.0,300000,20000.0,1,0,0,0,0,1,0,1,0,0,1
3296,Chevrolet Captiva 2.0L VCDi,2011.0,400000,76000.0,3,0,1,0,0,0,0,1,0,0,1
3297,Mahindra Scorpio VLX 2WD BSIV,2010.0,420000,100000.0,3,0,1,0,0,0,0,1,0,0,1
3298,Tata New Safari 3L Dicor LX 4x2,2008.0,300000,120000.0,1,0,1,0,0,0,0,1,0,0,1
3299,Maruti Wagon R VXI Minor,2010.0,170000,70000.0,1,0,0,0,0,1,0,1,0,0,1
3300,Hyundai EON Era Plus,2014.0,210000,70000.0,3,0,0,0,0,1,0,1,0,0,1
3301,Maruti Ertiga VDI,2015.0,600000,60000.0,2,0,1,0,0,0,0,1,0,0,1
3302,Maruti Wagon R VXI BS IV,2014.0,260000,38000.0,2,0,0,0,0,1,0,1,0,0,1
3303,Tata Nano Twist XT,2015.0,82000,19000.0,1,0,0,0,0,1,0,1,0,0,1
3304,Mahindra TUV 300 T8,2016.0,690000,75000.0,1,0,1,0,0,0,0,1,0,0,1
3305,Hyundai Grand i10 CRDi Asta,2015.0,300000,70000.0,1,0,1,0,0,0,0,1,0,0,1
3306,Honda BRV i-DTEC V MT,2017.0,1250000,30000.0,1,0,1,0,0,0,0,1,0,0,1
3307,Hyundai Verna CRDi 1.6 EX,2017.0,799000,31707.0,1,0,1,0,0,0,0,1,0,0,1
3308,Toyota Fortuner 3.0 Diesel,2010.0,1000000,180000.0,1,0,1,0,0,0,0,1,0,0,1
3309,Maruti Alto 800 LXI,2014.0,190000,90000.0,2,0,0,0,0,1,0,1,0,0,1
3310,Mahindra Verito 1.5 D2 BSIII,2014.0,250000,30000.0,1,0,1,0,0,0,0,1,0,0,1
3311,Hyundai Verna 1.6 i ABS,2009.0,200000,60000.0,1,0,0,0,0,1,0,1,0,0,1
3312,Mahindra Bolero DI,2005.0,300000,90000.0,2,0,1,0,0,0,0,1,0,0,1
3313,Tata Zest Revotron 1.2T XMS,2015.0,250000,120000.0,2,0,0,0,0,1,0,1,0,0,1
3314,Maruti 800 AC,2008.0,90000,70000.0,3,0,0,0,0,1,0,1,0,0,1
3319,Renault Duster 85PS Diesel RxL,2016.0,700000,160000.0,1,0,1,0,0,0,0,1,0,0,1
3320,Volvo XC60 D3 Kinetic,2012.0,1750000,115992.0,3,0,1,0,0,0,1,0,0,1,0
3321,Maruti Wagon R VXI Optional,2017.0,290000,110000.0,2,0,0,0,0,1,0,1,0,0,1
3322,Toyota Innova 2.5 Z Diesel 7 Seater BS IV,2014.0,1050000,97000.0,2,0,1,0,0,0,0,1,0,0,1
3323,Tata Indigo LX Dicor,2008.0,70000,100000.0,3,0,1,0,0,0,0,1,0,0,1
3324,Maruti Swift ZDi BSIV,2016.0,520000,41000.0,1,0,1,0,0,0,0,1,0,0,1
3325,Tata Indigo LS,2012.0,150000,90000.0,1,0,1,0,0,0,0,1,0,0,1
3326,Hyundai i10 Magna 1.1,2008.0,120000,90000.0,1,0,0,0,0,1,0,1,0,0,1
3327,Hyundai i20 Asta Option 1.2,2016.0,600000,25000.0,1,0,0,0,0,1,0,1,0,0,1
3328,Tata Xenon XT EX 4X4,2010.0,150000,70000.0,1,0,1,0,0,0,0,1,0,0,1
3329,Volkswagen Vento Petrol Highline,2011.0,400000,60000.0,1,0,0,0,0,1,0,1,0,0,1
3330,Maruti Alto 800 LXI,2015.0,310000,30000.0,2,0,0,0,0,1,0,1,0,0,1
3331,Maruti Baleno Alpha 1.2,2015.0,550000,30000.0,1,0,0,0,0,1,0,1,0,0,1
3332,Hyundai i20 Asta Option 1.4 CRDi,2016.0,550000,60000.0,1,0,1,0,0,0,0,1,0,0,1
3333,Hyundai Grand i10 CRDi Magna,2013.0,320000,73000.0,1,0,1,0,0,0,0,1,0,0,1
3334,Maruti 800 AC BSII,1992.0,50000,100000.0,4,0,0,0,0,1,0,1,0,0,1
3336,Renault KWID RXT,2018.0,360000,60000.0,1,0,0,0,0,1,0,1,0,0,1
3337,Maruti Vitara Brezza VDi Option,2017.0,700000,50000.0,2,0,1,0,0,0,0,1,0,0,1
3338,Maruti Ertiga VDI,2012.0,700000,110000.0,2,0,1,0,0,0,0,1,0,0,1
3339,Hyundai i20 1.4 Sportz,2017.0,655000,60000.0,1,0,1,0,0,0,1,0,0,0,1
3341,Chevrolet Beat LT LPG,2011.0,200000,110000.0,1,0,0,0,1,0,0,1,0,0,1
3342,Renault Duster 85PS Diesel RxL Optional,2012.0,375000,150000.0,1,0,1,0,0,0,0,1,0,0,1
3343,Hyundai Verna 1.6 SX,2012.0,470000,109052.0,1,0,1,0,0,0,1,0,0,0,1
3344,Maruti Ciaz VDi,2015.0,550000,90658.0,1,0,1,0,0,0,1,0,0,0,1
3345,Honda Amaze VX i-DTEC,2014.0,500000,110000.0,2,0,1,0,0,0,0,1,0,0,1
3346,Datsun GO T Option BSIV,2015.0,210000,25000.0,1,0,0,0,0,1,0,1,0,0,1
3350,Mercedes-Benz E-Class E250 Edition E,2013.0,1451000,81000.0,1,0,1,0,0,0,1,0,0,1,0
3352,Hyundai Verna SX AT Diesel,2009.0,245000,75000.0,1,0,1,0,0,0,1,0,0,1,0
3353,Honda WR-V i-VTEC VX,2017.0,700000,25552.0,2,0,0,0,0,1,1,0,0,0,1
3354,Hyundai EON Magna Plus,2018.0,300000,20000.0,1,0,0,0,0,1,0,1,0,0,1
3355,Hyundai Xcent 1.2 CRDi E,2017.0,350000,80000.0,1,0,1,0,0,0,0,1,0,0,1
3356,Hyundai Elite i20 Asta Option CVT BSIV,2017.0,635000,25000.0,1,0,0,0,0,1,1,0,0,1,0
3357,Honda City S,2012.0,325000,40700.0,1,0,0,0,0,1,0,1,0,0,1
3358,Mahindra XUV500 AT W10 1.99 mHawk,2017.0,1150000,65500.0,1,0,1,0,0,0,1,0,0,1,0
3359,Tata Indigo GLE BSIII,2008.0,110000,42000.0,1,0,0,0,0,1,1,0,0,0,1
3360,Honda City 1.5 V MT,2018.0,890000,8000.0,1,0,0,0,0,1,1,0,0,0,1
3361,Maruti Swift 1.3 LXI,2007.0,73000,80000.0,2,0,0,0,0,1,0,1,0,0,1
3363,Maruti Ciaz ZXi Plus,2016.0,750000,6000.0,1,0,1,0,0,0,1,0,0,0,1
3365,Maruti Baleno Alpha 1.2,2018.0,690000,11174.0,1,0,0,0,0,1,1,0,0,0,1
3366,Tata Indigo GLS,2008.0,130000,120000.0,1,0,0,0,0,1,0,1,0,0,1
3368,Hyundai Santro Xing GLS,2007.0,85000,85000.0,2,0,0,0,0,1,0,1,0,0,1
3369,Hyundai Elantra 2.0 SX AT,2018.0,1575000,10000.0,1,0,1,0,0,0,0,1,0,1,0
3370,Nissan Sunny Diesel XV,2013.0,325000,105000.0,1,0,1,0,0,0,0,1,0,0,1
3371,Honda City 1.3 EXI,1998.0,85000,120000.0,2,0,0,0,0,1,0,1,0,0,1
3372,Hyundai Verna 1.6 CRDI SX Option,2018.0,860000,30000.0,2,0,1,0,0,0,1,0,0,0,1
3373,Maruti S-Cross Sigma DDiS 200 SH,2017.0,690000,41000.0,1,0,1,0,0,0,0,1,0,0,1
3374,Hyundai Elantra CRDi S,2013.0,650000,54000.0,1,0,1,0,0,0,1,0,0,0,1
3375,Chevrolet Sail LS ABS,2014.0,375000,40000.0,1,0,1,0,0,0,0,1,0,0,1
3376,Hyundai Verna 1.6 SX CRDi (O),2013.0,525000,71000.0,1,0,1,0,0,0,1,0,0,0,1
3377,Maruti Eeco Smiles 5 Seater AC,2016.0,330000,72500.0,1,0,0,0,0,1,1,0,0,0,1
3378,Maruti Eeco Smiles 5 Seater AC,2013.0,280000,76600.0,1,0,0,0,0,1,0,1,0,0,1
3379,Maruti Swift ZXI,2014.0,470000,60000.0,1,0,0,0,0,1,0,1,0,0,1
3380,Volkswagen Polo Diesel Trendline 1.2L,2011.0,350000,110000.0,1,0,1,0,0,0,0,1,0,0,1
3381,Honda City 1.5 V Elegance,2012.0,480000,63000.0,1,0,0,0,0,1,1,0,0,0,1
3382,Hyundai Verna 1.6 CRDi SX,2016.0,620000,60000.0,1,0,1,0,0,0,0,1,0,0,1
3383,Datsun GO T BSIV,2014.0,250000,58000.0,1,0,0,0,0,1,0,1,0,0,1
3384,Chevrolet Spark 1.0,2010.0,78692,80000.0,2,0,0,0,0,1,0,1,0,0,1
3385,Hyundai i20 Magna Optional 1.4 CRDi,2012.0,350000,80000.0,1,0,1,0,0,0,0,1,0,0,1
3386,Maruti Wagon R LX Minor,2013.0,250000,70000.0,2,0,0,0,0,1,0,1,0,0,1
3387,Hyundai i20 1.2 Sportz,2011.0,260000,97700.0,4,0,0,0,0,1,0,1,0,0,1
3388,Honda Mobilio S i DTEC,2016.0,640000,36000.0,2,0,1,0,0,0,0,1,0,0,1
3389,Tata New Safari DICOR 2.2 EX 4x2,2008.0,220000,90000.0,2,0,1,0,0,0,0,1,0,0,1
3390,Volkswagen Vento 1.5 TDI Highline,2015.0,465000,130000.0,1,0,1,0,0,0,0,1,0,0,1
3391,Maruti Swift Vdi BSIII,2010.0,229999,120000.0,2,0,1,0,0,0,0,1,0,0,1
3392,Maruti Wagon R VXI BS IV,2018.0,425000,15000.0,1,0,0,0,0,1,0,1,0,0,1
3393,Tata Indica GLS BS IV,2008.0,95000,120000.0,3,0,0,0,0,1,0,1,0,0,1
3394,Hyundai EON LPG Magna Plus,2012.0,170000,170000.0,3,0,0,0,1,0,0,1,0,0,1
3395,Datsun RediGO T Option,2016.0,229999,37500.0,2,0,0,0,0,1,0,1,0,0,1
3396,Maruti 800 Std,1999.0,45000,50000.0,3,0,0,0,0,1,0,1,0,0,1
3397,Maruti Grand Vitara MT,2007.0,479000,145000.0,3,0,0,0,0,1,0,1,0,0,1
3399,Hyundai EON Sportz,2016.0,340000,30000.0,1,0,0,0,0,1,0,1,0,0,1
3400,Maruti Swift Dzire ZXI,2016.0,620000,35000.0,1,0,0,0,0,1,0,1,0,0,1
3401,Tata Manza Club Class Quadrajet90 EX,2012.0,270000,60000.0,1,0,1,0,0,0,0,1,0,0,1
3402,Tata Tiago 1.05 Revotorq XZ Plus,2018.0,400000,35000.0,1,0,1,0,0,0,0,1,0,0,1
3403,Maruti Wagon R VXI Optional,2015.0,260000,40000.0,1,0,0,0,0,1,0,1,0,0,1
3404,Hyundai Santro LE zipPlus,2003.0,48000,50000.0,4,0,0,0,0,1,0,1,0,0,1
3405,Tata Nano Twist XE,2015.0,100000,23800.0,2,0,0,0,0,1,0,1,0,0,1
3406,Nissan Terrano XL Plus 85 PS,2015.0,490000,70000.0,1,0,1,0,0,0,0,1,0,0,1
3407,Maruti Wagon R Duo Lxi,2010.0,120000,90000.0,2,0,0,0,1,0,0,1,0,0,1
3408,Hyundai i10 Era,2008.0,125000,102000.0,2,0,0,0,0,1,0,1,0,0,1
3410,Maruti Alto 800 LXI,2019.0,190000,5000.0,1,0,0,0,0,1,0,1,0,0,1
3414,Toyota Corolla Altis 1.8 J,2008.0,400000,35000.0,2,0,0,0,0,1,0,1,0,0,1
3415,Fiat Linea T Jet Plus,2011.0,500000,20000.0,1,0,0,0,0,1,0,1,0,0,1
3416,Toyota Fortuner 4x2 AT,2014.0,1800000,99000.0,1,0,1,0,0,0,0,1,0,1,0
3417,Honda Civic 1.8 V MT,2008.0,320000,90000.0,1,0,0,0,0,1,0,1,0,0,1
3418,Honda Civic 1.8 S AT,2007.0,250000,47000.0,1,0,0,0,0,1,1,0,0,1,0
3419,Ford Figo Diesel Titanium,2010.0,105000,90000.0,3,0,1,0,0,0,0,1,0,0,1
3420,Hyundai i20 Active 1.2 SX,2018.0,550000,20000.0,1,0,0,0,0,1,0,1,0,0,1
3421,Hyundai Grand i10 1.2 Kappa Sportz AT,2019.0,600000,1100.0,1,0,0,0,0,1,0,1,0,1,0
3422,Maruti Alto 800 VXI,2020.0,210000,40000.0,1,0,0,0,0,1,0,1,0,0,1
3423,Maruti Alto 800 LXI Airbag,2012.0,210000,15000.0,1,0,0,0,0,1,0,1,0,0,1
3424,Maruti Alto LXi,2009.0,150000,40000.0,1,0,0,0,0,1,0,1,0,0,1
3425,Hyundai i10 Era 1.1,2008.0,125000,60000.0,1,0,0,0,0,1,0,1,0,0,1
3426,Maruti Celerio VXI,2016.0,380000,20000.0,1,0,0,0,0,1,0,1,0,0,1
3427,Maruti Baleno Delta 1.2,2019.0,600000,5000.0,1,0,0,0,0,1,0,1,0,0,1
3428,Maruti Swift VXI Deca,2016.0,490000,27000.0,1,0,0,0,0,1,0,1,0,0,1
3429,Maruti Swift Dzire LDI,2018.0,545000,38000.0,2,0,1,0,0,0,0,1,0,0,1
3430,Maruti Wagon R VXI BS IV,2015.0,250000,25000.0,1,0,0,0,0,1,0,1,0,0,1
3431,Hyundai Venue SX Opt Turbo BSIV,2020.0,1050000,1100.0,1,0,0,0,0,1,0,1,0,0,1
3432,Maruti Wagon R LX Minor,2007.0,100000,100000.0,1,0,0,0,0,1,0,1,0,0,1
3433,Ford Figo Diesel ZXI,2014.0,250000,100000.0,2,0,1,0,0,0,0,1,0,0,1
3434,Maruti Wagon R LX BSIII,2007.0,100000,110000.0,1,0,0,0,0,1,0,1,0,0,1
3435,Ford Figo 1.5D Ambiente ABS MT,2016.0,350000,60000.0,2,0,1,0,0,0,0,1,0,0,1
3436,Renault Duster 110PS Diesel RxZ Plus,2012.0,370000,70000.0,2,0,1,0,0,0,0,1,0,0,1
3437,Maruti Zen VXi - BS III,2004.0,121000,110000.0,2,0,0,0,0,1,0,1,0,0,1
3438,Ford Figo Aspire 1.5 Ti-VCT Titanium,2017.0,570000,44077.0,1,0,0,0,0,1,1,0,0,1,0
3439,Maruti Ertiga SHVS VDI,2017.0,785000,24000.0,1,0,1,0,0,0,0,1,0,0,1
3440,Maruti Ciaz S 1.3,2018.0,850000,30000.0,1,0,1,0,0,0,0,1,0,0,1
3441,Maruti Wagon R VXI BS IV,2016.0,375000,30000.0,2,0,0,0,0,1,0,1,0,0,1
3442,Maruti Baleno Alpha 1.2,2017.0,619000,40000.0,1,0,0,0,0,1,0,1,0,0,1
3443,Chevrolet Cruze LTZ,2011.0,335000,90000.0,2,0,1,0,0,0,0,1,0,0,1
3444,Toyota Innova 2.5 G (Diesel) 8 Seater BS IV,2006.0,500000,50000.0,1,0,1,0,0,0,0,1,0,0,1
3445,Maruti Wagon R LX,2003.0,60000,100000.0,2,0,0,0,0,1,0,1,0,0,1
3447,Mahindra Ingenio CRDe,2014.0,210000,210000.0,1,0,1,0,0,0,0,1,0,0,1
3448,Toyota Innova Crysta 2.4 VX MT 8S BSIV,2019.0,1900000,20000.0,1,0,1,0,0,0,0,1,0,0,1
3449,Tata Indigo TDI,2013.0,270000,70000.0,2,0,1,0,0,0,0,1,0,0,1
3450,Maruti Wagon R LXI Minor,2010.0,225000,100000.0,2,0,0,0,0,1,0,1,0,0,1
3451,Maruti SX4 ZXI MT BSIV,2011.0,150000,160000.0,2,0,0,0,0,1,0,1,0,0,1
3452,Chevrolet Beat Diesel LT,2013.0,173000,70000.0,1,0,1,0,0,0,0,1,0,0,1
3453,BMW 5 Series 520d Luxury Line,2018.0,4800000,9422.0,1,0,1,0,0,0,0,1,0,1,0
3454,Volkswagen Vento 1.5 Highline Plus AT 16 Alloy,2017.0,710000,110000.0,1,0,1,0,0,0,0,1,0,1,0
3455,Toyota Corolla Altis 1.8 GL,2019.0,1500000,20000.0,1,0,0,0,0,1,0,1,0,0,1
3456,Maruti Baleno Zeta 1.2,2017.0,550000,20000.0,1,0,0,0,0,1,0,1,0,0,1
3457,Maruti 800 AC BSIII,2008.0,58000,70000.0,2,0,0,0,0,1,0,1,0,0,1
3458,Audi A4 1.8 TFSI,2012.0,1200000,60000.0,3,0,0,0,0,1,0,1,0,1,0
3459,Mahindra Scorpio M2DI,2013.0,500000,150000.0,1,0,1,0,0,0,0,1,0,0,1
3460,Maruti Swift LXi BSIV,2009.0,120000,83000.0,2,0,0,0,0,1,0,1,0,0,1
3461,Toyota Innova 2.5 EV Diesel PS 7 Seater BSIII,2012.0,300000,250000.0,1,0,1,0,0,0,0,1,0,0,1
3462,Hyundai EON Era Plus,2018.0,300000,30000.0,1,0,0,0,0,1,0,1,0,0,1
3463,Datsun GO Plus T Option BSIV,2015.0,295000,21000.0,1,0,0,0,0,1,0,1,0,0,1
3464,Maruti Ertiga VXI CNG,2018.0,587000,80000.0,1,1,0,0,0,0,0,1,0,0,1
3465,Ambassador Grand 1800 ISZ MPFI PW CL,2012.0,430000,50000.0,2,0,0,0,0,1,0,1,0,0,1
3466,Hyundai Verna i (Petrol),2007.0,123000,50000.0,2,0,0,0,0,1,0,1,0,0,1
3467,Skoda Laura Ambiente 2.0 TDI CR AT,2012.0,450000,48500.0,2,0,1,0,0,0,0,1,0,1,0
3468,Maruti Wagon R LXI Minor,2007.0,130000,60000.0,3,0,0,0,0,1,0,1,0,0,1
3469,Tata Indica Vista Aqua 1.4 TDI,2010.0,110000,90000.0,2,0,1,0,0,0,0,1,0,0,1
3470,Mahindra Xylo Celebration Edition BSIV,2010.0,200000,240000.0,3,0,1,0,0,0,0,1,0,0,1
3471,Hyundai Grand i10 Magna,2015.0,320000,70000.0,2,0,0,0,0,1,0,1,0,0,1
3472,Maruti Wagon R LXI BS IV,2014.0,300000,50000.0,1,0,1,0,0,0,0,1,0,0,1
3473,Volkswagen CrossPolo 1.2 MPI,2016.0,350000,110000.0,1,0,0,0,0,1,0,1,0,0,1
3474,Maruti Ertiga VXI Petrol,2018.0,800000,50000.0,1,0,0,0,0,1,0,1,0,0,1
3475,Hyundai Xcent 1.1 CRDi S,2016.0,270000,175000.0,1,0,1,0,0,0,0,1,0,0,1
3476,Hyundai i20 1.2 Magna Executive,2017.0,540000,60000.0,1,0,0,0,0,1,0,1,0,0,1
3477,Maruti Wagon R LXI CNG,2011.0,160000,60000.0,2,1,0,0,0,0,0,1,0,0,1
3478,Maruti SX4 VDI,2013.0,340000,100000.0,2,0,1,0,0,0,0,1,0,0,1
3479,Maruti Eeco 5 Seater AC BSIV,2017.0,350000,40000.0,2,0,0,0,0,1,0,1,0,0,1
3480,Volkswagen Vento Diesel Style Limited Edition,2011.0,300000,100000.0,1,0,1,0,0,0,0,1,0,0,1
3481,Maruti Ritz VDi,2013.0,330000,63000.0,1,0,1,0,0,0,0,1,0,0,1
3482,Maruti Wagon R LXI CNG,2016.0,325000,80000.0,2,1,0,0,0,0,0,1,0,0,1
3483,Maruti Swift Dzire VDI,2013.0,250000,55000.0,1,0,1,0,0,0,0,1,0,0,1
3484,Maruti Swift Star VDI,2013.0,250000,55000.0,1,0,1,0,0,0,0,1,0,0,1
3485,Chevrolet Beat LT Option,2015.0,240000,60000.0,1,0,0,0,0,1,0,1,0,0,1
3486,Hyundai Grand i10 1.2 Kappa Magna BSIV,2020.0,545000,5000.0,1,0,0,0,0,1,0,1,0,0,1
3487,Hyundai i10 Magna 1.1 iTech SE,2015.0,300000,48000.0,1,0,0,0,0,1,1,0,0,0,1
3489,Renault KWID RXT,2014.0,240000,50000.0,1,0,0,0,0,1,0,1,0,0,1
3490,Renault KWID 1.0 RXT Optional,2018.0,360000,15000.0,1,0,0,0,0,1,0,1,0,0,1
3491,Hyundai i20 1.4 CRDi Magna,2012.0,250000,70000.0,1,0,1,0,0,0,0,1,0,0,1
3492,Skoda Laura Elegance 2.0 TDI CR AT,2019.0,475000,105000.0,1,0,1,0,0,0,1,0,0,1,0
3493,Hyundai i20 Asta Option 1.4 CRDi,2016.0,600000,50000.0,2,0,1,0,0,0,0,1,0,0,1
3494,Tata Indigo CR4,2010.0,150000,80000.0,2,0,1,0,0,0,0,1,0,0,1
3495,Ford EcoSport 1.5 Diesel Trend BSIV,2017.0,700000,50000.0,1,0,1,0,0,0,0,1,0,0,1
3496,Mahindra XUV500 W6 2WD,2016.0,1290000,5000.0,1,0,1,0,0,0,0,1,0,0,1
3499,Maruti Celerio ZXI AMT BSIV,2018.0,500000,10000.0,1,0,0,0,0,1,0,1,0,1,0
3500,Hyundai Santro Xing GLS,2012.0,193000,45000.0,2,0,0,0,0,1,0,1,0,0,1
3501,Honda City i VTEC V,2015.0,800000,10000.0,1,0,0,0,0,1,0,1,0,0,1
3502,Maruti Wagon R LXI Minor,2008.0,150000,50000.0,1,0,0,0,0,1,0,1,0,0,1
3503,Maruti 800 AC,2002.0,80000,40000.0,4,0,0,0,0,1,0,1,0,0,1
3504,Ford Figo Diesel EXI,2010.0,130000,100000.0,3,0,1,0,0,0,0,1,0,0,1
3505,Ford Figo Diesel EXI,2012.0,280000,80000.0,2,0,1,0,0,0,0,1,0,0,1
3506,Mahindra Xylo D2 BS IV,2011.0,229999,110000.0,2,0,1,0,0,0,0,1,0,0,1
3507,Maruti Zen Estilo VXI BSIII,2008.0,80000,120000.0,1,0,0,0,0,1,0,1,0,0,1
3508,Tata Nano Cx BSIII,2010.0,70000,10000.0,1,0,0,0,0,1,0,1,0,0,1
3509,Maruti Ritz VDi,2013.0,240000,60000.0,2,0,1,0,0,0,0,1,0,0,1
3510,Mahindra Xylo E8,2010.0,380000,72000.0,2,0,1,0,0,0,0,1,0,0,1
3512,Hyundai Santro Xing XO,2006.0,80000,110000.0,1,0,0,0,0,1,0,1,0,0,1
3513,Hyundai i10 Era,2013.0,265000,50000.0,1,0,0,0,0,1,0,1,0,0,1
3514,Hyundai EON Magna Plus Option,2018.0,320000,25000.0,1,0,0,0,0,1,0,1,0,0,1
3515,Nissan Terrano XL 110 PS,2014.0,500000,120000.0,3,0,1,0,0,0,0,1,0,0,1
3516,Hyundai Creta 1.6 CRDi SX Option,2016.0,1300000,55000.0,1,0,1,0,0,0,0,1,0,0,1
3517,Mahindra Scorpio S11 BSIV,2018.0,1500000,35000.0,1,0,1,0,0,0,0,1,0,0,1
3518,Toyota Innova Crysta 2.8 ZX AT BSIV,2016.0,1800000,110000.0,1,0,1,0,0,0,0,1,0,1,0
3519,Mahindra XUV500 W6 2WD,2014.0,600000,80000.0,2,0,1,0,0,0,0,1,0,0,1
3520,Tata Tiago 1.2 Revotron XT,2018.0,420000,80000.0,1,0,0,0,0,1,0,1,0,0,1
3521,Maruti Zen Estilo LXI BS IV,2009.0,140000,120000.0,1,0,0,0,0,1,0,1,0,0,1
3522,Skoda Laura Ambiente 2.0 TDI CR MT,2010.0,300000,100000.0,2,0,1,0,0,0,0,1,0,0,1
3523,Hyundai Santro Xing XL eRLX Euro III,2006.0,100000,60000.0,2,0,0,0,0,1,1,0,0,0,1
3524,Maruti Alto K10 VXI,2017.0,350000,25000.0,1,0,0,0,0,1,1,0,0,0,1
3525,Ford EcoSport 1.5 Ti VCT MT Titanium BE BSIV,2018.0,850000,19000.0,1,0,0,0,0,1,0,1,0,0,1
3526,Maruti Alto LX,2008.0,140000,54000.0,1,0,0,0,0,1,1,0,0,0,1
3527,Ford Aspire Titanium Plus BSIV,2015.0,550000,17100.0,2,0,0,0,0,1,1,0,0,0,1
3528,Hyundai Grand i10 Asta Option AT,2017.0,525000,19000.0,1,0,0,0,0,1,1,0,0,1,0
3529,Ford Ecosport 1.5 DV5 MT Titanium,2015.0,470000,146000.0,1,0,1,0,0,0,1,0,0,0,1
3530,Ford Endeavour 3.0L 4X4 AT,2013.0,900000,98000.0,1,0,1,0,0,0,1,0,0,1,0
3531,Ford Endeavour 2.5L 4X2,2011.0,500000,224642.0,2,0,1,0,0,0,0,1,0,0,1
3532,Maruti Zen LXI,1998.0,80000,120000.0,2,0,0,0,0,1,0,1,0,0,1
3533,Mahindra Verito 1.5 D2 BSIII,2011.0,175000,175000.0,1,0,1,0,0,0,0,1,0,0,1
3534,Mahindra XUV500 AT W10 AWD,2017.0,1350000,15000.0,2,0,1,0,0,0,0,1,0,1,0
3535,Renault Duster 110PS Diesel RxZ,2017.0,800000,50000.0,1,0,1,0,0,0,0,1,0,0,1
3536,Datsun RediGO 1.0 S,2017.0,250000,15000.0,1,0,0,0,0,1,0,1,0,0,1
3537,Maruti Ignis 1.2 AMT Alpha BSIV,2018.0,700000,25000.0,1,0,0,0,0,1,0,1,0,1,0
3538,Tata Nexon 1.5 Revotorq XM,2019.0,800000,25000.0,1,0,1,0,0,0,0,1,0,0,1
3539,Mahindra XUV500 W6 2WD,2013.0,660000,60000.0,1,0,1,0,0,0,0,1,0,0,1
3540,Maruti Swift VDI BSIV,2015.0,465000,60000.0,3,0,1,0,0,0,0,1,0,0,1
3541,Mahindra Scorpio 2.6 CRDe,2006.0,180000,222435.0,2,0,1,0,0,0,0,1,0,0,1
3542,Maruti Swift Dzire VDI,2017.0,600000,66000.0,3,0,1,0,0,0,0,1,0,0,1
3543,Ford Fiesta 1.4 ZXi Duratec,2010.0,150000,110000.0,1,0,0,0,0,1,0,1,0,0,1
3544,Hyundai Verna 1.6 SX,2014.0,450000,78000.0,2,0,1,0,0,0,0,1,0,0,1
3545,Hyundai Elite i20 Sportz Plus BSIV,2019.0,721000,10000.0,1,0,0,0,0,1,0,1,0,0,1
3546,Maruti Swift 1.2 DLX,2018.0,300000,35000.0,1,0,0,0,0,1,0,1,0,0,1
3547,Mahindra Scorpio BSIV,2019.0,1000000,10000.0,1,0,1,0,0,0,0,1,0,0,1
3548,Renault KWID RXT,2016.0,300000,60000.0,1,0,0,0,0,1,0,1,0,0,1
3549,Mahindra Scorpio LX,2013.0,450000,120000.0,1,0,1,0,0,0,0,1,0,0,1
3550,Maruti Esteem AX,1997.0,79000,70000.0,1,0,0,0,0,1,0,1,0,1,0
3551,Ford Figo 1.5D Trend MT,2017.0,545000,40000.0,1,0,1,0,0,0,0,1,0,0,1
3552,Honda Amaze V Diesel BSIV,2018.0,844999,20000.0,1,0,1,0,0,0,0,1,0,0,1
3553,Skoda Rapid 1.5 TDI Ambition,2016.0,700000,93000.0,1,0,1,0,0,0,0,1,0,0,1
3554,Toyota Etios VD,2016.0,650000,159000.0,1,0,1,0,0,0,0,1,0,0,1
3555,Ford Ecosport 1.5 DV5 MT Titanium,2014.0,525000,75000.0,2,0,1,0,0,0,0,1,0,0,1
3556,Ford Fiesta Classic 1.4 SXI Duratorq,2006.0,110000,101100.0,3,0,1,0,0,0,0,1,0,0,1
3557,Tata Indica Vista Aqua 1.3 Quadrajet BSIV,2011.0,180000,66000.0,1,0,1,0,0,0,0,1,0,0,1
3558,Hyundai i10 Era,2012.0,280000,30000.0,2,0,0,0,0,1,0,1,0,0,1
3559,Renault KWID 1.0 RXT Optional,2019.0,400000,10000.0,1,0,0,0,0,1,0,1,0,0,1
3560,Mahindra XUV500 W8 4WD,2012.0,625000,126000.0,2,0,1,0,0,0,0,1,0,0,1
3561,Volkswagen Vento 1.5 TDI Highline,2015.0,535000,70000.0,1,0,1,0,0,0,0,1,0,0,1
3562,Maruti Swift VDI Optional,2017.0,459999,50000.0,1,0,1,0,0,0,0,1,0,0,1
3563,Mahindra Bolero DI,2010.0,300000,100000.0,1,0,1,0,0,0,0,1,0,0,1
3564,Honda Civic 1.8 V AT,2007.0,280000,60000.0,1,0,0,0,0,1,0,1,0,1,0
3565,Honda Mobilio V i VTEC,2014.0,500000,70000.0,1,0,0,0,0,1,0,1,0,0,1
3566,Hyundai Creta 1.6 SX,2019.0,1200000,1200.0,1,0,0,0,0,1,0,1,0,0,1
3567,Renault KWID RXT,2016.0,300000,40000.0,1,0,0,0,0,1,0,1,0,0,1
3569,Hyundai i10 Sportz AT,2011.0,180000,134444.0,2,0,0,0,0,1,0,1,0,1,0
3570,Maruti Alto LXi,2009.0,78000,120000.0,2,0,0,0,0,1,0,1,0,0,1
3571,Nissan Micra Diesel XV Premium,2011.0,160000,120000.0,1,0,1,0,0,0,0,1,0,0,1
3572,Mahindra Scorpio VLX 2WD AIRBAG BSIV,2014.0,600000,238000.0,1,0,1,0,0,0,0,1,0,0,1
3573,Maruti Wagon R LXI Minor,2008.0,110000,100000.0,2,0,0,0,0,1,0,1,0,0,1
3574,Mahindra Bolero SLX 4WD BSIII,2011.0,450000,110000.0,2,0,1,0,0,0,0,1,0,0,1
3575,Mahindra Scorpio S9 BSIV,2019.0,1350000,35000.0,1,0,1,0,0,0,0,1,0,0,1
3576,Honda City 1.3 DX,2003.0,120000,165000.0,2,0,0,0,0,1,0,1,0,0,1
3577,Honda BR-V i-DTEC VX MT,2018.0,1040000,42000.0,1,0,1,0,0,0,0,1,0,0,1
3578,Hyundai Grand i10 CRDi Sportz,2014.0,390000,70000.0,2,0,1,0,0,0,0,1,0,0,1
3579,Tata Nano Lx BSIII,2011.0,65000,60000.0,2,0,0,0,0,1,0,1,0,0,1
3580,Volkswagen Polo Diesel Highline 1.2L,2013.0,320000,115000.0,3,0,1,0,0,0,0,1,0,0,1
3581,Volkswagen Ameo 1.5 TDI Highline,2017.0,720000,70000.0,1,0,1,0,0,0,0,1,0,0,1
3582,Maruti Swift ZXI ABS,2007.0,220000,80000.0,2,0,0,0,0,1,0,1,0,0,1
3583,Maruti Wagon R LXI BS IV,2011.0,225000,65000.0,1,0,1,0,0,0,1,0,0,0,1
3584,Tata Manza Aura (ABS) Quadrajet BS IV,2010.0,200000,150000.0,2,0,1,0,0,0,0,1,0,0,1
3585,Toyota Etios GD,2015.0,434999,75000.0,2,0,1,0,0,0,1,0,0,0,1
3586,Ford Figo Diesel Titanium,2012.0,300000,63700.0,1,0,1,0,0,0,0,1,0,0,1
3587,Honda Amaze VX i-DTEC,2018.0,700000,74800.0,1,0,1,0,0,0,0,1,0,0,1
3588,Ford Endeavour 2.5L 4X2 MT,2009.0,500000,105000.0,1,0,1,0,0,0,0,1,0,0,1
3589,Renault Duster 85PS Diesel RxE,2016.0,500000,40000.0,1,0,1,0,0,0,0,1,0,0,1
3590,Maruti Ritz LDi,2016.0,400000,90000.0,2,0,1,0,0,0,0,1,0,0,1
3591,Toyota Corolla Altis D-4D J,2015.0,825000,75000.0,2,0,1,0,0,0,1,0,0,0,1
3592,Maruti Swift Dzire VDI,2018.0,720000,60000.0,1,0,1,0,0,0,0,1,0,0,1
3593,Maruti 800 AC Uniq,2009.0,110000,30000.0,2,0,0,0,0,1,0,1,0,0,1
3594,Mahindra Scorpio VLX 2WD AIRBAG BSIV,2014.0,600000,100000.0,2,0,1,0,0,0,0,1,0,0,1
3595,Mahindra Scorpio VLX 2WD AT BSIV,2009.0,275000,155000.0,3,0,1,0,0,0,0,1,0,1,0
3596,Land Rover Range Rover Evoque 2.2L Dynamic,2012.0,2349000,149000.0,2,0,1,0,0,0,0,1,0,1,0
3597,Hyundai i20 1.4 Sportz,2017.0,740000,60000.0,1,0,1,0,0,0,0,1,0,0,1
3598,Maruti Baleno Alpha 1.3,2017.0,800000,90000.0,1,0,1,0,0,0,0,1,0,0,1
3599,Hyundai Verna CRDi 1.6 SX Option,2019.0,1100000,100000.0,1,0,1,0,0,0,0,1,0,0,1
3600,BMW X1 sDrive20d,2012.0,750000,60000.0,2,0,1,0,0,0,0,1,0,1,0
3601,Maruti Alto K10 2010-2014 VXI,2012.0,200000,90000.0,1,0,0,0,0,1,0,1,0,0,1
3602,Tata Spacio SA 6 Seater,2009.0,210000,75000.0,1,0,1,0,0,0,0,1,0,0,1
3603,Maruti Swift VDI BSIV,2009.0,270000,120000.0,2,0,1,0,0,0,0,1,0,0,1
3604,Toyota Etios 1.4 VXD,2016.0,630000,90000.0,2,0,1,0,0,0,0,1,0,0,1
3605,Hyundai Xcent 1.2 Kappa S,2015.0,375000,55000.0,1,0,0,0,0,1,0,1,0,0,1
3606,Mahindra Xylo D2,2010.0,300000,70000.0,1,0,1,0,0,0,0,1,0,0,1
3607,Mahindra Bolero Power Plus SLX,2016.0,580000,95000.0,2,0,1,0,0,0,0,1,0,0,1
3608,Hyundai Verna 1.4 CRDi,2014.0,550000,50000.0,1,0,1,0,0,0,0,1,0,0,1
3609,Maruti Ciaz ZDi Plus SHVS,2016.0,750000,50000.0,1,0,1,0,0,0,0,1,0,0,1
3610,Maruti Omni E MPI STD BS IV,2014.0,250000,60516.0,1,0,0,0,0,1,0,1,0,0,1
3611,Hyundai Verna 1.6 SX,2012.0,434999,235000.0,2,0,1,0,0,0,0,1,0,0,1
3612,Mercedes-Benz E-Class 280 CDI,2007.0,900000,76731.0,1,0,1,0,0,0,1,0,0,1,0
3613,Maruti Swift ZDI,2016.0,685000,64000.0,1,0,1,0,0,0,1,0,0,0,1
3614,Maruti Swift VDI BSIV,2014.0,540000,65000.0,1,0,1,0,0,0,1,0,0,0,1
3615,Honda City i-VTEC CVT ZX,2018.0,1165000,13000.0,0,0,0,0,0,1,1,0,0,1,0
3616,Ford Ecosport 1.5 DV5 MT Titanium Optional,2014.0,610000,77000.0,1,0,1,0,0,0,1,0,0,0,1
3617,Hyundai EON Era,2011.0,254999,24000.0,1,0,0,0,0,1,1,0,0,0,1
3618,Nissan Micra Active XV,2014.0,280000,63840.0,1,0,0,0,0,1,1,0,0,0,1
3619,Tata Tiago 1.2 Revotron XT,2017.0,370000,25000.0,1,0,0,0,0,1,0,1,0,0,1
3620,Tata New Safari DICOR 2.2 EX 4x2,2011.0,459999,76400.0,2,0,1,0,0,0,0,1,0,0,1
3621,Maruti Zen LX,1998.0,42000,70000.0,3,0,0,0,0,1,0,1,0,0,1
3623,Fiat Linea Active (Diesel),2011.0,190000,80000.0,3,0,1,0,0,0,0,1,0,0,1
3624,Fiat Punto 1.4 Emotion,2010.0,165000,60000.0,4,0,0,0,0,1,0,1,0,0,1
3625,Ford EcoSport 1.5 Diesel Trend Plus BSIV,2017.0,710000,40000.0,1,0,1,0,0,0,0,1,0,0,1
3626,Hyundai Creta 1.6 SX Option,2018.0,1200000,15000.0,1,0,0,0,0,1,0,1,0,0,1
3627,Maruti Zen Estilo LXI BS IV,2011.0,229999,70000.0,1,0,0,0,0,1,0,1,0,0,1
3628,Renault KWID RXT,2018.0,310000,15000.0,1,0,0,0,0,1,0,1,0,0,1
3629,Maruti Wagon R VXI BS IV,2015.0,320000,40000.0,1,0,0,0,0,1,0,1,0,0,1
3630,Maruti 800 AC,2006.0,100000,54000.0,1,0,0,0,0,1,0,1,0,0,1
3631,Hyundai Verna CRDi,2009.0,160000,90000.0,1,0,1,0,0,0,0,1,0,0,1
3632,Maruti 800 AC BSIII,2007.0,60000,52000.0,1,0,0,0,0,1,0,1,0,0,1
3633,Tata Indigo LS,2012.0,100000,200000.0,3,0,1,0,0,0,0,1,0,0,1
3634,Chevrolet Beat Diesel LT,2016.0,350000,35000.0,2,0,1,0,0,0,0,1,0,0,1
3635,Renault Duster 110PS Diesel RxZ AWD,2017.0,700000,60000.0,1,0,1,0,0,0,0,1,0,0,1
3636,Maruti Alto K10 VXI,2017.0,300000,31489.0,1,0,0,0,0,1,0,1,0,0,1
3637,Hyundai i20 1.4 Asta Option,2018.0,830000,40000.0,1,0,1,0,0,0,0,1,0,0,1
3646,Toyota Innova 2.5 G (Diesel) 8 Seater BS IV,2006.0,229999,300000.0,1,0,1,0,0,0,0,1,0,0,1
3647,Hyundai Verna Transform VTVT,2010.0,229999,70000.0,1,0,0,0,0,1,0,1,0,0,1
3648,Hyundai i20 Magna Optional 1.4 CRDi,2013.0,400000,100000.0,1,0,1,0,0,0,0,1,0,0,1
3649,Maruti Gypsy King Hard Top Ambulance BSIV,2005.0,300000,70000.0,2,0,0,0,0,1,0,1,0,0,1
3650,Ford Figo Diesel Celebration Edition,2013.0,300000,50000.0,1,0,1,0,0,0,0,1,0,0,1
3651,Ford Fiesta 1.4 SXi TDCi,2009.0,80000,180000.0,2,0,1,0,0,0,0,1,0,0,1
3652,Maruti 800 AC,2008.0,80000,50000.0,2,0,0,0,0,1,0,1,0,0,1
3653,Maruti Esteem Vxi,2007.0,100000,90000.0,2,0,0,0,0,1,0,1,0,0,1
3654,Tata Indica Vista Quadrajet LS,2012.0,300000,110000.0,1,0,1,0,0,0,0,1,0,0,1
3655,Maruti Baleno Zeta Automatic,2018.0,700000,26000.0,1,0,0,0,0,1,0,1,0,1,0
3656,Maruti Vitara Brezza ZDi Plus,2016.0,975000,65000.0,1,0,1,0,0,0,0,1,0,0,1
3657,Chevrolet Captiva LT,2009.0,500000,130000.0,1,0,1,0,0,0,0,1,0,0,1
3658,Renault Duster 85PS Diesel RxL Optional,2013.0,550000,75000.0,2,0,1,0,0,0,0,1,0,0,1
3659,Nissan Terrano XV Premium 110 PS,2014.0,550000,110000.0,2,0,1,0,0,0,0,1,0,0,1
3660,Maruti Alto K10 2010-2014 VXI,2014.0,240000,50000.0,1,0,0,0,0,1,0,1,0,0,1
3661,Maruti 800 Std,1997.0,50000,80000.0,2,0,0,0,0,1,0,1,0,0,1
3662,Tata Indica Vista Aura 1.2 Safire,2009.0,120000,80000.0,2,0,0,0,0,1,0,1,0,0,1
3663,Maruti Alto 800 LXI,2013.0,900000,60000.0,2,0,0,0,0,1,0,1,0,0,1
3664,Honda City 1.5 V MT,2009.0,250000,60000.0,2,0,0,0,0,1,0,1,0,0,1
3665,Renault KWID 1.0 RXT Optional,2017.0,280000,36000.0,1,0,0,0,0,1,0,1,0,0,1
3666,Tata Indica Vista Terra Quadrajet 1.3L BS IV,2010.0,85000,87000.0,1,0,1,0,0,0,0,1,0,0,1
3667,Tata Indica Vista Terra 1.4 TDI,2011.0,90000,80000.0,1,0,1,0,0,0,0,1,0,0,1
3668,Chevrolet Enjoy TCDi LT 8 Seater,2015.0,500000,50000.0,1,0,1,0,0,0,0,1,0,0,1
3669,Maruti 800 Std,2013.0,200000,60000.0,1,0,0,0,0,1,0,1,0,0,1
3670,Renault KWID RXT,2015.0,250000,50000.0,1,0,0,0,0,1,0,1,0,0,1
3671,Maruti Swift Dzire VDI,2014.0,185000,40000.0,3,0,1,0,0,0,0,1,0,0,1
3672,Hyundai i10 Magna 1.1,2008.0,100000,60000.0,2,0,0,0,0,1,0,1,0,0,1
3673,Toyota Etios VXD,2015.0,610000,55000.0,1,0,1,0,0,0,0,1,0,0,1
3674,Mahindra Quanto C8,2012.0,290000,80000.0,1,0,1,0,0,0,0,1,0,0,1
3675,Mahindra Xylo E9,2012.0,300000,295000.0,1,0,1,0,0,0,0,1,0,0,1
3676,Hyundai EON Era Plus,2015.0,225000,80000.0,1,0,0,0,0,1,0,1,0,0,1
3677,Maruti Alto K10 VXI,2017.0,320000,50000.0,2,0,0,0,0,1,0,1,0,0,1
3678,Tata Indigo CR4,2012.0,135000,158000.0,3,0,1,0,0,0,0,1,0,0,1
3679,Toyota Innova 2.5 G (Diesel) 7 Seater BS IV,2006.0,400000,400000.0,3,0,1,0,0,0,0,1,0,0,1
3684,Tata Tiago 1.2 Revotron XZ,2018.0,360000,4000.0,1,0,0,0,0,1,0,1,0,0,1
3687,Nissan Sunny XL,2016.0,600000,19495.0,1,0,0,0,0,1,1,0,0,0,1
3688,Renault Duster 85PS Diesel RxL Plus,2013.0,570000,62668.0,1,0,1,0,0,0,1,0,0,0,1
3689,Mahindra XUV500 W6 2WD,2013.0,850000,85710.0,1,0,1,0,0,0,1,0,0,0,1
3690,Ford Figo Diesel EXI,2011.0,250000,55130.0,2,0,1,0,0,0,1,0,0,0,1
3691,Ford Ecosport 1.5 DV5 MT Titanium,2014.0,580000,63356.0,2,0,1,0,0,0,1,0,0,0,1
3692,Toyota Fortuner 3.0 Diesel,2012.0,1680000,129627.0,1,0,1,0,0,0,1,0,0,0,1
3693,Chevrolet Spark 1.0 LT,2010.0,180000,15000.0,1,0,0,0,0,1,0,1,0,0,1
3694,Tata Tiago 1.2 Revotron XE,2017.0,300000,50000.0,1,0,0,0,0,1,0,1,0,0,1
3695,Toyota Etios Liva VX,2012.0,269000,70000.0,2,0,0,0,0,1,0,1,0,0,1
3696,Maruti Alto K10 VXI,2014.0,231999,20000.0,1,0,0,0,0,1,0,1,0,0,1
3697,Chevrolet Beat LS,2011.0,150000,60000.0,3,0,0,0,0,1,0,1,0,0,1
3698,Hyundai Grand i10 Asta Option,2017.0,495000,5000.0,1,0,0,0,0,1,0,1,0,0,1
3699,Maruti Ciaz VXi,2014.0,700000,15000.0,1,0,0,0,0,1,0,1,0,0,1
3700,Datsun GO Plus T BSIV,2018.0,400000,4400.0,2,0,0,0,0,1,0,1,0,0,1
3701,Mahindra Xylo H4,2019.0,599000,15000.0,3,0,1,0,0,0,0,1,0,0,1
3702,Renault Duster 85PS Diesel RxL Optional,2013.0,421000,45000.0,1,0,1,0,0,0,0,1,0,0,1
3703,Ford EcoSport 1.5 Diesel Trend BSIV,2018.0,841000,1000.0,1,0,1,0,0,0,0,1,0,0,1
3704,Hyundai i10 Magna 1.1L,2014.0,295000,38500.0,1,0,0,0,0,1,0,1,0,0,1
3705,Hyundai i10 Sportz,2011.0,220000,25000.0,1,0,0,0,0,1,0,1,0,0,1
3706,Ford Classic 1.4 Duratorq LXI,2013.0,250000,35000.0,1,0,1,0,0,0,0,1,0,0,1
3707,Toyota Fortuner 3.0 Diesel,2009.0,1100000,110000.0,2,0,1,0,0,0,0,1,0,0,1
3708,Hyundai Verna 1.6 VTVT,2012.0,300000,40000.0,1,0,0,0,0,1,0,1,0,0,1
3709,Chevrolet Aveo U-VA 1.2,2007.0,80000,110000.0,2,0,0,0,0,1,0,1,0,0,1
3710,Chevrolet Beat Diesel LT,2013.0,215000,20000.0,3,0,1,0,0,0,0,1,0,0,1
3711,Hyundai EON Magna Plus,2012.0,245000,14987.0,1,0,0,0,0,1,1,0,0,0,1
3712,Ford EcoSport 1.5 TDCi Titanium BSIV,2016.0,650000,25061.0,1,0,1,0,0,0,1,0,0,0,1
3713,Ford Ecosport 1.5 Diesel Titanium,2017.0,760000,42494.0,1,0,1,0,0,0,1,0,0,0,1
3714,Honda Amaze S i-Dtech,2014.0,395000,44875.0,1,0,1,0,0,0,1,0,0,0,1
3715,Ford Figo Diesel EXI,2014.0,280000,89741.0,2,0,1,0,0,0,1,0,0,0,1
3716,Honda Jazz 1.5 S i DTEC,2016.0,495000,65000.0,1,0,1,0,0,0,1,0,0,0,1
3717,Honda Jazz 1.5 VX i DTEC,2016.0,525000,35000.0,1,0,1,0,0,0,1,0,0,0,1
3718,Toyota Innova 2.5 GX 8 STR BSIV,2009.0,420000,347089.0,1,0,1,0,0,0,1,0,0,0,1
3719,Tata New Safari DICOR 2.2 VX 4x2,2010.0,210000,34500.0,1,0,1,0,0,0,0,1,0,0,1
3720,Hyundai i20 Active 1.2 S,2018.0,650000,30000.0,1,0,0,0,0,1,0,1,0,0,1
3721,BMW 3 Series 320d Luxury Line,2018.0,2300000,39000.0,1,0,1,0,0,0,0,1,0,1,0
3722,Ford Freestyle Titanium Plus Diesel BSIV,2019.0,525000,16000.0,1,0,1,0,0,0,0,1,0,0,1
3723,Maruti Wagon R LXI CNG,2010.0,195000,80000.0,2,1,0,0,0,0,0,1,0,0,1
3724,Maruti Ertiga SHVS VDI,2016.0,650000,60000.0,1,0,1,0,0,0,0,1,0,0,1
3725,Mahindra TUV 300 T6 Plus,2015.0,540000,110000.0,1,0,1,0,0,0,0,1,0,0,1
3726,Maruti Alto 800 LXI,2014.0,180000,61000.0,1,0,0,0,0,1,0,1,0,0,1
3727,Mahindra Bolero Power Plus ZLX,2017.0,750000,60000.0,1,0,1,0,0,0,0,1,0,0,1
3728,Maruti Ertiga SHVS ZDI Plus,2018.0,980000,50000.0,1,0,1,0,0,0,0,1,0,0,1
3729,Fiat Grande Punto EVO 90HP 1.3 Sport,2014.0,250000,90000.0,1,0,1,0,0,0,0,1,0,0,1
3730,Hyundai Grand i10 1.2 Kappa Sportz AT,2018.0,550000,35000.0,1,0,0,0,0,1,0,1,0,1,0
3731,Volkswagen Vento 1.6 Highline,2015.0,509999,43000.0,2,0,0,0,0,1,0,1,0,0,1
3732,Maruti Alto K10 LXI,2017.0,320000,50000.0,1,0,0,0,0,1,0,1,0,0,1
3733,Hyundai EON D Lite,2016.0,275000,25000.0,1,0,0,0,0,1,0,1,0,0,1
3734,Mahindra XUV500 W8 2WD,2013.0,550000,222252.0,1,0,1,0,0,0,0,1,0,0,1
3735,Maruti Wagon R VXI Minor,2009.0,145000,50000.0,2,0,0,0,0,1,0,1,0,0,1
3736,Fiat Grande Punto Emotion 90Hp,2013.0,250000,80000.0,1,0,1,0,0,0,0,1,0,0,1
3737,Hyundai Verna 1.6 SX,2012.0,520000,35000.0,1,0,1,0,0,0,0,1,0,0,1
3738,Maruti Alto LXi,2007.0,95000,60000.0,2,0,0,0,0,1,0,1,0,0,1
3739,Toyota Innova 2.5 V Diesel 7-seater,2011.0,725000,110000.0,3,0,1,0,0,0,0,1,0,0,1
3740,Maruti 800 AC,2006.0,55000,70000.0,2,0,0,0,0,1,0,1,0,0,1
3741,Honda City i DTEC VX,2014.0,600000,100000.0,1,0,1,0,0,0,0,1,0,0,1
3742,Volkswagen Vento New Diesel Highline,2013.0,330000,120000.0,2,0,1,0,0,0,0,1,0,0,1
3743,Maruti Swift Dzire VDI,2015.0,470000,89000.0,1,0,1,0,0,0,0,1,0,0,1
3744,Maruti Swift ZDi,2013.0,365000,120000.0,1,0,1,0,0,0,0,1,0,0,1
3745,Hyundai EON Magna Plus,2013.0,250000,40000.0,2,0,0,0,0,1,0,1,0,0,1
3746,Maruti Wagon R VXI BS IV,2017.0,430000,17000.0,1,0,0,0,0,1,0,1,0,0,1
3747,Maruti Swift VDI,2013.0,400000,125000.0,2,0,1,0,0,0,0,1,0,0,1
3748,Maruti Swift Dzire ZXI,2015.0,615000,110000.0,2,0,0,0,0,1,0,1,0,0,1
3749,Ford Figo Diesel Titanium,2011.0,150000,120000.0,2,0,1,0,0,0,0,1,0,0,1
3750,Ford Figo Diesel ZXI,2014.0,240000,90000.0,1,0,1,0,0,0,0,1,0,0,1
3751,Mahindra Scorpio S10 7 Seater,2014.0,800000,90000.0,1,0,1,0,0,0,0,1,0,0,1
3752,Hyundai EON LPG Magna Plus,2015.0,240000,110000.0,1,0,0,0,1,0,0,1,0,0,1
3753,Ford Ecosport 1.5 DV5 MT Titanium,2014.0,600000,87000.0,2,0,1,0,0,0,0,1,0,0,1
3754,Mahindra Scorpio LX,2014.0,800000,15000.0,1,0,1,0,0,0,0,1,0,0,1
3756,Ford Fiesta Classic 1.6 Duratec CLXI,2012.0,350000,38000.0,1,0,0,0,0,1,0,1,0,0,1
3757,Honda City 1.5 V MT,2011.0,300000,64000.0,2,0,0,0,0,1,0,1,0,0,1
3758,Tata Sumo Gold EX BSIII,2015.0,399000,60000.0,1,0,1,0,0,0,0,1,0,0,1
3759,Mahindra Bolero DI,2011.0,300000,110000.0,1,0,1,0,0,0,0,1,0,0,1
3760,Maruti A-Star AT VXI,2012.0,150000,70000.0,1,0,0,0,0,1,0,1,0,1,0
3761,Chevrolet Cruze LTZ,2010.0,320000,60000.0,3,0,1,0,0,0,0,1,0,0,1
3762,Tata Hexa XM,2018.0,1280000,17000.0,1,0,1,0,0,0,0,1,0,0,1
3763,Renault KWID 1.0 RXT Optional,2017.0,300000,13000.0,2,0,0,0,0,1,0,1,0,0,1
3764,Nissan Terrano XL Plus ICC WT20 SE,2016.0,1000000,60000.0,1,0,1,0,0,0,0,1,0,0,1
3765,Mitsubishi Pajero Sport 4X4,2012.0,1090000,120000.0,2,0,1,0,0,0,0,1,0,0,1
3766,Tata New Safari DICOR 2.2 GX 4x2 BS IV,2012.0,450000,97000.0,1,0,1,0,0,0,0,1,0,0,1
3767,Tata Indica GLS BS IV,2007.0,60000,130000.0,2,0,0,0,0,1,0,1,0,0,1
3768,Maruti Swift Dzire ZXI,2013.0,500000,50000.0,1,0,0,0,0,1,0,1,0,0,1
3769,Tata Indigo CR4,2012.0,200000,120000.0,2,0,1,0,0,0,0,1,0,0,1
3771,Maruti Alto LXi,2006.0,60000,100000.0,2,0,0,0,0,1,0,1,0,0,1
3773,Hyundai Accent Executive CNG,2012.0,185000,67000.0,2,1,0,0,0,0,1,0,0,0,1
3774,Maruti Alto K10 VXI,2015.0,155000,60000.0,1,0,0,0,0,1,0,1,0,0,1
3775,Maruti Swift VXI,2019.0,600000,5000.0,1,0,0,0,0,1,0,1,0,0,1
3776,Renault KWID RXE,2016.0,300000,20000.0,1,0,0,0,0,1,0,1,0,0,1
3777,Hyundai Creta 1.6 E Plus,2018.0,850000,12500.0,1,0,0,0,0,1,0,1,0,0,1
3778,Maruti Eeco CNG 5 Seater AC BSIV,2019.0,470000,4000.0,1,1,0,0,0,0,0,1,0,0,1
3779,Ford Figo 1.2P Titanium MT,2019.0,600000,25000.0,1,0,0,0,0,1,0,1,0,0,1
3780,Toyota Innova 2.5 G (Diesel) 7 Seater,2013.0,700000,60000.0,2,0,1,0,0,0,0,1,0,0,1
3781,Maruti Wagon R LXI DUO BSIII,2007.0,70000,162000.0,1,0,0,0,1,0,0,1,0,0,1
3782,Toyota Fortuner 3.0 Diesel,2010.0,1250000,205000.0,2,0,1,0,0,0,0,1,0,0,1
3783,Audi A6 2.8 FSI,2008.0,650000,70000.0,3,0,0,0,0,1,0,1,0,1,0
3784,Hyundai Xcent 1.2 CRDi S,2018.0,450000,70000.0,2,0,1,0,0,0,0,1,0,0,1
3785,Mahindra XUV500 W8 2WD,2014.0,750000,100000.0,2,0,1,0,0,0,0,1,0,0,1
3786,Toyota Innova 2.5 G (Diesel) 7 Seater,2013.0,775000,70000.0,2,0,1,0,0,0,0,1,0,0,1
3787,Hyundai Santa Fe 4X4,2011.0,800000,220000.0,1,0,1,0,0,0,0,1,0,0,1
3788,Honda Amaze E i-Vtech,2015.0,360000,80000.0,2,0,0,0,0,1,0,1,0,0,1
3789,Toyota Corolla Altis Diesel D4DG,2010.0,250000,120000.0,1,0,1,0,0,0,0,1,0,0,1
3790,Jeep Compass 2.0 Longitude Option BSIV,2017.0,1490000,22038.0,1,0,1,0,0,0,0,1,0,0,1
3791,Nissan Terrano XL 110 PS,2013.0,600000,80000.0,1,0,1,0,0,0,0,1,0,0,1
3792,Maruti Alto LX,2010.0,120000,90000.0,1,0,0,0,0,1,0,1,0,0,1
3793,Tata New Safari DICOR 2.2 EX 4x2,2012.0,320000,140000.0,2,0,1,0,0,0,0,1,0,0,1
3794,Mahindra Thar 4X2,2011.0,400000,120000.0,2,0,1,0,0,0,0,1,0,0,1
3795,Maruti Swift Dzire ZDI,2015.0,302000,60000.0,1,0,1,0,0,0,0,1,0,0,1
3797,Maruti Swift Dzire LXI Option,2014.0,150000,60000.0,2,0,0,0,0,1,0,1,0,0,1
3798,Tata Indica Vista Aura Plus 1.3 Quadrajet,2012.0,200000,90000.0,2,0,1,0,0,0,0,1,0,0,1
3800,Maruti Swift Vdi BSIII,2008.0,120000,175000.0,2,0,1,0,0,0,0,1,0,0,1
3801,Mahindra XUV500 W7 BSIV,2019.0,1400000,10000.0,1,0,1,0,0,0,0,1,0,0,1
3802,Hyundai i20 1.2 Asta Option,2017.0,620000,65000.0,1,0,0,0,0,1,0,1,0,0,1
3803,Toyota Innova 2.5 GX 8 STR BSIV,2012.0,449000,90000.0,1,0,1,0,0,0,0,1,0,0,1
3804,Maruti Alto LXi,2007.0,100000,70000.0,1,0,0,0,0,1,0,1,0,0,1
3805,Hyundai Grand i10 1.2 Kappa Sportz BSIV,2018.0,600000,2500.0,1,0,0,0,0,1,0,1,0,0,1
3807,Chevrolet Beat Diesel LT,2012.0,250000,40000.0,1,0,1,0,0,0,0,1,0,0,1
3808,Maruti Baleno RS 1.0 Petrol,2018.0,550000,63000.0,1,0,0,0,0,1,0,1,0,0,1
3809,Skoda Superb Ambition 2.0 TDI CR AT,2013.0,675000,60000.0,1,0,1,0,0,0,1,0,0,1,0
3810,Nissan Terrano XL Plus 85 PS,2015.0,530000,60000.0,1,0,1,0,0,0,1,0,0,0,1
3813,Skoda Rapid 1.5 TDI Ambition,2014.0,360000,70000.0,1,0,1,0,0,0,0,1,0,0,1
3814,Skoda Superb LK 1.8 TSI AT,2012.0,650000,60000.0,1,0,0,0,0,1,1,0,0,1,0
3815,Ford Fiesta 1.5 TDCi Titanium,2012.0,199000,92000.0,3,0,1,0,0,0,1,0,0,0,1
3816,Mahindra Quanto C6,2014.0,285000,89126.0,1,0,1,0,0,0,0,1,0,0,1
3817,Volkswagen Jetta 1.9 TDI Comfortline DSG,2009.0,260000,134000.0,1,0,1,0,0,0,0,1,0,1,0
3818,Maruti Ciaz 1.4 AT Zeta,2019.0,869999,15000.0,1,0,0,0,0,1,1,0,0,1,0
3819,Hyundai Grand i10 1.2 CRDi Magna,2016.0,425000,42500.0,1,0,1,0,0,0,1,0,0,0,1
3820,Chevrolet Cruze LTZ AT,2012.0,490000,42000.0,1,0,1,0,0,0,1,0,0,1,0
3821,Mahindra XUV500 AT W8 FWD,2015.0,750000,60000.0,2,0,1,0,0,0,0,1,0,1,0
3822,Honda City 1.5 EXI,2004.0,125000,110000.0,3,0,0,0,0,1,0,1,0,0,1
3823,Fiat Linea 1.3 Emotion,2014.0,221000,131365.0,1,0,1,0,0,0,0,1,0,0,1
3824,Volkswagen Vento 1.5 TDI Highline AT,2016.0,724000,48980.0,1,0,1,0,0,0,1,0,0,1,0
3825,Honda Amaze VX AT i-Vtech,2014.0,440000,46000.0,1,0,0,0,0,1,1,0,0,1,0
3826,Chevrolet Spark 1.0 LS,2009.0,70000,60000.0,3,0,0,0,0,1,0,1,0,0,1
3827,Maruti Baleno Delta Diesel,2015.0,511000,60000.0,1,0,1,0,0,0,1,0,0,0,1
3828,Maruti S-Cross Alpha DDiS 200 SH,2016.0,790000,22000.0,1,0,1,0,0,0,1,0,0,0,1
3829,Hyundai i20 1.2 Asta Option,2017.0,640000,60000.0,1,0,0,0,0,1,0,1,0,0,1
3830,Hyundai Santro Xing GLS,2009.0,120000,70000.0,4,0,0,0,0,1,0,1,0,0,1
3831,Chevrolet Beat Diesel LT,2012.0,126000,98900.0,3,0,1,0,0,0,0,1,0,0,1
3832,Chevrolet Beat Diesel LT,2012.0,120000,125000.0,1,0,1,0,0,0,0,1,0,0,1
3833,Mahindra TUV 300 T4 Plus,2017.0,650000,60000.0,1,0,1,0,0,0,0,1,0,0,1
3834,Hyundai Grand i10 Asta,2014.0,450000,80000.0,2,0,0,0,0,1,0,1,0,0,1
3835,Maruti Zen Estilo LXI Green (CNG),2010.0,110000,80000.0,4,1,0,0,0,0,0,1,0,0,1
3836,Mahindra Bolero Power Plus Plus AC BSIV PS,2017.0,600000,60000.0,1,0,1,0,0,0,0,1,0,0,1
3837,Mahindra XUV500 W8 4WD,2012.0,620000,80000.0,2,0,1,0,0,0,0,1,0,0,1
3838,Ford Ecosport 1.5 DV5 MT Titanium,2014.0,600000,30000.0,1,0,1,0,0,0,0,1,0,0,1
3839,Mahindra Bolero Power Plus ZLX,2018.0,795000,35000.0,1,0,1,0,0,0,0,1,0,0,1
3840,Tata Winger Deluxe - Hi Roof (AC),2011.0,300000,180000.0,3,0,1,0,0,0,0,1,0,0,1
3841,Renault Lodgy 85PS RxL,2015.0,495000,60000.0,1,0,1,0,0,0,0,1,0,0,1
3844,Tata Hexa XTA,2018.0,1350000,34000.0,1,0,1,0,0,0,0,1,0,1,0
3845,Mahindra Xylo D4,2014.0,350000,145000.0,1,0,1,0,0,0,0,1,0,0,1
3846,Datsun RediGO AMT 1.0 S,2018.0,300000,60000.0,1,0,0,0,0,1,0,1,0,1,0
3850,Nissan Sunny XL D,2018.0,500000,70000.0,1,0,1,0,0,0,0,1,0,0,1
3851,Audi Q3 35 TDI Quattro Technology,2017.0,2575000,36000.0,1,0,1,0,0,0,1,0,0,1,0
3852,Honda Brio VX,2014.0,345000,58000.0,1,0,0,0,0,1,1,0,0,0,1
3853,Tata Indigo CR4,2013.0,220000,100000.0,1,0,1,0,0,0,0,1,0,0,1
3856,Maruti 800 AC,1999.0,50000,100000.0,2,0,0,0,0,1,0,1,0,0,1
3857,Honda Jazz Select Edition,2017.0,585000,14000.0,1,0,0,0,0,1,1,0,0,0,1
3859,Maruti Swift Dzire AMT VXI,2018.0,625000,13800.0,1,0,0,0,0,1,0,1,0,1,0
3860,Hyundai Creta 1.6 SX Automatic,2017.0,1035000,23000.0,1,0,0,0,0,1,1,0,0,1,0
3862,Mahindra Xylo D4,2017.0,600000,99700.0,1,0,1,0,0,0,0,1,0,0,1
3863,Toyota Fortuner 2.8 4WD AT BSIV,2019.0,3100000,5000.0,1,0,1,0,0,0,0,1,0,1,0
3864,Honda City i-DTEC SV,2014.0,650000,49654.0,1,0,1,0,0,0,1,0,0,0,1
3865,Hyundai Grand i10 Asta,2016.0,550000,45457.0,1,0,0,0,0,1,1,0,0,0,1
3866,Hyundai Creta 1.6 CRDi SX,2017.0,1260000,39221.0,1,0,1,0,0,0,1,0,0,0,1
3867,Hyundai i20 Sportz 1.2,2016.0,660000,48220.0,1,0,0,0,0,1,1,0,0,0,1
3868,Hyundai i20 Sportz 1.2,2017.0,700000,11114.0,1,0,0,0,0,1,1,0,0,0,1
3869,Hyundai Getz 1.5 CRDi GVS,2008.0,235000,60000.0,1,0,1,0,0,0,1,0,0,0,1
3870,Volkswagen Vento 1.5 TDI Highline,2013.0,475000,80000.0,1,0,1,0,0,0,1,0,0,0,1
3871,Mercedes-Benz E-Class 280 CDI Elegance,2008.0,795000,98600.0,1,0,1,0,0,0,1,0,0,1,0
3872,Audi RS7 2015-2019 Sportback Performance,2016.0,8900000,13000.0,1,0,0,0,0,1,1,0,0,1,0
3873,Audi Q5 3.0 TDI Quattro Technology,2015.0,3200000,30000.0,1,0,1,0,0,0,1,0,0,1,0
3874,MG Hector Smart AT,2019.0,1860000,18000.0,1,0,0,0,0,1,1,0,0,1,0
3875,Land Rover Range Rover 4.4 Diesel LWB Vogue SE,2010.0,4200000,100000.0,1,0,1,0,0,0,1,0,0,1,0
3876,Honda City VX CVT,2015.0,850000,58000.0,1,0,0,0,0,1,1,0,0,1,0
3877,Mahindra Xylo D4,2017.0,585000,85441.0,1,0,1,0,0,0,1,0,0,0,1
3878,Mahindra Verito 1.5 D4 BSIV,2015.0,380000,64541.0,1,0,1,0,0,0,1,0,0,0,1
3879,Maruti Swift Dzire VDI,2019.0,650000,35000.0,1,0,1,0,0,0,0,1,0,0,1
3880,Maruti Swift ZXI Plus,2018.0,600000,30000.0,1,0,0,0,0,1,0,1,0,0,1
3881,Nissan Micra Active XV,2017.0,434999,16267.0,1,0,0,0,0,1,1,0,0,0,1
3882,Volkswagen Vento 1.5 TDI Highline,2013.0,525000,71500.0,1,0,1,0,0,0,1,0,0,0,1
3883,BMW 5 Series 520d Luxury Line,2019.0,4800000,60000.0,1,0,1,0,0,0,1,0,0,1,0
3884,Chevrolet Aveo U-VA 1.2 LS,2008.0,160000,80000.0,1,0,0,0,0,1,0,1,0,0,1
3885,Maruti Zen Estilo 1.1 LXI BSIII,2007.0,160000,90000.0,2,0,0,0,0,1,0,1,0,0,1
3888,Hyundai Creta 1.6 VTVT S,2017.0,900000,14700.0,1,0,0,0,0,1,0,1,0,0,1
3889,Maruti Alto LX,2000.0,61000,90000.0,2,0,0,0,0,1,0,1,0,0,1
3890,Maruti Wagon R LXI BS IV,2017.0,400000,50000.0,1,0,0,0,0,1,0,1,0,0,1
3891,Hyundai Santro Xing XS,2009.0,150000,100000.0,2,0,0,0,0,1,0,1,0,0,1
3892,Volkswagen Polo GT 1.0 TSI,2019.0,950000,24000.0,1,0,0,0,0,1,0,1,0,1,0
3894,Hyundai Getz GLX,2007.0,110000,90000.0,1,0,0,0,0,1,0,1,0,0,1
3895,Tata Bolt Revotron XM,2015.0,375000,30000.0,1,0,0,0,0,1,0,1,0,0,1
3896,Datsun GO Plus T Option,2017.0,350000,80000.0,1,0,0,0,0,1,0,1,0,0,1
3897,Hyundai i20 Magna 1.4 CRDi (Diesel),2012.0,310000,92686.0,2,0,1,0,0,0,1,0,0,0,1
3898,Tata Indica GLS BS IV,2010.0,90000,300000.0,3,0,0,0,0,1,0,1,0,0,1
3899,Volkswagen Vento Petrol Highline,2011.0,350000,90000.0,2,0,0,0,0,1,0,1,0,0,1
3900,Hyundai Santro LS zipPlus,2003.0,100000,60000.0,1,0,0,0,0,1,0,1,0,0,1
3901,Mahindra XUV500 AT W6 2WD,2017.0,1300000,40000.0,1,0,1,0,0,0,0,1,0,1,0
3908,Hyundai EON Era Plus Sports Edition,2014.0,280000,55000.0,1,0,0,0,0,1,0,1,0,0,1
3909,Hyundai EON Magna Plus,2018.0,360000,6000.0,1,0,0,0,0,1,0,1,0,0,1
3910,Maruti Alto LXi,2011.0,150000,40000.0,2,0,0,0,0,1,0,1,0,0,1
3911,Skoda Rapid 1.6 MPI AT Ambition BSIV,2017.0,900000,15000.0,1,0,0,0,0,1,0,1,0,1,0
3912,Ambassador CLASSIC 1500 DSL AC,2005.0,120000,50000.0,2,0,1,0,0,0,0,1,0,0,1
3913,Fiat Linea T Jet Emotion,2010.0,215000,90000.0,2,0,0,0,0,1,0,1,0,0,1
3914,Renault Scala Diesel RxL,2013.0,550000,38500.0,1,0,1,0,0,0,0,1,0,0,1
3915,Tata Nexon 1.2 Revotron XZ Plus Dual Tone,2018.0,775000,35000.0,1,0,0,0,0,1,0,1,0,0,1
3916,Maruti Gypsy King HT BSIV,2001.0,409999,49359.0,3,0,0,0,0,1,0,1,0,0,1
3917,Maruti 800 AC Uniq,2005.0,65000,70000.0,2,0,0,0,0,1,0,1,0,0,1
3918,Maruti Wagon R LXI Minor,2008.0,200000,90000.0,2,0,0,0,0,1,0,1,0,0,1
3919,Maruti Wagon R VXI BS IV,2010.0,240000,50000.0,2,0,0,0,0,1,0,1,0,0,1
3920,Toyota Innova 2.5 VX 8 STR,2012.0,800000,108731.0,1,0,1,0,0,0,0,1,0,0,1
3921,Toyota Innova 2.5 EV Diesel MS 7 Str BSIII,2010.0,400000,120000.0,1,0,1,0,0,0,0,1,0,0,1
3922,Tata Sumo Gold EX BSIII,2016.0,500000,60000.0,1,0,1,0,0,0,0,1,0,0,1
3923,Mahindra Renault Logan 1.5 DLX Diesel,2007.0,150000,90000.0,3,0,1,0,0,0,0,1,0,0,1
3924,Toyota Etios GD,2014.0,500000,140000.0,2,0,1,0,0,0,0,1,0,0,1
3925,Hyundai EON Magna Plus,2014.0,320000,80000.0,1,0,0,0,0,1,0,1,0,0,1
3926,Nissan Micra Diesel XV,2013.0,300000,90000.0,1,0,1,0,0,0,0,1,0,0,1
3928,Maruti Alto 800 LXI,2018.0,285000,14000.0,1,0,0,0,0,1,0,1,0,0,1
3929,Tata Aria Pleasure 4x2,2012.0,360000,70000.0,2,0,1,0,0,0,0,1,0,0,1
3930,Honda Accord 2.4 MT,2009.0,450000,55000.0,2,0,0,0,0,1,0,1,0,0,1
3931,Maruti Alto LXi,2011.0,175000,60000.0,3,0,0,0,0,1,0,1,0,0,1
3932,Chevrolet Cruze LT,2011.0,350000,74000.0,2,0,1,0,0,0,0,1,0,0,1
3933,Ford Figo Aspire 1.5 TDCi Titanium,2020.0,530000,45000.0,1,0,1,0,0,0,1,0,0,0,1
3934,Honda City i-DTEC ZX,2017.0,1025000,38000.0,1,0,1,0,0,0,1,0,0,0,1
3935,Honda BR-V i-DTEC VX MT,2017.0,950000,24000.0,1,0,1,0,0,0,1,0,0,0,1
3936,Honda WR-V i-VTEC VX,2017.0,725000,29976.0,1,0,0,0,0,1,1,0,0,0,1
3937,Honda City i VTEC VX,2017.0,919999,41000.0,1,0,0,0,0,1,1,0,0,0,1
3938,Honda Jazz 1.5 V i DTEC,2018.0,700000,15000.0,1,0,1,0,0,0,1,0,0,0,1
3939,Honda Jazz 1.5 VX i DTEC,2017.0,725000,36000.0,1,0,1,0,0,0,1,0,0,0,1
3940,Honda BR-V i-VTEC VX MT,2017.0,840000,30646.0,1,0,0,0,0,1,1,0,0,0,1
3941,Maruti Wagon R VXI BS IV,2015.0,365000,23600.0,1,0,0,0,0,1,1,0,0,0,1
3942,Honda City i DTEC SV,2014.0,665000,71318.0,1,0,1,0,0,0,1,0,0,0,1
3943,Maruti 800 Std,2003.0,50000,78098.0,1,0,0,0,0,1,0,1,0,0,1
3944,Hyundai EON Era Plus,2014.0,225000,30000.0,1,0,1,0,0,0,0,1,0,0,1
3945,Hyundai i10 Era,2012.0,229999,45000.0,2,0,0,0,0,1,0,1,0,0,1
3946,Hyundai Santro Xing GL,2008.0,145000,67000.0,1,0,0,0,0,1,0,1,0,0,1
3947,Ford Figo Aspire Facelift,2018.0,624000,60000.0,1,0,1,0,0,0,1,0,0,0,1
3949,Ford EcoSport 1.5 Ti VCT MT Titanium BSIV,2017.0,750000,18054.0,1,0,0,0,0,1,1,0,0,0,1
3950,Honda City i DTEC VX,2015.0,785000,40000.0,1,0,1,0,0,0,0,1,0,0,1
3951,Hyundai i10 Sportz,2011.0,225000,30000.0,1,0,0,0,0,1,0,1,0,0,1
3952,Hyundai Xcent 1.1 CRDi Base,2017.0,300000,80000.0,1,0,1,0,0,0,0,1,0,0,1
3953,Hyundai i20 Asta 1.4 CRDi,2016.0,680000,20000.0,1,0,1,0,0,0,0,1,0,0,1
3954,Mahindra TUV 300 T8,2016.0,700000,40000.0,1,0,1,0,0,0,0,1,0,0,1
3955,Tata Indigo CS eLS BS IV,2011.0,180000,120000.0,1,0,1,0,0,0,0,1,0,0,1
3956,Ford Fiesta 1.4 SXi TDCi ABS,2008.0,270000,120000.0,2,0,1,0,0,0,0,1,0,0,1
3957,Maruti Swift Dzire VXi,2010.0,370000,97000.0,2,0,0,0,0,1,0,1,0,0,1
3958,Mahindra Xylo H8 ABS with Airbags,2018.0,1100000,70000.0,1,0,1,0,0,0,0,1,0,0,1
3959,Hyundai Accent CRDi,2004.0,120000,120000.0,2,0,1,0,0,0,0,1,0,0,1
3960,Skoda Rapid 1.6 TDI PRESTIGE,2013.0,430000,88000.0,2,0,1,0,0,0,0,1,0,0,1
3961,Maruti Swift ZDi,2014.0,550000,38406.0,1,0,1,0,0,0,1,0,0,0,1
3962,Hyundai Santro Xing GLS,2014.0,320000,54350.0,1,0,0,0,0,1,1,0,0,0,1
3963,Maruti Wagon R VXI BS IV,2015.0,390000,32260.0,1,0,0,0,0,1,1,0,0,0,1
3964,Renault Duster 85PS Diesel RxE,2014.0,550000,58231.0,1,0,1,0,0,0,1,0,0,0,1
3965,Maruti Swift VXI,2012.0,370000,59858.0,1,0,0,0,0,1,1,0,0,0,1
3966,Maruti Alto LXi BSIII,2010.0,190000,73350.0,1,0,0,0,0,1,1,0,0,0,1
3967,Renault Duster 110PS Diesel RxZ,2013.0,509999,60000.0,1,0,1,0,0,0,1,0,0,0,1
3968,Honda City S,2013.0,450000,96987.0,1,0,0,0,0,1,1,0,0,0,1
3969,Mercedes-Benz GLS 2016-2020 350d 4MATIC,2016.0,5500000,77350.0,1,0,1,0,0,0,1,0,0,1,0
3970,Maruti Swift Dzire VDI,2015.0,550000,61187.0,1,0,1,0,0,0,1,0,0,0,1
3971,Mahindra Xylo E6,2009.0,400000,68350.0,1,0,1,0,0,0,1,0,0,0,1
3972,Ford EcoSport 1.5 TDCi Titanium BSIV,2015.0,585000,81150.0,1,0,1,0,0,0,1,0,0,0,1
3973,Hyundai Grand i10 1.2 Kappa Asta,2019.0,500000,60000.0,1,0,0,0,0,1,0,1,0,0,1
3974,Maruti Ciaz ZXi,2015.0,800000,30000.0,1,0,0,0,0,1,0,1,0,0,1
3975,Maruti Swift Vdi BSIII,2009.0,265000,120000.0,2,0,1,0,0,0,0,1,0,0,1
3976,Ford Figo Diesel Titanium,2012.0,175000,180000.0,1,0,1,0,0,0,0,1,0,0,1
3977,Fiat Palio 1.2 Sport,2007.0,125000,50000.0,2,0,0,0,0,1,0,1,0,0,1
3978,Tata Manza Aqua Quadrajet BS IV,2010.0,165000,60000.0,1,0,1,0,0,0,0,1,0,0,1
3979,Mahindra Verito 1.5 D2 BSIII,2011.0,150000,280000.0,1,0,1,0,0,0,0,1,0,0,1
3980,Hyundai Creta 1.6 CRDi SX Option,2015.0,1025000,90000.0,2,0,1,0,0,0,0,1,0,0,1
3981,Toyota Innova 2.5 VX (Diesel) 8 Seater,2014.0,1030000,250000.0,2,0,1,0,0,0,0,1,0,0,1
3982,Chevrolet Cruze LT,2012.0,380000,90000.0,4,0,1,0,0,0,0,1,0,0,1
3983,Maruti Swift Dzire LDi,2010.0,250000,110000.0,3,0,1,0,0,0,0,1,0,0,1
3984,Maruti Zen LX,2000.0,85000,80000.0,2,0,0,0,0,1,0,1,0,0,1
3985,Fiat Punto EVO 1.3 Dynamic,2016.0,500000,35000.0,1,0,1,0,0,0,0,1,0,0,1
3986,Hyundai EON Era Plus,2018.0,350000,15000.0,1,0,0,0,0,1,0,1,0,0,1
3987,Maruti Alto LXi BSIII,2010.0,190000,52000.0,2,0,0,0,0,1,0,1,0,0,1
3988,Volkswagen Jetta 1.9 TDI Trendline,2009.0,940000,140000.0,1,0,1,0,0,0,0,1,0,0,1
3989,Maruti Swift VXI,2013.0,475000,60000.0,2,0,0,0,0,1,0,1,0,0,1
3990,Maruti Alto 800 LXI,2018.0,300000,17000.0,1,0,0,0,0,1,0,1,0,0,1
3991,Chevrolet Beat LS,2016.0,250000,70000.0,3,0,0,0,0,1,0,1,0,0,1
3992,Maruti Zen LX,2001.0,93000,97000.0,4,0,0,0,0,1,0,1,0,0,1
3993,Ford Figo Diesel ZXI,2012.0,290000,125000.0,2,0,1,0,0,0,0,1,0,0,1
3994,Tata Indica GLS BS IV,2010.0,75000,300000.0,3,0,0,0,0,1,0,1,0,0,1
3995,Mahindra XUV500 W8 2WD,2015.0,1000000,120000.0,2,0,1,0,0,0,0,1,0,0,1
3996,Hyundai i20 Asta 1.4 CRDi,2015.0,550000,87000.0,1,0,1,0,0,0,0,1,0,0,1
3997,Fiat Punto 1.3 Emotion,2010.0,285000,75000.0,3,0,1,0,0,0,0,1,0,0,1
4002,Hyundai i20 Active 1.2 SX,2016.0,650000,60000.0,1,0,0,0,0,1,0,1,0,0,1
4003,Chevrolet Sail 1.2 Base,2015.0,260000,60000.0,1,0,0,0,0,1,0,1,0,0,1
4005,Tata New Safari 4X2,2007.0,550000,60000.0,2,0,1,0,0,0,0,1,0,0,1
4017,Fiat Linea T Jet Emotion,2010.0,215000,60000.0,2,0,0,0,0,1,0,1,0,0,1
4026,Maruti Wagon R VXI BSIII,2012.0,229999,40000.0,2,0,0,0,0,1,0,1,0,0,1
4027,Ford Ecosport 1.5 DV5 MT Titanium,2014.0,580000,120000.0,1,0,1,0,0,0,0,1,0,0,1
4028,Toyota Corolla H2,2005.0,175000,100000.0,4,0,0,0,0,1,0,1,0,0,1
4029,Maruti Ritz VDi,2012.0,250000,110000.0,4,0,1,0,0,0,0,1,0,0,1
4030,Hyundai EON Magna Plus,2014.0,320000,60000.0,1,0,0,0,0,1,0,1,0,0,1
4036,Maruti Zen LX - BS III,2006.0,70000,105700.0,1,0,0,0,0,1,0,1,0,0,1
4037,Maruti Celerio VXI Optional,2017.0,430999,14000.0,1,0,0,0,0,1,1,0,0,0,1
4038,Chevrolet Spark 1.0,2010.0,80000,70000.0,1,0,0,0,0,1,0,1,0,0,1
4039,Maruti Alto 800 LXI Optional,2019.0,335000,28000.0,1,0,0,0,0,1,1,0,0,0,1
4040,Maruti Eeco 7 Seater Standard BSIV,2017.0,350000,51000.0,1,0,0,0,0,1,1,0,0,0,1
4041,Maruti Alto 800 LXI Opt BSIV,2018.0,315000,56000.0,1,0,0,0,0,1,1,0,0,0,1
4042,Volkswagen Vento 1.5 TDI Highline Plus AT BSIV,2019.0,1100000,35000.0,1,0,1,0,0,0,0,1,0,1,0
4043,Maruti Esteem Lxi - BSIII,2005.0,80000,24000.0,1,0,0,0,0,1,0,1,0,0,1
4044,Maruti Alto K10 VXI Optional,2014.0,285000,64000.0,2,0,0,0,0,1,1,0,0,0,1
4045,Tata Indigo TDI,2009.0,100000,120000.0,3,0,1,0,0,0,0,1,0,0,1
4046,Maruti Alto LXi,2011.0,225000,37091.0,1,0,0,0,0,1,0,1,0,0,1
4047,Volvo XC 90 D5 Inscription BSIV,2017.0,4500000,80000.0,1,0,1,0,0,0,0,1,0,1,0
4048,Maruti Alto K10 VXI,2018.0,320000,38900.0,3,0,0,0,0,1,0,1,0,0,1
4049,Hyundai Creta 1.6 CRDi SX Plus,2016.0,1249000,60000.0,3,0,1,0,0,0,0,1,0,0,1
4050,Maruti Wagon R LXI Minor,2008.0,120000,110000.0,3,0,0,0,0,1,0,1,0,0,1
4051,Volkswagen Vento Diesel Trendline,2011.0,200000,100000.0,2,0,1,0,0,0,0,1,0,0,1
4052,Hyundai Creta 1.6 CRDi SX,2016.0,1151000,85000.0,1,0,1,0,0,0,0,1,0,0,1
4053,Tata Indica Vista Quadrajet LS,2012.0,120000,140000.0,1,0,1,0,0,0,0,1,0,0,1
4054,Renault KWID RXT,2017.0,220000,20000.0,1,0,0,0,0,1,0,1,0,0,1
4056,Mahindra TUV 300 T10 Dual Tone,2018.0,784000,40000.0,1,0,1,0,0,0,0,1,0,0,1
4057,Honda Jazz 1.2 S i VTEC,2017.0,500000,50000.0,1,0,0,0,0,1,0,1,0,0,1
4058,Hyundai EON Era Plus,2018.0,350000,20000.0,1,0,1,0,0,0,0,1,0,0,1
4059,Mahindra XUV500 W7 AT BSIV,2018.0,1400000,50000.0,1,0,1,0,0,0,0,1,0,1,0
4060,Mahindra Thar CRDe AC,2014.0,600000,100000.0,2,0,1,0,0,0,0,1,0,0,1
4061,Hyundai Grand i10 1.2 Kappa Magna BSIV,2019.0,525000,9400.0,1,0,0,0,0,1,0,1,0,0,1
4062,Ford EcoSport 1.5 Diesel Titanium Plus BSIV,2017.0,930000,12000.0,1,0,1,0,0,0,0,1,0,0,1
4063,Maruti Eeco 5 STR With AC Plus HTR CNG,2017.0,440000,14100.0,1,1,0,0,0,0,1,0,0,0,1
4064,Maruti Celerio ZXI,2016.0,434999,21000.0,1,0,0,0,0,1,1,0,0,0,1
4065,Hyundai i10 Magna,2011.0,250000,28000.0,1,0,0,0,0,1,1,0,0,0,1
4066,Maruti Ertiga SHVS ZDI Plus,2017.0,940000,35000.0,1,0,1,0,0,0,1,0,0,0,1
4067,Hyundai Verna 1.6 CRDi AT SX,2017.0,1050000,31000.0,1,0,1,0,0,0,1,0,0,1,0
4068,Maruti Ertiga SHVS ZDI,2016.0,825000,58000.0,1,0,1,0,0,0,1,0,0,0,1
4069,Maruti Wagon R VXI Minor,2012.0,229999,25000.0,1,0,0,0,0,1,0,1,0,0,1
4070,Hyundai i20 1.2 Asta,2011.0,375000,72000.0,1,0,0,0,0,1,1,0,0,0,1
4071,Maruti Ertiga ZDI,2013.0,640000,89000.0,1,0,1,0,0,0,1,0,0,0,1
4072,Toyota Innova 2.5 V Diesel 8-seater,2012.0,800000,160000.0,1,0,1,0,0,0,1,0,0,0,1
4073,Ford Figo Petrol ZXI,2012.0,130000,30000.0,3,0,0,0,0,1,0,1,0,0,1
4074,Hyundai i10 Sportz 1.1L,2014.0,300000,37555.0,1,0,0,0,0,1,1,0,0,0,1
4075,Maruti Wagon R VXI BS IV,2018.0,440000,14000.0,1,0,0,0,0,1,1,0,0,0,1
4076,Maruti Ertiga VXI CNG,2014.0,595000,56600.0,1,1,0,0,0,0,1,0,0,0,1
4077,Mahindra Scorpio EX,2013.0,450000,110000.0,1,0,1,0,0,0,0,1,0,0,1
4078,Maruti Vitara Brezza VDi Option,2017.0,690000,50000.0,1,0,1,0,0,0,0,1,0,0,1
4079,Maruti Alto 800 VXI,2019.0,300000,5000.0,1,0,0,0,0,1,0,1,0,0,1
4080,Chevrolet Sail 1.2 Base,2014.0,170000,100000.0,2,0,0,0,0,1,0,1,0,0,1
4081,Toyota Etios Liva GD SP,2012.0,280000,120000.0,1,0,1,0,0,0,0,1,0,0,1
4082,Maruti Swift VXI BSIII,2009.0,220000,67580.0,2,0,0,0,0,1,0,1,0,0,1
4083,Hyundai Santro Xing GLS,2009.0,140000,100000.0,3,0,0,0,0,1,0,1,0,0,1
4084,Maruti Esteem Lxi,2004.0,45000,60000.0,1,0,0,0,0,1,0,1,0,0,1
4085,Ford Figo Diesel Titanium,2014.0,200000,125000.0,2,0,1,0,0,0,0,1,0,0,1
4086,Mahindra Scorpio 2.6 Turbo 7 Str,2008.0,325000,120000.0,2,0,1,0,0,0,0,1,0,0,1
4087,Hyundai Verna CRDi SX,2010.0,300000,130000.0,2,0,1,0,0,0,0,1,0,0,1
4088,Maruti 800 AC,2009.0,120000,250000.0,2,0,0,0,0,1,0,1,0,0,1
4092,Mahindra Verito Vibe 1.5 dCi D6,2015.0,280000,40000.0,1,0,1,0,0,0,0,1,0,0,1
4093,Nissan Sunny XL D,2013.0,225000,78000.0,1,0,1,0,0,0,1,0,0,0,1
4094,Ford EcoSport 1.5 Petrol Titanium Plus AT BSIV,2015.0,750000,48238.0,1,0,0,0,0,1,0,0,1,1,0
4095,Hyundai i20 1.2 Magna Executive,2016.0,535000,38365.0,1,0,0,0,0,1,1,0,0,0,1
4096,Mahindra XUV500 W10 1.99 mHawk,2016.0,1250000,23670.0,1,0,1,0,0,0,0,0,1,0,1
4097,Maruti Baleno Zeta 1.2,2017.0,650000,49834.0,1,0,0,0,0,1,0,0,1,0,1
4098,Honda Brio S MT,2013.0,295000,57353.0,1,0,0,0,0,1,0,0,1,0,1
4099,Maruti Swift DDiS VDI,2015.0,480000,68308.0,1,0,1,0,0,0,0,0,1,0,1
4100,Honda City i DTEC SV,2015.0,575000,63240.0,1,0,1,0,0,0,0,0,1,0,1
4102,Maruti Alto LXi,2008.0,69000,100000.0,1,0,0,0,0,1,0,1,0,0,1
4105,Tata Harrier XE,2020.0,426000,1000.0,1,0,1,0,0,0,0,1,0,0,1
4106,Ford Ecosport 1.5 Petrol Ambiente,2017.0,650000,6000.0,1,0,1,0,0,0,0,1,0,0,1
4108,Mahindra Bolero Power Plus Plus AC BSIV PS,2015.0,295000,90000.0,3,0,1,0,0,0,0,1,0,0,1
4109,Maruti Eeco 5 Seater AC BSIV,2017.0,260000,30000.0,1,0,0,0,0,1,1,0,0,0,1
4128,Maruti Swift 1.3 VXi,2009.0,199000,52536.0,1,0,0,0,0,1,0,1,0,0,1
4129,Mahindra Xylo E4,2011.0,330000,100000.0,2,0,1,0,0,0,0,1,0,0,1
4130,Maruti Ritz VXI,2009.0,150000,80000.0,1,0,0,0,0,1,0,1,0,0,1
4131,Hyundai Creta 1.6 CRDi SX,2016.0,927999,90000.0,1,0,1,0,0,0,0,1,0,0,1
4132,Maruti Zen LXI,2003.0,70000,60000.0,4,0,0,0,0,1,0,1,0,0,1
4133,Hyundai Xcent 1.2 CRDi SX,2015.0,399000,55000.0,1,0,1,0,0,0,1,0,0,0,1
4134,Maruti Swift VDI Optional,2015.0,350000,90000.0,1,0,1,0,0,0,0,1,0,0,1
4135,Mahindra Scorpio 2.6 CRDe,2006.0,125000,50000.0,2,0,1,0,0,0,0,1,0,0,1
4136,Hyundai Santro Xing XS,2008.0,150000,60000.0,1,0,0,0,0,1,0,1,0,0,1
4137,Hyundai EON Era Plus,2015.0,250000,25000.0,1,0,0,0,0,1,0,1,0,0,1
4138,Hyundai Verna 1.6 SX CRDi (O),2014.0,675000,61000.0,1,0,1,0,0,0,1,0,0,0,1
4139,Maruti S-Cross Alpha DDiS 200 SH,2018.0,950000,30000.0,1,0,1,0,0,0,0,1,0,0,1
4140,Maruti Eeco 5 STR With AC Plus HTR CNG,2018.0,409999,45000.0,1,1,0,0,0,0,0,1,0,0,1
4141,Fiat Linea Emotion (Diesel),2011.0,225000,60000.0,1,0,1,0,0,0,0,1,0,0,1
4142,Honda Civic 1.8 V MT,2008.0,350000,75000.0,2,0,0,0,0,1,0,1,0,0,1
4143,Tata Indica LSI,2005.0,51111,140000.0,3,0,0,0,0,1,0,1,0,0,1
4144,Chevrolet Sail 1.3 LS,2013.0,290000,56000.0,1,0,1,0,0,0,1,0,0,0,1
4145,Toyota Camry Hybrid,2006.0,310000,62000.0,2,0,0,1,0,0,1,0,0,1,0
4146,Hyundai Verna CRDi SX,2007.0,212000,58000.0,2,0,1,0,0,0,1,0,0,0,1
4147,Skoda Octavia Elegance 2.0 TDI AT,2013.0,900000,49000.0,2,0,1,0,0,0,1,0,0,1,0
4148,Chevrolet Beat Diesel LT,2011.0,221000,56000.0,2,0,1,0,0,0,1,0,0,0,1
4149,Toyota Innova 2.5 G (Diesel) 7 Seater,2013.0,675000,73000.0,1,0,1,0,0,0,1,0,0,0,1
4150,Honda Amaze S i-Dtech,2014.0,421000,60000.0,1,0,1,0,0,0,1,0,0,0,1
4151,Maruti SX4 Zxi BSIII,2008.0,350000,10000.0,1,0,0,0,0,1,0,1,0,0,1
4152,Hyundai Accent Executive CNG,2010.0,140000,110000.0,1,1,0,0,0,0,0,1,0,0,1
4153,Skoda Octavia Ambiente 1.9 TDI MT,2002.0,90000,60000.0,2,0,1,0,0,0,0,1,0,0,1
4154,Honda City Edge Edition Diesel SV,2018.0,830000,40000.0,1,0,1,0,0,0,0,1,0,0,1
4155,Maruti Wagon R LXI Minor,2009.0,180000,30000.0,1,0,0,0,0,1,0,1,0,0,1
4156,Maruti Swift Vdi BSIII,2009.0,210000,109000.0,2,0,1,0,0,0,0,1,0,0,1
4157,Maruti SX4 S Cross DDiS 320 Zeta,2017.0,700000,90000.0,1,0,1,0,0,0,0,1,0,0,1
4159,Tata Indigo LX,2012.0,125000,120000.0,1,0,1,0,0,0,0,1,0,0,1
4160,Hyundai Verna 1.6 VTVT S,2017.0,530000,64916.0,1,0,0,0,0,1,0,1,0,0,1
4161,Ford Ecosport 1.5 DV5 MT Trend,2018.0,800000,37161.0,1,0,1,0,0,0,1,0,0,0,1
4162,Maruti Baleno Zeta 1.2,2016.0,580000,15000.0,1,0,0,0,0,1,0,1,0,0,1
4163,Audi Q3 2.0 TDI Quattro Premium Plus,2012.0,1400000,118000.0,2,0,1,0,0,0,0,1,0,1,0
4164,Renault KWID 1.0 RXL,2018.0,300000,50852.0,1,0,0,0,0,1,0,1,0,0,1
4165,Renault KWID RXT Optional,2016.0,300000,30000.0,1,0,0,0,0,1,0,1,0,0,1
4166,Maruti Ciaz ZDi SHVS,2015.0,700000,77000.0,1,0,1,0,0,0,0,1,0,0,1
4167,Nissan Sunny XL,2012.0,250000,60000.0,3,0,0,0,0,1,0,1,0,0,1
4168,Chevrolet Tavera Neo 3 9 Str BSIII,2016.0,500000,120000.0,1,0,1,0,0,0,0,1,0,0,1
4169,Honda Accord 2.4 AT,2009.0,428000,40000.0,3,0,0,0,0,1,0,1,0,1,0
4170,Tata Harrier XZ BSIV,2019.0,1400000,33000.0,1,0,1,0,0,0,0,1,0,0,1
4171,Hyundai EON Era Plus,2013.0,219000,53500.0,3,0,0,0,0,1,0,1,0,0,1
4172,Maruti Ertiga SHVS LDI,2017.0,500000,40000.0,1,0,1,0,0,0,0,1,0,0,1
4193,Honda City 1.5 S MT,2010.0,409999,60000.0,1,0,0,0,0,1,0,1,0,0,1
4194,Tata Tigor 1.2 Revotron XZ Option,2018.0,570000,5000.0,1,0,0,0,0,1,0,1,0,0,1
4195,Maruti SX4 Zxi BSIII,2007.0,160000,80000.0,3,0,0,0,0,1,0,1,0,0,1
4196,Maruti Ciaz ZDi Plus SHVS,2017.0,749000,51500.0,2,0,1,0,0,0,0,1,0,0,1
4197,Maruti Swift Dzire VDi,2010.0,300000,120000.0,3,0,1,0,0,0,0,1,0,0,1
4198,Ford EcoSport 1.5 Diesel Titanium Plus BSIV,2014.0,550000,79800.0,1,0,1,0,0,0,1,0,0,0,1
4199,Ford EcoSport 1.5 Diesel Titanium Plus BSIV,2015.0,550000,97000.0,2,0,1,0,0,0,1,0,0,0,1
4200,Ford Ecosport 1.5 Diesel Titanium Plus,2019.0,1250000,6590.0,1,0,1,0,0,0,1,0,0,0,1
4201,Ford Figo Aspire 1.5 TDCi Titanium,2017.0,700000,49957.0,1,0,1,0,0,0,1,0,0,0,1
4202,Ford Figo 1.5 Sports Edition MT,2017.0,600000,43235.0,1,0,1,0,0,0,1,0,0,0,1
4203,Ford EcoSport 1.5 TDCi Titanium Plus BE BSIV,2018.0,925000,50699.0,1,0,1,0,0,0,1,0,0,0,1
4204,Ford Endeavour 3.2 Titanium AT 4X4,2016.0,1800000,126000.0,1,0,1,0,0,0,1,0,0,1,0
4205,Ford Figo Aspire 1.5 TDCi Titanium Plus,2015.0,459999,140730.0,2,0,1,0,0,0,1,0,0,0,1
4206,Hyundai i20 Active 1.2 SX,2015.0,565000,46000.0,1,0,0,0,0,1,0,1,0,0,1
4207,Hyundai EON Era Plus,2013.0,170000,80000.0,3,0,0,0,0,1,0,1,0,0,1
4208,Toyota Qualis FS B3,2001.0,150000,256000.0,1,0,1,0,0,0,1,0,0,0,1
4209,Mahindra Scorpio VLX 2WD BSIII,2008.0,295000,120000.0,1,0,1,0,0,0,0,1,0,0,1
4210,Hyundai i20 Active 1.4 SX,2018.0,819999,40000.0,1,0,1,0,0,0,0,1,0,0,1
4211,Hyundai Elite i20 Diesel Asta Option,2019.0,819999,40000.0,1,0,1,0,0,0,0,1,0,0,1
4212,Maruti Ritz VXi,2015.0,320000,40000.0,1,0,0,0,0,1,0,1,0,0,1
4213,Ford Ecosport 1.5 DV5 MT Titanium,2015.0,550000,135000.0,2,0,1,0,0,0,0,1,0,0,1
4214,Mahindra Bolero 2011-2019 SLX,2015.0,550000,50000.0,1,0,1,0,0,0,0,1,0,0,1
4215,Volkswagen Ameo 1.5 TDI Comfortline,2017.0,590000,98000.0,1,0,1,0,0,0,0,1,0,0,1
4217,Honda City i DTec V,2017.0,950000,50000.0,1,0,1,0,0,0,0,1,0,0,1
4218,Honda City i-DTEC VX,2017.0,1000000,30000.0,1,0,1,0,0,0,0,1,0,0,1
4219,Nissan Terrano XE 85 PS,2013.0,500000,120000.0,1,0,1,0,0,0,0,1,0,0,1
4220,Fiat Punto EVO 1.3 Emotion,2017.0,450000,70000.0,1,0,1,0,0,0,0,1,0,0,1
4221,Maruti Swift Dzire VDI Optional,2017.0,720000,35000.0,1,0,1,0,0,0,0,1,0,0,1
4222,Maruti Celerio VDi,2015.0,390000,70000.0,2,0,1,0,0,0,0,1,0,0,1
4223,Mahindra Thar 4X2,2014.0,500000,35000.0,1,0,1,0,0,0,0,1,0,0,1
4224,Toyota Fortuner 2.7 2WD AT,2016.0,2500000,70000.0,2,0,0,0,0,1,0,1,0,1,0
4225,Hyundai i20 1.4 Asta Option,2017.0,780000,50000.0,1,0,1,0,0,0,0,1,0,0,1
4226,Maruti Swift Dzire ZDI,2015.0,484999,90000.0,2,0,1,0,0,0,0,1,0,0,1
4227,Volkswagen Vento Diesel Highline,2012.0,420000,90000.0,2,0,1,0,0,0,0,1,0,0,1
4228,Mahindra XUV500 W10 AWD,2015.0,1225000,70000.0,1,0,1,0,0,0,0,1,0,0,1
4229,Tata Indica Vista TDI LX,2015.0,350000,50000.0,2,0,1,0,0,0,0,1,0,0,1
4230,Mahindra Verito 1.5 D4 BSIV,2015.0,350000,120000.0,3,0,1,0,0,0,0,1,0,0,1
4231,Toyota Innova 2.5 G (Diesel) 8 Seater BS IV,2011.0,800000,60000.0,1,0,1,0,0,0,0,1,0,0,1
4232,Hyundai Santro Xing XG AT,2004.0,125000,70000.0,2,0,0,0,0,1,0,1,0,1,0
4233,Tata Indica V2 DLS BSII,2010.0,75000,60000.0,3,0,1,0,0,0,0,1,0,0,1
4234,Mahindra KUV 100 G80 K4 Plus,2018.0,509999,15000.0,1,0,0,0,0,1,0,1,0,0,1
4235,Tata Indigo Classic Dicor,2014.0,215000,80000.0,3,0,1,0,0,0,0,1,0,0,1
4244,Hyundai i20 1.4 Sportz,2017.0,680000,60000.0,1,0,1,0,0,0,0,1,0,0,1
4245,Maruti Swift Dzire VDI,2014.0,480000,101000.0,1,0,1,0,0,0,1,0,0,0,1
4246,Maruti Swift VDI,2016.0,630000,55000.0,1,0,1,0,0,0,1,0,0,0,1
4247,Honda City 1.5 GXI,2007.0,190000,115000.0,2,0,0,0,0,1,1,0,0,0,1
4248,Maruti Swift VDI,2015.0,500000,100000.0,1,0,1,0,0,0,1,0,0,0,1
4249,Volkswagen Jetta 2.0L TDI Comfortline,2014.0,850000,52000.0,2,0,1,0,0,0,1,0,0,0,1
4250,Maruti SX4 ZDI,2011.0,350000,105000.0,1,0,1,0,0,0,1,0,0,0,1
4251,Renault Duster 85PS Diesel RxE,2013.0,425000,170000.0,1,0,1,0,0,0,1,0,0,0,1
4252,Maruti Swift VDI BSIV,2015.0,495000,105000.0,1,0,1,0,0,0,1,0,0,0,1
4253,Maruti Ertiga SHVS VDI,2017.0,890000,60000.0,2,0,1,0,0,0,0,1,0,0,1
4254,Hyundai Verna CRDi 1.6 AT EX,2018.0,1100000,25000.0,2,0,1,0,0,0,0,1,0,1,0
4255,Mahindra XUV500 W8 2WD,2014.0,650000,218000.0,2,0,1,0,0,0,0,1,0,0,1
4261,Tata Sumo GX TC 7 Str BSIII,2006.0,115999,100000.0,1,0,1,0,0,0,0,1,0,0,1
4263,Honda Jazz S,2014.0,300000,50000.0,1,0,0,0,0,1,0,1,0,0,1
4267,Honda City 1.5 GXI,2014.0,190000,115000.0,2,0,0,0,0,1,1,0,0,0,1
4268,Maruti Swift VDI,2015.0,500000,100000.0,1,0,1,0,0,0,0,1,0,0,1
4276,Ford Fiesta 1.6 ZXi Duratec,2009.0,233000,58000.0,3,0,0,0,0,1,0,1,0,0,1
4277,Tata Indigo CS LS (TDI) BS-III,2015.0,300000,110000.0,2,0,1,0,0,0,0,1,0,0,1
4278,Honda Amaze S Petrol BSIV,2020.0,614000,1000.0,1,0,0,0,0,1,0,1,0,0,1
4279,Hyundai i10 Sportz 1.2,2010.0,250000,100000.0,2,0,0,0,0,1,0,1,0,0,1
4280,Hyundai i10 Sportz 1.2,2010.0,250000,110000.0,2,0,0,0,0,1,0,1,0,0,1
4281,Maruti Alto LXi,2011.0,200000,40000.0,1,0,0,0,0,1,0,1,0,0,1
4282,Maruti Wagon R LX Minor,2013.0,290000,52000.0,1,0,0,0,0,1,0,1,0,0,1
4283,Maruti Wagon R LXI BS IV,2013.0,320000,80000.0,2,0,0,0,0,1,0,1,0,0,1
4284,Hyundai Santro Xing XS eRLX Euro III,2006.0,145000,52000.0,2,0,0,0,0,1,0,1,0,0,1
4285,Maruti Alto LXI,2005.0,100000,124000.0,2,0,0,0,0,1,0,1,0,0,1
4286,Fiat Punto 1.3 Emotion,2010.0,130000,210000.0,2,0,1,0,0,0,0,1,0,0,1
4287,Hyundai Santro AT,2006.0,145000,66000.0,2,0,0,0,0,1,0,1,0,1,0
4288,Maruti Alto LX BSIII,2008.0,110000,120000.0,3,0,0,0,0,1,0,1,0,0,1
4289,Maruti Swift Dzire VDI,2019.0,680000,40000.0,1,0,1,0,0,0,0,1,0,0,1
4290,Maruti 800 Std,2004.0,37500,90000.0,2,0,0,0,0,1,0,1,0,0,1
4291,Maruti Ritz VDi,2011.0,200000,120000.0,2,0,1,0,0,0,0,1,0,0,1
4295,Mahindra Scorpio S10 7 Seater,2015.0,630000,50000.0,1,0,1,0,0,0,0,1,0,0,1
4302,BMW 7 Series 730Ld,2006.0,1050000,30000.0,1,0,1,0,0,0,1,0,0,1,0
4308,Maruti Alto 800 LXI,2018.0,200000,60000.0,1,0,0,0,0,1,0,1,0,0,1
4312,Maruti Ertiga 1.5 VDI,2019.0,1000000,15000.0,1,0,1,0,0,0,0,1,0,0,1
4313,Ford Endeavour 2.2 Titanium AT 4X2,2019.0,2800000,10000.0,1,0,1,0,0,0,0,1,0,1,0
4314,Maruti Swift Dzire VDI,2015.0,470000,170000.0,1,0,1,0,0,0,0,1,0,0,1
4315,Maruti Celerio ZXI,2017.0,415000,20000.0,1,0,0,0,0,1,0,1,0,0,1
4316,Nissan Terrano XL 85 PS,2014.0,500000,82000.0,1,0,1,0,0,0,0,1,0,0,1
4317,Chevrolet Spark 1.0 LT BS3,2013.0,150000,60000.0,2,0,0,0,0,1,0,1,0,0,1
4318,Maruti Alto STD,2005.0,95000,60000.0,2,0,0,0,0,1,0,1,0,0,1
4319,Maruti Swift LDI,2012.0,400000,70000.0,1,0,1,0,0,0,0,1,0,0,1
4320,Maruti Alto LX,2008.0,114999,66782.0,2,0,0,0,0,1,0,1,0,0,1
4321,Maruti Alto LX,2006.0,75000,130000.0,1,0,0,0,0,1,0,1,0,0,1
4322,Hyundai Verna 1.6 SX CRDi (O),2013.0,500000,120000.0,1,0,1,0,0,0,0,1,0,0,1
4323,Maruti 800 AC,2014.0,195000,75000.0,2,0,1,0,0,0,0,1,0,0,1
4324,Maruti Alto 800 Base,2015.0,155000,40000.0,1,0,0,0,0,1,0,1,0,0,1
4325,Maruti Alto LXi,2000.0,65000,90000.0,2,0,0,0,0,1,0,1,0,0,1
4326,Honda City 1.5 GXI,2005.0,65000,150000.0,3,0,0,0,0,1,0,1,0,0,1
4327,Tata Nano XM,2015.0,190000,60000.0,2,0,0,0,0,1,0,1,0,0,1
4328,Mahindra Verito 1.5 D6 BSIII,2012.0,200000,112198.0,2,0,1,0,0,0,0,1,0,0,1
4329,Tata Manza Aura Safire BS IV,2010.0,160000,60000.0,2,0,0,0,0,1,0,1,0,0,1
4330,Tata Indica Vista Aqua 1.4 TDI,2010.0,150000,130000.0,2,0,1,0,0,0,0,1,0,0,1
4331,Ford EcoSport 1.5 TDCi Titanium BSIV,2015.0,530000,175000.0,3,0,1,0,0,0,0,1,0,0,1
4332,Mahindra Scorpio S2 7 Seater,2015.0,750000,120000.0,1,0,1,0,0,0,0,1,0,0,1
4333,Maruti Ritz VDi,2012.0,225000,90000.0,1,0,1,0,0,0,0,1,0,0,1
4334,Toyota Innova 2.5 VX (Diesel) 8 Seater BS IV,2012.0,600000,170000.0,1,0,1,0,0,0,0,1,0,0,1
4335,Hyundai i20 Magna 1.4 CRDi (Diesel),2014.0,409999,80000.0,2,0,1,0,0,0,0,1,0,0,1
4336,Hyundai i20 Magna 1.4 CRDi,2014.0,409999,80000.0,2,0,1,0,0,0,0,1,0,0,1
4337,Maruti 800 AC BSIII,2009.0,110000,83000.0,2,0,0,0,0,1,0,1,0,0,1
4338,Hyundai Creta 1.6 CRDi SX Option,2016.0,865000,90000.0,1,0,1,0,0,0,0,1,0,0,1
4339,Renault KWID RXT,2016.0,225000,40000.0,1,0,0,0,0,1,0,1,0,0,1
